municipio,seccion,transp_asap,total_presupuestario_vig,total_presupuestario_dev,gastos_en_personal_dev,bienes_de_uso_dev,servicios_no_personales_dev,bienes_de_consumo_dev,transferencias_dev,servicio_de_la_deuda_dev,ing_corr,gto_corr,ahorro_corr,rec_cap,gto_cap,ing_tot,gto_tot,res_fin,fuentes,aplicaciones,pct_personal,pct_obra,pct_deuda,tasa_ahorro,res_fin_sobre_ingresos
La Matanza,3,100,628640.0,536978.0,98487.0,58471.0,233761.0,24680.0,99675.0,10928.0,647039.0,445215.0,201824.0,1070.0,71698.0,648109.0,516913.0,131196.0,27508.0,158704.0,18.34,10.89,2.04,31.19,20.24
La Plata,8,100,506622.0,475655.0,91791.0,113187.0,205008.0,36190.0,6626.0,18603.0,411903.0,343123.0,68780.0,68.0,113929.0,411970.0,457052.0,-45082.0,,,19.3,23.8,3.91,16.7,-10.94
Tigre,1,75,445847.0,400156.0,121733.0,45572.0,172718.0,36919.0,9760.0,12604.0,372582.0,332238.0,40344.0,13260.0,55314.0,385841.0,387552.0,-1711.0,33833.0,32122.0,30.42,11.39,3.15,10.83,-0.44
Malvinas Argentinas,1,100,425844.0,378963.0,79032.0,49355.0,125351.0,67895.0,7775.0,6352.0,328852.0,266068.0,62784.0,1105.0,63341.0,329956.0,329409.0,,49007.0,49555.0,20.85,13.02,1.68,19.09,
General Pueyrredon,,,361125.0,367863.0,176486.0,2653.0,95673.0,5760.0,1753.0,19172.0,330784.0,336113.0,-5330.0,3060.0,8017.0,333844.0,344131.0,-10287.0,34019.0,23732.0,47.98,0.72,5.21,-1.61,-3.08
Quilmes,3,30,398318.0,325770.0,125183.0,49154.0,74217.0,19264.0,49348.0,8604.0,306363.0,267673.0,38690.0,0.0,49493.0,306363.0,317167.0,-10804.0,26715.0,15911.0,38.43,15.09,2.64,12.63,-3.53
San Isidro,1,100,326167.0,324304.0,111590.0,57816.0,110491.0,22096.0,7243.0,14898.0,301155.0,251404.0,49751.0,2030.0,57832.0,303185.0,309236.0,-6051.0,21119.0,15068.0,34.41,17.83,4.59,16.52,-2.0
Vicente Lopez,1,100,317354.0,318824.0,156183.0,23586.0,97417.0,20837.0,7168.0,12613.0,293649.0,279878.0,13771.0,0.0,25312.0,293649.0,305190.0,-11541.0,25175.0,13634.0,48.99,7.4,3.96,4.69,-3.93
Moreno,1,90,354229.0,303972.0,103883.0,18202.0,71573.0,30622.0,53522.0,11685.0,257160.0,252927.0,4233.0,,,270830.0,290470.0,-19640.0,33143.0,13502.0,34.18,5.99,3.84,1.65,-7.25
Bahia Blanca,,,291871.0,280651.0,88081.0,18629.0,79117.0,6475.0,26017.0,2859.0,268169.0,251859.0,16309.0,13539.0,25940.0,281708.0,277800.0,3909.0,14086.0,,31.38,6.64,1.02,6.08,1.39
San Martin,,,310554.0,276003.0,150299.0,4040.0,88067.0,17040.0,9108.0,6930.0,275719.0,260023.0,15696.0,4.0,8531.0,275724.0,268554.0,7170.0,,11025.0,54.46,1.46,2.51,5.69,2.6
Escobar,1,30,290495.0,263646.0,86368.0,14384.0,118921.0,17649.0,18061.0,7934.0,253135.0,240650.0,12485.0,,15069.0,259197.0,255718.0,3479.0,,,32.76,5.46,3.01,4.93,1.34
Lanus,,,265054.0,250087.0,71776.0,21458.0,100467.0,10030.0,31812.0,14072.0,230108.0,209106.0,21002.0,2386.0,26909.0,232494.0,236014.0,-3520.0,17593.0,,28.7,8.58,5.63,9.13,-1.51
Moron,,,177028.0,202116.0,109892.0,3353.0,55904.0,11320.0,12539.0,8276.0,178294.0,189159.0,-10864.0,2231.0,5002.0,180525.0,194160.0,-13635.0,21591.0,7956.0,54.37,1.66,4.09,-6.09,-7.55
Florencio Varela,3,30,197868.0,169995.0,75998.0,18050.0,46682.0,11621.0,1888.0,5526.0,153258.0,135265.0,17993.0,1534.0,18974.0,154793.0,154240.0,553.0,15203.0,,44.71,10.62,3.25,11.74,0.36
Jose C Paz,,,175908.0,159166.0,67299.0,19991.0,20857.0,24843.0,24944.0,895.0,142296.0,138069.0,4227.0,,20197.0,146386.0,158265.0,,12780.0,901.0,42.28,12.56,0.56,2.97,
Berazategui,3,60,185139.0,153106.0,66808.0,14487.0,42442.0,19682.0,3755.0,5929.0,154787.0,130578.0,24209.0,945.0,16638.0,155732.0,147216.0,8517.0,5483.0,13999.0,43.64,9.46,3.87,15.64,5.47
Tres de Febrero,1,100,171457.0,150745.0,41274.0,15393.0,67407.0,5859.0,14677.0,5628.0,153578.0,129215.0,24363.0,652.0,15397.0,154229.0,144612.0,9617.0,8673.0,,27.38,10.21,3.73,15.86,6.24
San Fernando,1,5,184386.0,148932.0,50287.0,10229.0,49096.0,22740.0,8818.0,,175611.0,125176.0,50435.0,942.0,16383.0,176554.0,141558.0,34995.0,6593.0,,33.77,6.87,,28.72,19.82
Ezeiza,3,30,126306.0,130747.0,35443.0,7521.0,35901.0,22069.0,28636.0,1178.0,120713.0,112943.0,7770.0,5047.0,16626.0,125761.0,129569.0,-3809.0,,1178.0,27.11,5.75,0.9,6.44,-3.03
Olavarria,,,118267.0,122169.0,63030.0,4867.0,33242.0,9057.0,6622.0,5106.0,109762.0,107236.0,2526.0,1547.0,9827.0,111310.0,117064.0,-5754.0,,,51.59,3.98,4.18,2.3,-5.17
Tandil,5,100,118567.0,121267.0,40985.0,8755.0,12782.0,3364.0,7935.0,3322.0,103438.0,106601.0,-3163.0,9780.0,11181.0,113218.0,117782.0,-4564.0,8049.0,,33.8,7.22,2.74,-3.06,-4.03
Lujan,,,112328.0,107439.0,39142.0,18892.0,31851.0,4220.0,5479.0,6141.0,,79592.0,15118.0,,20140.0,94987.0,99733.0,,50269.0,,36.43,17.58,5.72,,
Zarate,,,97257.0,91690.0,30939.0,3810.0,39337.0,4561.0,5953.0,2961.0,98353.0,77647.0,20706.0,2179.0,11082.0,100532.0,88729.0,11803.0,3485.0,15288.0,33.74,4.16,3.23,21.05,11.74
San Nicolas,,,104221.0,86015.0,12323.0,8445.0,45693.0,8258.0,1674.0,5338.0,87994.0,69430.0,18563.0,808.0,11248.0,88802.0,80678.0,8124.0,6450.0,14574.0,14.33,9.82,6.21,21.1,9.15
General Rodriguez,,,99644.0,83453.0,51845.0,2340.0,10372.0,1823.0,14051.0,3022.0,76358.0,,-1734.0,1311.0,2340.0,77669.0,80431.0,-2763.0,8255.0,5493.0,62.12,2.8,3.62,-2.27,-3.56
Ituzaingo,,,79645.0,83288.0,32610.0,1030.0,37231.0,4291.0,3053.0,4739.0,,77260.0,-3607.0,,1725.0,76887.0,78985.0,,6401.0,,39.15,1.24,5.69,,
Necochea,5,100,80899.0,83258.0,44846.0,1239.0,20661.0,4196.0,1306.0,6190.0,74855.0,74888.0,-33.0,549.0,2234.0,75404.0,77122.0,-1718.0,8277.0,6559.0,53.86,1.49,7.43,-0.04,-2.28
Pinamar,5,100,79322.0,74196.0,45720.0,2917.0,15042.0,2923.0,1366.0,6198.0,57620.0,65047.0,-7427.0,4014.0,2921.0,61634.0,67968.0,-6334.0,12562.0,6228.0,61.62,3.93,8.35,-12.89,-10.28
Pergamino,2,100,65272.0,71846.0,30875.0,16013.0,12921.0,3247.0,7931.0,471.0,66969.0,54635.0,12334.0,1768.0,16758.0,68738.0,71393.0,-2655.0,3108.0,,42.97,22.29,0.66,18.42,-3.86
Ensenada,3,30,87498.0,69658.0,25036.0,4292.0,26015.0,10785.0,2410.0,896.0,56264.0,48056.0,8208.0,10334.0,20706.0,66598.0,68762.0,-2164.0,3060.0,,35.94,6.16,1.29,14.59,-3.25
Azul,7,93,71286.0,67153.0,36326.0,3527.0,11531.0,3976.0,2851.0,5614.0,56239.0,56755.0,-517.0,1175.0,4585.0,57414.0,61340.0,-3926.0,,5813.0,54.09,5.25,8.36,-0.92,-6.84
Trenque Lauquen,4,100,72096.0,61950.0,37417.0,5852.0,9158.0,7600.0,893.0,278.0,62699.0,54902.0,7797.0,1670.0,6772.0,64368.0,61673.0,2695.0,362.0,3057.0,60.4,9.45,0.45,12.44,4.19
San Vicente,3,30,69090.0,61268.0,24921.0,7759.0,8971.0,6442.0,10793.0,2330.0,53810.0,51064.0,2746.0,6717.0,7935.0,60528.0,59000.0,1528.0,1424.0,2952.0,40.68,12.66,3.8,5.1,2.52
Tres Arroyos,6,100,63281.0,61193.0,17133.0,4112.0,10796.0,2067.0,4203.0,1948.0,52654.0,54972.0,-2318.0,2933.0,4298.0,55587.0,59270.0,-3683.0,5687.0,2003.0,28.0,6.72,3.18,-4.4,-6.63
Junin,,,67662.0,60680.0,22615.0,4110.0,18026.0,8489.0,5166.0,2274.0,62123.0,51721.0,10402.0,878.0,6694.0,63001.0,58415.0,4586.0,4516.0,9102.0,37.27,6.77,3.75,16.74,7.28
Berisso,3,100,66623.0,60550.0,35692.0,3284.0,13091.0,7252.0,269.0,736.0,53464.0,56264.0,-2801.0,1751.0,3624.0,55214.0,59888.0,-4674.0,5336.0,662.0,58.95,5.42,1.22,-5.24,-8.47
Chivilcoy,4,100,49970.0,55457.0,30406.0,1504.0,9666.0,7330.0,4815.0,1598.0,49438.0,51852.0,-2415.0,240.0,2007.0,49678.0,53860.0,-4182.0,5779.0,1597.0,54.83,2.71,2.88,-4.88,-8.42
Mercedes,1,100,58232.0,51870.0,25698.0,3805.0,14497.0,5816.0,1673.0,254.0,50670.0,46344.0,4325.0,147.0,5255.0,50817.0,,-782.0,,271.0,49.54,7.34,0.49,8.54,-1.54
Pehuajo,,,59840.0,50223.0,29647.0,3260.0,6524.0,6080.0,3551.0,962.0,50441.0,45054.0,5387.0,1512.0,4286.0,51953.0,49340.0,2613.0,747.0,3360.0,59.03,6.49,1.92,10.68,5.03
Coronel Suarez,,,49924.0,48767.0,30511.0,2310.0,6301.0,6119.0,2096.0,1213.0,45262.0,43860.0,1402.0,2076.0,3478.0,47338.0,47338.0,4.0,,,62.56,4.74,2.49,3.1,0.01
Bolivar,,,46006.0,47208.0,29037.0,846.0,8039.0,5687.0,1485.0,1989.0,40137.0,43827.0,-3690.0,1197.0,1393.0,41334.0,45220.0,-3886.0,5874.0,43827.0,61.51,1.79,4.21,-9.19,-9.4
Lincoln,4,100,48557.0,47136.0,28867.0,1833.0,8018.0,4745.0,2822.0,728.0,41419.0,43411.0,-1992.0,1043.0,2997.0,42462.0,46408.0,-3946.0,4675.0,728.0,61.24,3.89,1.54,-4.81,-9.29
Chascomus,,,63707.0,45940.0,29865.0,1892.0,5936.0,4135.0,1197.0,2774.0,39702.0,40985.0,-1282.0,1717.0,2181.0,41419.0,43166.0,-1747.0,4521.0,2774.0,65.01,4.12,6.04,-3.23,-4.22
Balcarce,5,100,47429.0,45874.0,13987.0,1506.0,7046.0,2533.0,1288.0,1956.0,40980.0,40385.0,595.0,2591.0,3539.0,43571.0,43923.0,-352.0,2822.0,2470.0,30.49,3.28,4.26,1.45,-0.81
Exaltacion de la Cruz,,,39680.0,45571.0,13004.0,2490.0,13816.0,12119.0,2823.0,1272.0,36817.0,41078.0,-4261.0,2439.0,3226.0,39256.0,44304.0,-5047.0,6315.0,1267.0,28.54,5.46,2.79,-11.57,-12.86
Villa Gesell,5,5,45297.0,44914.0,31008.0,1988.0,7632.0,2152.0,666.0,1457.0,42214.0,41369.0,845.0,306.0,2087.0,42520.0,43456.0,-936.0,3274.0,2338.0,69.04,4.43,3.24,2.0,-2.2
General Villegas,4,100,45168.0,42888.0,23356.0,506.0,10307.0,6011.0,2098.0,519.0,41498.0,39555.0,1943.0,146.0,2817.0,41644.0,42372.0,-727.0,1244.0,516.0,54.46,1.18,1.21,4.68,-1.75
Patagones,6,40,48083.0,41479.0,21208.0,3256.0,8853.0,4459.0,1901.0,1684.0,39104.0,35357.0,3747.0,780.0,4460.0,39883.0,39817.0,66.0,2136.0,2202.0,51.13,7.85,4.06,9.58,0.17
Coronel Rosales,6,81,37589.0,39675.0,28587.0,1108.0,4842.0,2110.0,1415.0,1069.0,35536.0,36774.0,-1238.0,1100.0,1837.0,36636.0,38611.0,-1976.0,3039.0,,72.05,2.79,2.69,-3.48,-5.39
Bragado,4,100,38214.0,37942.0,21827.0,2628.0,6621.0,5101.0,1056.0,587.0,32706.0,34600.0,-1894.0,2676.0,2755.0,35381.0,37355.0,-1974.0,3971.0,1997.0,57.53,6.93,1.55,-5.79,-5.58
Benito Juarez,,,40838.0,37725.0,13636.0,4034.0,5714.0,4131.0,2108.0,924.0,35335.0,32527.0,2808.0,780.0,4275.0,36115.0,36802.0,-687.0,1610.0,,36.15,10.69,2.45,7.95,-1.9
25 de Mayo,,,29629.0,37119.0,17303.0,5552.0,6500.0,5487.0,988.0,1288.0,33554.0,30230.0,3324.0,131.0,5603.0,33685.0,35833.0,-2148.0,3434.0,30230.0,46.61,14.96,3.47,9.91,-6.38
Carlos Casares,4,100,35074.0,35358.0,19933.0,473.0,7576.0,5338.0,1215.0,780.0,32204.0,32061.0,143.0,1410.0,2530.0,33614.0,34591.0,-977.0,1744.0,143.0,56.37,1.34,2.21,0.44,-2.91
Dolores,5,30,35563.0,35186.0,13800.0,3932.0,8876.0,4394.0,3632.0,553.0,30980.0,28532.0,2448.0,505.0,6102.0,31485.0,34633.0,-3148.0,,553.0,39.22,11.17,1.57,7.9,-10.0
Tornquist,6,60,27933.0,33764.0,16601.0,2539.0,5477.0,3590.0,3612.0,1866.0,28401.0,28462.0,-62.0,2514.0,3487.0,30915.0,31950.0,-1035.0,3335.0,2300.0,49.17,7.52,5.53,-0.22,-3.35
General Alvarado,5,100,31405.0,32737.0,22532.0,251.0,4254.0,2973.0,957.0,1629.0,27919.0,30483.0,-2563.0,635.0,647.0,28555.0,31130.0,-2575.0,4505.0,1930.0,68.83,0.77,4.98,-9.18,-9.02
Rojas,2,100,29700.0,32516.0,15216.0,1093.0,6476.0,6271.0,2549.0,911.0,28790.0,30014.0,-1224.0,70.0,1591.0,28860.0,31605.0,-2745.0,4295.0,,46.8,3.36,2.8,-4.25,-9.51
Coronel Pringles,6,100,35077.0,32466.0,17323.0,3227.0,7006.0,3245.0,912.0,523.0,31307.0,28414.0,2893.0,1690.0,3582.0,32996.0,31996.0,1000.0,,,53.36,9.94,1.61,9.24,3.03
Ayacucho,5,100,32147.0,32232.0,12302.0,860.0,2449.0,2243.0,2378.0,397.0,30356.0,30393.0,-36.0,649.0,1567.0,31005.0,31960.0,-954.0,1472.0,,38.17,2.67,1.23,-0.12,-3.08
Puan,6,100,33431.0,32016.0,8729.0,1350.0,3688.0,3502.0,931.0,331.0,29664.0,28307.0,1357.0,7.0,3378.0,29668.0,31685.0,-2017.0,2348.0,331.0,27.26,4.22,1.03,4.57,-6.8
Saavedra,6,100,31177.0,31744.0,20736.0,138.0,4288.0,2228.0,537.0,2930.0,30115.0,27390.0,2725.0,536.0,1454.0,30651.0,28843.0,1807.0,2131.0,,65.32,0.43,9.23,9.05,5.9
Villarino,6,100,32704.0,31282.0,17980.0,952.0,6869.0,4443.0,366.0,215.0,30301.0,29365.0,935.0,9.0,1707.0,,,-763.0,935.0,209.0,57.48,3.04,0.69,3.09,
Monte Hermoso,6,100,23010.0,30064.0,14404.0,1375.0,8397.0,2678.0,2694.0,,29287.0,28172.0,1115.0,658.0,1375.0,,,399.0,1115.0,1100.0,47.91,4.57,,3.81,
Baradero,2,50,28842.0,29114.0,17949.0,180.0,6292.0,1697.0,183.0,2633.0,25264.0,26221.0,-957.0,334.0,376.0,25598.0,26597.0,-999.0,3515.0,,61.65,0.62,9.04,-3.79,-3.9
General Madariaga,5,100,25322.0,28677.0,18571.0,2938.0,2831.0,2894.0,638.0,805.0,25029.0,24921.0,108.0,0.0,3007.0,25029.0,27928.0,-2899.0,3648.0,749.0,64.76,10.25,2.81,0.43,-11.58
San Antonio de Areco,2,35,29128.0,28674.0,15259.0,376.0,6525.0,2511.0,794.0,1952.0,24941.0,24639.0,301.0,73.0,846.0,25014.0,25486.0,-472.0,4077.0,,53.22,1.31,6.81,1.21,-1.89
Rivadavia,4,100,28342.0,28292.0,12147.0,2255.0,6092.0,3395.0,4227.0,12.0,25381.0,25761.0,-380.0,1883.0,2520.0,27264.0,28281.0,-1016.0,1028.0,12.0,42.93,7.97,0.04,-1.5,-3.73
Daireaux,6,50,26662.0,28214.0,12929.0,1301.0,4845.0,4109.0,3842.0,1052.0,25791.0,25432.0,359.0,268.0,1730.0,26059.0,27162.0,-1103.0,,1052.0,45.82,4.61,3.73,1.39,-4.23
Presidente Peron,,,49206.0,27555.0,9436.0,2158.0,7577.0,6205.0,1876.0,242.0,28361.0,25093.0,3268.0,557.0,2219.0,28918.0,27313.0,1605.0,1249.0,,34.24,7.83,0.88,11.52,5.55
Salto,2,100,32521.0,27343.0,14565.0,778.0,5571.0,4231.0,1291.0,860.0,25308.0,24758.0,550.0,737.0,1726.0,26045.0,26483.0,-438.0,1297.0,,53.27,2.85,3.15,2.17,-1.68
San Andres de Giles,,,24539.0,26583.0,17147.0,2507.0,3253.0,2254.0,861.0,561.0,21757.0,23015.0,-1257.0,2808.0,3008.0,24565.0,26022.0,-1457.0,2018.0,,64.5,9.43,2.11,-5.78,-5.93
Saladillo,7,100,25602.0,26460.0,13528.0,1521.0,5781.0,2682.0,1459.0,1414.0,24024.0,23265.0,758.0,528.0,1789.0,24551.0,25055.0,-504.0,1908.0,1405.0,51.13,5.75,5.34,3.16,-2.05
Coronel Dorrego,6,100,26707.0,25261.0,14955.0,2006.0,4581.0,2302.0,972.0,297.0,25453.0,22720.0,2733.0,43.0,2211.0,25495.0,24931.0,564.0,,,59.2,7.94,1.18,10.74,2.21
Guamini,,,24182.0,25038.0,18036.0,311.0,3110.0,2323.0,211.0,769.0,21893.0,23681.0,-1788.0,411.0,492.0,22304.0,24172.0,,3347.0,1479.0,72.03,1.24,3.07,-8.17,
Colon,,,22978.0,24605.0,12954.0,1766.0,4758.0,2830.0,1399.0,882.0,23158.0,21408.0,1750.0,1165.0,2300.0,24322.0,23708.0,614.0,1066.0,,52.65,7.18,3.58,7.56,2.52
General Viamonte,4,100,19584.0,24376.0,13545.0,1733.0,4756.0,3070.0,1195.0,16.0,21932.0,21608.0,324.0,161.0,2708.0,22093.0,24316.0,-2223.0,,,55.57,7.11,0.07,1.48,-10.06
General Lamadrid,,,25444.0,24174.0,14645.0,1772.0,3795.0,2867.0,664.0,307.0,21792.0,21976.0,-184.0,1429.0,1879.0,23221.0,23855.0,-634.0,953.0,319.0,60.58,7.33,1.27,-0.84,-2.73
Las Flores,5,60,28355.0,23595.0,11129.0,2256.0,3521.0,3409.0,2548.0,560.0,19808.0,19595.0,213.0,2689.0,3466.0,22497.0,23061.0,-564.0,1098.0,534.0,47.17,9.56,2.37,1.08,-2.51
General Belgrano,5,100,21358.0,22700.0,11568.0,749.0,4719.0,3333.0,642.0,1613.0,19494.0,19756.0,-262.0,586.0,1332.0,20080.0,21088.0,-1007.0,2669.0,1661.0,50.96,3.3,7.11,-1.34,-5.01
Rauch,5,100,24269.0,22573.0,8354.0,732.0,2359.0,1772.0,763.0,630.0,20043.0,20840.0,-797.0,302.0,1320.0,20346.0,22161.0,-1815.0,2228.0,413.0,37.01,3.24,2.79,-3.98,-8.92
Tapalque,,,21907.0,22240.0,12228.0,424.0,5849.0,2939.0,266.0,507.0,18760.0,20586.0,-1825.0,819.0,1223.0,19579.0,21809.0,-2229.0,2661.0,432.0,54.98,1.91,2.28,-9.73,-11.38
Arrecifes,2,90,22354.0,21793.0,12055.0,572.0,5434.0,2433.0,868.0,510.0,19607.0,20332.0,-724.0,287.0,680.0,19895.0,21012.0,-1117.0,1898.0,19607.0,55.32,2.62,2.34,-3.69,-5.61
Alberti,4,100,20619.0,20721.0,9947.0,4849.0,2864.0,1998.0,474.0,497.0,15650.0,15347.0,303.0,1413.0,4861.0,17063.0,20208.0,-3145.0,3658.0,513.0,48.0,23.4,2.4,1.94,-18.43
Laprida,6,100,22866.0,20608.0,11420.0,2308.0,3112.0,2266.0,1005.0,418.0,19913.0,17777.0,2136.0,952.0,2415.0,20865.0,20192.0,674.0,575.0,1249.0,55.42,11.2,2.03,10.73,3.23
Navarro,1,5,20251.0,19950.0,8454.0,1511.0,6414.0,2713.0,260.0,557.0,16716.0,17806.0,-1089.0,43.0,1588.0,16759.0,19393.0,-2634.0,3191.0,,42.38,7.57,2.79,-6.51,-15.72
Magdalena,3,100,22135.0,19782.0,10622.0,700.0,4729.0,2727.0,716.0,287.0,19435.0,17247.0,2188.0,392.0,2259.0,19827.0,19507.0,320.0,351.0,671.0,53.7,3.54,1.45,11.26,1.61
Lobos,3,100,20208.0,19401.0,9823.0,223.0,5100.0,2585.0,1024.0,584.0,19248.0,18163.0,1085.0,15.0,661.0,19263.0,18824.0,438.0,767.0,,50.63,1.15,3.01,5.64,2.27
Adolfo Gonzales Chaves,6,100,19272.0,18901.0,10606.0,504.0,4235.0,2168.0,715.0,423.0,16678.0,17187.0,-510.0,300.0,1291.0,16978.0,18479.0,-1501.0,1923.0,422.0,56.11,2.67,2.24,-3.06,-8.84
Carlos Tejedor,4,100,18628.0,18306.0,8019.0,798.0,3602.0,2441.0,2731.0,703.0,17006.0,16200.0,806.0,713.0,1402.0,17719.0,17603.0,116.0,760.0,,43.81,4.36,3.84,4.74,0.65
LasHeras,,,15828.0,16904.0,8050.0,1717.0,3503.0,2488.0,821.0,307.0,14652.0,14335.0,317.0,,2263.0,15003.0,16597.0,-1594.0,2060.0,,47.62,10.16,1.82,2.16,-10.62
San Cayetano,5,100,17141.0,16596.0,10871.0,524.0,2150.0,1894.0,676.0,367.0,16212.0,15444.0,768.0,234.0,811.0,16446.0,16255.0,191.0,330.0,521.0,65.5,3.16,2.21,4.74,1.16
Castelli,5,0,15526.0,16274.0,6045.0,807.0,5006.0,2434.0,726.0,1178.0,13997.0,13664.0,333.0,704.0,1554.0,14701.0,15218.0,-517.0,,1056.0,37.15,4.96,7.24,2.38,-3.52
Hipolito Yrigoyen,,,18075.0,15921.0,9739.0,643.0,2788.0,1401.0,302.0,1038.0,12616.0,13725.0,-1109.0,539.0,1159.0,13155.0,14884.0,-1729.0,2766.0,1037.0,61.17,4.04,6.52,-8.79,-13.14
Pila,5,60,16841.0,14455.0,5735.0,372.0,4017.0,2217.0,1707.0,301.0,12355.0,12473.0,-117.0,792.0,1693.0,13147.0,14166.0,-1019.0,1308.0,289.0,39.67,2.57,2.08,-0.95,-7.75
Monte,,,15252.0,14436.0,6725.0,1869.0,3035.0,1639.0,561.0,561.0,11797.0,11680.0,117.0,1451.0,2195.0,13248.0,13875.0,-627.0,1188.0,561.0,46.58,12.95,3.89,0.99,-4.73
Capitan Sarmiento,,,14795.0,13936.0,7087.0,813.0,3415.0,1851.0,108.0,617.0,12635.0,12450.0,185.0,492.0,867.0,13127.0,13318.0,-190.0,809.0,619.0,50.85,5.83,4.43,1.46,-1.45
Florentino Ameghino,4,100,12611.0,13903.0,7397.0,343.0,3163.0,1568.0,1177.0,128.0,12295.0,13277.0,-981.0,7.0,499.0,12302.0,13775.0,-1473.0,1601.0,128.0,53.2,2.47,0.92,-7.98,-11.97
Pellegrini,6,45,13314.0,12436.0,6364.0,395.0,2974.0,1731.0,475.0,477.0,11675.0,10068.0,1607.0,387.0,2073.0,12061.0,12141.0,-79.0,375.0,296.0,51.17,3.18,3.84,13.76,-0.66
Salliquelo,,,9434.0,12317.0,6741.0,92.0,3252.0,1496.0,303.0,420.0,12101.0,10764.0,1337.0,54.0,1133.0,12155.0,11897.0,258.0,,,54.73,0.75,3.41,11.05,2.12
Tres Lomas,6,30,12110.0,11568.0,6264.0,331.0,2447.0,1387.0,788.0,323.0,10374.0,10863.0,-489.0,52.0,395.0,,11257.0,-831.0,1142.0,311.0,54.15,2.86,2.79,-4.71,
Carmen de Areco,2,70,12591.0,11406.0,5017.0,876.0,3039.0,1870.0,445.0,,10656.0,10322.0,334.0,731.0,979.0,11387.0,11301.0,86.0,160.0,,43.99,7.68,,3.13,0.76
Suipacha,1,30,10334.0,10964.0,5668.0,273.0,3073.0,910.0,479.0,,10030.0,10099.0,-69.0,12.0,345.0,10042.0,10444.0,-402.0,1015.0,613.0,51.7,2.49,,-0.69,-4.0
General Lavalle,5,30,11524.0,10794.0,5680.0,324.0,2388.0,1623.0,475.0,304.0,9970.0,10167.0,-198.0,5.0,324.0,9975.0,10492.0,-517.0,198.0,302.0,52.62,3.0,2.82,-1.99,-5.18
Lezama,5,5,8914.0,8595.0,5232.0,21.0,,1592.0,57.0,142.0,8177.0,8432.0,-255.0,0.0,21.0,8177.0,8454.0,-277.0,418.0,142.0,60.87,0.24,1.65,-3.12,-3.39
General Guido,5,70,9050.0,7293.0,3899.0,253.0,1781.0,1021.0,141.0,152.0,6373.0,6810.0,-438.0,310.0,330.0,6683.0,7141.0,-458.0,610.0,152.0,53.46,3.47,2.08,-6.87,-6.85
