accion,boletin,fecha_publicacion,fecha_firma,tipo,numero,objeto,tags,pdf
promulga,#1141,05/03/2024,23/02/2024,Decreto,DECRE-2024-164-SI-INTEN,"Expediente Nº 879-2024. - Modificar, a partir del 1º de enero del 2024, el artículo 23, inciso b) de la Ordenanza N° 9325, referente a las “Remuneraciones Básicas” para las “Guardias Médicas – Personal Jornalizado”.",Modificar | Guardias Médicas | Recursos Humanos,
promulga,#1142,03/04/2024,08/03/2024,Decreto,DECRE-2024-217-SI-INTEN,Expediente Nº 2105-2024 - Promulgar Ordenanza Municipal Nº 9326.,Promulgar | Ordenanza,
promulga,#1143,04/04/2024,26/03/2024,Decreto,DECRE-2024-283-SI-INTEN,Expediente Nº 2407-2024 - Excluir a Matías L. RUELLA (Legajo N° 63.272) de los alcances del art. 13 e incluirlo en el art. 14 -2do. párrafo- de la Ordenanza Nº 9325 - Asignar funciones de Supervisor General a Alejandro MORALES (Legajo Nº 66.936).,Excluir | Asignar | Recursos Humanos | Incluir,
promulga,#1143,04/04/2024,26/03/2024,Decreto,DECRE-2024-284-SI-INTEN,"Expediente Nº 2407-2024 - Incluir al agente Christian E. Leopoldo VALENZUELA (Legajo N° 53.555) en los alcances del artículo 14 -segundo párrafo- de la Ordenanza N° 9325, y asignarle funciones de Director.",Incluir | Recursos Humanos,
promulga,#1144,18/04/2024,09/04/2024,Decreto,DECRE-2024-331-SI-INTEN,"Expediente Nº 6351-2023 - Promúlgase y cúmplase la Ordenanza Municipal Nº 9327 sancionada por el Honorable Concejo Deliberante, con fecha 20 de marzo del 2024.",Promulgación Ordenanza N° 9327,
promulga,#1144,18/04/2024,11/04/2024,Decreto,DECRE-2024-342-SI-INTEN,Expediente Nº 2597-2024 - Limitar funciones e incluir a la agente Ana María SALETTE (Legajo N° 52.708) en los alcances de los artículos 14 -segundo párrafo- y 16 -primer párrafo- de la Ordenanza Nº 9325.,Limitaciones e inclusiones Ord. 9325,
promulga,#1279,30/04/2024,23/04/2024,Decreto,DECRE-2024-387-SI-INTEN,"Expediente Nº 8192-2022 - Promulgar y hacer cumplir la Ordenanza Municipal Nº 9339 sancionada por el Honorable Concejo Deliberante, con fecha 17 de abril del 2024.-",Promulgación Ordenanza N° 9339,
promulga,#1146,17/05/2024,02/05/2024,Decreto,DECRE-2024-518-SI-INTEN,"Expediente Nº 4240-2024 - Modificar el porcentaje de la retribución prevista en el artículo 14 de la Ordenanza N° 9325 (Bonificación por Disposición Permanente), percibida por el trabajador Maximiliano César Chisnerman (Legajo Nº 70.438).",Modificación retribución personal,
promulga,#1146,17/05/2024,03/05/2024,Decreto,DECRE-2024-523-SI-INTEN,Expediente Nº 6089-2011 (Cuerpos 0 y 2) - PROMÚLGASE la Ordenanza Municipal Nº 9338.,Promulgación Ordenanza N° 9338,
promulga,#1146,17/05/2024,03/05/2024,Decreto,DECRE-2024-524-SI-INTEN,"Expediente N° 6964-2023 - Promulgar y cumplir la Ordenanza Municipal Nº 9329 sancionada por el Honorable Concejo Deliberante, en fecha 5 de abril del 2024.",Promulgación Ordenanza N° 9329,
promulga,#1146,17/05/2024,03/05/2024,Decreto,DECRE-2024-525-SI-INTEN,"Expediente N° 430-HCD-2023 - Promulgar y cumplir la Ordenanza Municipal Nº 9330 sancionada por el Honorable Concejo Deliberante, en fecha 5 de abril del 2024.",Promulgación Ordenanza N° 9330,
promulga,#1146,17/05/2024,03/05/2024,Decreto,DECRE-2024-526-SI-INTEN,"Expediente N° 7504-2023 - Promulgar y cumplir la Ordenanza Municipal Nº 9331 sancionada por el Honorable Concejo Deliberante, en fecha 5 de abril del 2024.",Promulgación Ordenanza N° 9331,
promulga,#1146,17/05/2024,06/05/2024,Decreto,DECRE-2024-534-SI-INTEN,"Expediente N° 33-2014 - Promulgar y cumplir la Ordenanza Municipal Nº 9333, sancionada por el Honorable Concejo Deliberante en fecha 5 de abril del 2024.",Promulgación Ordenanza N° 9333,
promulga,#1146,17/05/2024,06/05/2024,Decreto,DECRE-2024-535-SI-INTEN,"Expediente N° 12517-2013 - Promulgar y cumplir la Ordenanza Municipal Nº 9337 sancionada por el Honorable Concejo Deliberante, en fecha 5 de abril del 2024.",Promulgación Ordenanza N° 9337,
promulga,#1146,17/05/2024,06/05/2024,Decreto,DECRE-2024-536-SI-INTEN,"Expediente N° 7200-2016 - Promulgar y cumplir la Ordenanza Municipal Nº 9335 sancionada por el Honorable Concejo Deliberante, en fecha 5 de abril del 2024.",Promulgación Ordenanza N° 9335,
promulga,#1146,17/05/2024,07/05/2024,Decreto,DECRE-2024-539-SI-INTEN,"Expediente N° 10971-2010 - Promulgar y cumplir la Ordenanza Municipal Nº 9334, sancionada por el Honorable Concejo Deliberante en fecha 5 de abril del 2024.",Promulgación Ordenanza N° 9334,
promulga,#1146,17/05/2024,07/05/2024,Decreto,DECRE-2024-540-SI-INTEN,"Expediente N° 11936-2013 - Promulgar y cumplir la Ordenanza Municipal Nº 9336 sancionada por el Honorable Concejo Deliberante, con fecha 5 de abril del 2024.",Promulgación Ordenanza N° 9336,
promulga,#1146,17/05/2024,07/05/2024,Decreto,DECRE-2024-541-SI-INTEN,"Expediente N° 11279-2021 - Promulgar y cumplir la Ordenanza Municipal Nº 9328 sancionada por el Honorable Concejo Deliberante, en fecha 5 de abril del 2024.",Promulgación Ordenanza N° 9328,
promulga,#1147,03/06/2024,31/05/2024,Decreto,DECRE-2024-629-SI-INTEN,"Expediente N° 5174-2024 - Modificar el porcentaje de la retribución prevista en el primer párrafo del artículo 16 de la Ordenanza Nº 9325, percibida por el trabajador Horacio David García (Legajo N° 66.556).",Modificación Retribución,
promulga,#1148,24/06/2024,03/06/2024,Decreto,DECRE-2024-633-SI-INTEN,"Expediente Nº 4105-2422-C-2024 (Cuerpos 0, 2 y 3) - Promulgar y cumplir la Ordenanza Municipal Nº 9341 sancionada por el Honorable Concejo Deliberante, que aprueba la Rendición de Cuentas,en fecha 16 de mayo del 2024.",Promulgación Ordenanza N° 9341,
promulga,#1148,24/06/2024,04/06/2024,Decreto,DECRE-2024-643-SI-INTEN,"Expediente Nº 8406-2021 (Cuerpos 0 y 2) - Promulgar y hacer cumplir la Ordenanza Municipal Nº 9340 sancionada por el Honorable Concejo Deliberante, con fecha 2 de mayo del 2024.",Promulgación Ordenanza N° 9340,
promulga,#1148,24/06/2024,07/06/2024,Decreto,DECRE-2024-660-SI-INTEN,Expediente Nº 5032-2024 - Excluir al agente Roberto Raúl Gauri (Legajo N° 18.179) de las bonificaciones establecidas en los artículos 13 y 16 -primer párrafo- de la Ordenanza Nº 9325.,Exclusión Alcances arts. 13 y 16 -1er párrafo- | Ordenanza N° 9325,
promulga,#1148,24/06/2024,07/06/2024,Decreto,DECRE-2024-661-SI-INTEN,Expediente N° 10114-2023 - Promulgar y cumplir la Ordenanza Municipal Nº 9332. Cambio sentido único de circulación vehicular de la calle Henry Dunant al 1400 (Sentido Norte-Sur),Promulgación Ordenanza N° 9332,
promulga,#1148,24/06/2024,10/06/2024,Decreto,DECRE-2024-668-SI-INTEN,Expediente Nº 5869-2024 - Excluir a Rubén Rodríguez (Legajo Nº 68.049) y a Walter N. Andino (Legajo Nº 17.903) de los alcances del art. 13 de la Ordenanza Nº 9325 e incluirlos en los alcances del art. 14 -segundo párrafo- de la citada normativa.,Exclusión art. 13 e inclusión art. 14 -2° párrafo- | Ordenanza N° 9325,
promulga,#1148,24/06/2024,11/06/2024,Decreto,DECRE-2024-672-SI-INTEN,Expediente N° 5649-2023 - Aprobar la reglamentación del artículo 10 bis de la Ordenanza Impositiva Nº 9324: Exención del pago de la tasa por Derechos de Publicidad.,Reglamentación art. 10 bis Ordenanza Impositiva,
promulga,#1148,24/06/2024,14/06/2024,Decreto,DECRE-2024-686-SI-INTEN,"Expte. N° 5025/2024.- Trasladar en comisión al trabajador Diego Alberto Torres (Legajo N° 52.550), de la Secretaría de Ambiente y Espacio Público al Honorable Concejo Deliberante.-",Traslado Personal,
promulga,#1148,24/06/2024,14/06/2024,Decreto,DECRE-2024-689-SI-INTEN,"Expte. N° 5377-2024.- Promulgación de la Ordenanza Municipal Nº 9342 sancionada por el Honorable Concejo Deliberante, con fecha 5 de junio del 2024.-",Promulgación Ordenanza N° 9342,
promulga,#1149,02/07/2024,18/06/2024,Decreto,DECRE-2024-694-SI-INTEN,Expte. Nº 5866-2024- Excluir a la agente María Verónica Sierra (Legajo N° 66.356) de los alcances del artículo 16 -primer párrafo- (Bonificación por Función Personal Jerárquico “18%”) de la Ordenanza Nº 9325.-,Exclusión art. 16 -1er párrafo- Ordenanza N° 9325,
promulga,#1150,17/07/2024,01/07/2024,Decreto,DECRE-2024-742-SI-INTEN,"Expediente N° 5611-2007 - Aprobar la reglamentación del artículo 46, inciso e), de la Ordenanza Fiscal Nº 9323 (Multas por Infracción a los Deberes Formales).",Reglamentación art. 46 inc. e) Ordenanza Fiscal,
promulga,#1150,17/07/2024,02/07/2024,Decreto,DECRE-2024-762-SI-INTEN,"Expediente Nº 2788-2024 (Cuerpos 0, 2 y 3) - Promulgar Ordenanza Municipal Nº 9343. Autoriza adjudicar la Licitación Pública Nº 9/2024 “IMPLEMENTACIÓN Y MANTENIMIENTO DE LICENCIAS EN UNA PLATAFORMA DE ATENCIÓN Y DESPACHO DE EMERGENCIAS DE SEGURIDAD”",Promulgación Ordenanza N° 9343,
promulga,#1150,17/07/2024,02/07/2024,Decreto,DECRE-2024-763-SI-INTEN,Expediente Nº 1551-2024 - Promulgar y hacer cumplir la Ordenanza Municipal Nº 9345. Autoriza donación a favor de la Policía de la Provincia de Buenos Aires.-,Promulgación Ordenanza N° 9345,
promulga,#1150,17/07/2024,04/07/2024,Decreto,DECRE-2024-784-SI-INTEN,"Expedientes Nº 1204/1984 y su agregado materialmente Nº 4668/2024 - Modificar el artículo 2º del Decreto Nº 5735/1984, que reglamenta la Ordenanza Nº 6035.",Modificación art. 2° Dto. 5735/1984 | Régimen Subvención Colegios,
promulga,#1150,17/07/2024,08/07/2024,Decreto,DECRE-2024-828-SI-INTEN,"Expte. N°11571-1992 - Restituir al Sr. Horacio Daniel Núñez (D.N.I. N° 17.177.095), el inmueble ubicado en la calle José Ingenieros Nº 2469 de la ciudad de Beccar.-",Restitución Inmueble (Ordenanza General 38),
promulga,#1151,28/08/2024,23/07/2024,Decreto,DECRE-2024-1012-SI-INTEN,Expediente N° EX-2024-00007507-SI-DGRRHH - Modificar el porcentaje previsto en el artículo 16 de la Ordenanza N° 9325. Sr. Santiago Pedro Delucchi.,Modificación Retribución Personal,
promulga,#1152,29/08/2024,01/08/2024,Decreto,DECRE-2024-1050-SI-INTEN,Expediente Nº 3204-2024 - Promulgar Ordenanza Municipal Nº 9346. Legítimo Abono.-,Promulgación Ordenanza N° 9346 | Reconocimiento Legítimo Abono,
promulga,#1152,29/08/2024,01/08/2024,Decreto,DECRE-2024-1051-SI-INTEN,Expediente Nº 3203-2024 - Promulgar la Ordenanza Municipal Nº 9348. Legítimo Abono,Promulgación Ordenanza N° 9348 | Reconocimiento Legítimo Abono,
promulga,#1152,29/08/2024,01/08/2024,Decreto,DECRE-2024-1052-SI-INTEN,Expediente Nº 3202-2024 - Promulgar Ordenanza Municipal Nº 9347. Legítimo Abono.-,Promulgación Ordenanza N° 9347 | REconocimiento Legítimo Abono,
promulga,#1152,29/08/2024,01/08/2024,Decreto,DECRE-2024-1053-SI-INTEN,Expediente Nº 2624-2024 - Promulgar Ordenanza Municipal Nº 9349. Legítimo Abono.,Promulgación Ordenanza N° 9349 | Reconocimiento Legítimo Abono,
promulga,#1153,30/08/2024,20/08/2024,Decreto,DECRE-2024-1159-SI-INTEN,"Expte. Nº 3490-2024.- Modificar el porcentaje de la retribución del artículo 16 -primer párrafo- de la Ordenanza N° 9325 (Bonificación por Función Personal Superior y Jerárquico), percibida por la Sra. María Laura Pomilio (Legajo Nº 53.394).-",Modificación Retribución Personal,
promulga,#1153,30/08/2024,21/08/2024,Decreto,DECRE-2024-1162-SI-INTEN,Expediente N° 8435-2024 - Trasladar en comisión al Sr. Carlos Esteban Mónaco (Legajo N° 18.148) al Honorable Concejo Deliberante.,Exclusión Alcances Ordenanza N° 9325 | Traslado Personal,
promulga,#1153,30/08/2024,23/08/2024,Decreto,DECRE-2024-1169-SI-INTEN,Expte. N° 7220-2024.- Trasladar en comisión al Sr. Roberto Raúl Gauri (Legajo N° 18.179) de la Dirección General de Despacho y Legislación al Honorable Concejo Deliberante.-,Traslado de Personal,
promulga,#1153,30/08/2024,27/08/2024,Decreto,DECRE-2024-1176-SI-INTEN,Expte. N° 7750-2024.- Promulgar y cumplir la Ordenanza Municipal Nº 9350. Adhesión al Régimen de Incentivo para Grandes Inversiones (RIGI),Promulgación Ordenanza N° 9350 | Adhesión REGI,
promulga,#1153,30/08/2024,30/08/2024,Decreto,DECRE-2024-1199-SI-INTEN,Expte. Nº 1793-2024 - Ordenanza Nº 9324 (y modificatorias). Actualización-,Actualización 5% Tasa ALySG y otros,
promulga,#1154,17/09/2024,02/09/2024,Decreto,DECRE-2024-1208-SI-INTEN,Expte. N° 14057-2023.- Promulgar y hacer cumplir la Ordenanza Municipal Nº 9353. Adhesión a la Ley Provincial N° 12.875 Régimen previsional especial para los ex soldados conscriptos combatientes de las Fuerzas Armadas y de Seguridad.,Promulgación | Ordenanza Nº 9353,
promulga,#1154,17/09/2024,04/09/2024,Decreto,DECRE-2024-1220-SI-INTEN,Expediente Nº 531-HCD-2024 - Promulgar y hacer cumplir la Ordenanza Municipal Nº 9352. Declaración de interés municipal al turismo local como actividad para el desarrollo de San Isidro.,Promulgación Ordenanza N° 9352,
promulga,#1154,17/09/2024,04/09/2024,Decreto,DECRE-2024-1221-SI-INTEN,Expediente N° 5458-2020 - Promulgar y hacer cumplir la Ordenanza Municipal Nº 9354. Prórroga presentación DDJJ Patrimoniales.,Promulgación Ordenanza N° 9354,
promulga,#1154,17/09/2024,04/09/2024,Decreto,DECRE-2024-1222-SI-INTEN,Expediente N° 324-HCD-2024 - Promulgar y hacer cumplir la Ordenanza Municipal Nº 9351. Declaración de Paisaje Protegido Municipal al “Parque Público del Golf de Villa Adelina”,Promulgación Ordenanza N° 9351,
promulga,#1154,17/09/2024,09/09/2024,Decreto,DECRE-2024-1231-SI-INTEN,Expediente Nº 8192/2022 (Alc.1) - Aprobar el Acta Nº 102/2024 de la Comisión Negociadora Municipal - Modificar la Ordenanza Nº 9325 (Cálculo de Recursos y Presupuesto General de Gastos - Ejercicio 2024) y sus modificatorias.,Aprobación Acta Nº 102 | Comisión Negociadora Municipal | Modificación Ordenanza Nº 9325 | Incremento de Haberes,
promulga,#1154,17/09/2024,10/09/2024,Decreto,DECRE-2024-1236-SI-INTEN,"Expediente Nº 8192-2022 (Cuerpos 0 y 2) - Promulgar y hacer cumplir la Ordenanza Municipal Nº 9355 sancionada por el Honorable Concejo Deliberante, con fecha 4 de septiembre del 2024.",Promulgación | Ordenanza Nº 9355,
promulga,#1156,01/10/2024,17/09/2024,Decreto,DECRE-2024-1262-SI-INTEN,Expediente Nº 4863-2024 - Promulgar la Ordenanza Nº 9356: Legítimo Abono - María Mercedes del Castillo (Legajo Nº 51.654).,Promulgación | Ordenanza N° 9356 | Legítimo Abono,
promulga,#1156,01/10/2024,17/09/2024,Decreto,DECRE-2024-1263-SI-INTEN,Expediente Nº 4862-2024 - Promulgar la Ordenanza Nº 9357: Legítimo Abono - Miguel Ángel Espinoza (Legajo Nº 70.944).,Promulgación | Ordenanza N° 9357 | Legítimo Abono,
promulga,#1156,01/10/2024,19/09/2024,Decreto,DECRE-2024-1273-SI-INTEN,"Expediente Nº 8192-2022 (Cuerpos 0 y 2, y su agregado Alcance 1) - Promulgar la Ordenanza Nº 9359 (Modificación de la Ordenanza Nº 9325 - Cálculo de Recursos y Presupuesto General de Gastos – Ejercicio 2024).",Promulgación | Ordenanza N° 9359,
promulga,#1155,20/09/2024,19/09/2024,Decreto,DECRE-2024-1274-SI-INTEN,Expediente Nº 10568-2024 - Promulgar la Ordenanza Nº 9358 (modificación de las Ordenanzas Fiscal e Impositiva 2024).,Modificación Ordenanza Fiscal e Impositiva | Edición Especial,
promulga,#1156,01/10/2024,27/09/2024,Decreto,DECRE-2024-1320-SI-INTEN,"Expte. Nº 5775/2023 - Declárese la caducidad, en los términos del artículo 119 de la Ordenanza General N° 267, de la autorización conferida por el Artículo 1° del Decreto N° 1974/2022.-",Caducidad | Autorización,
promulga,#1157,21/10/2024,03/10/2024,Decreto,DECRE-2024-1349-SI-INTEN,"Expte. Nº 10183-2024.- Incluir a la Sra. Verónica Gabriela Valenzuela (Legajo Nº 13.758), en los alcances del artículo 14 (segundo párrafo) de la Ordenanza Nº 9325 y excluirla de los alcances del artículo 13 de la mencionada normativa.-",Bonificación | Personal,
promulga,#1158,29/10/2024,21/10/2024,Decreto,DECRE-2024-1453-SI-INTEN,Expediente Nº 3125-2024 (Cuerpos 0 y 2) - Promulgar y hacer cumplir la Ordenanza Municipal Nº 9360 (Emergencia del Depósito Municipal).,Promulgación | Ordenanza,
promulga,#1159,04/11/2024,30/10/2024,Decreto,DECRE-2024-1515-SI-INTEN,"Expediente Nº 9037-2024 - Promulgar y hacer cumplir la Ordenanza Municipal Nº 9361 sancionada por el Honorable Concejo Deliberante, con fecha 16 de octubre del 2024. Modificación Presupuestaria.",Promulgación | Ordenanza N° 9361,
promulga,#1159,04/11/2024,30/10/2024,Decreto,DECRE-2024-1516-SI-INTEN,"Expediente Nº 4861-2024 - Promulgar y hacer cumplir la Ordenanza Municipal Nº 9363 sancionada por el Honorable Concejo Deliberante, con fecha 16 de octubre del 2024. Legítimo abono.",Promulgación | Ordenanza Nº 9363,
promulga,#1159,04/11/2024,30/10/2024,Decreto,DECRE-2024-1517-SI-INTEN,"Expediente Nº 3205-2024 - Promulgar y hacer cumplir la Ordenanza Municipal Nº 9362 sancionada por el Honorable Concejo Deliberante, con fecha 16 de octubre del 2024. Legítimo Abono",Promulgación | Ordenanza Nº 9362,
promulga,#1164,28/11/2024,21/11/2024,Decreto,DECRE-2024-1666-SI-INTEN,Expediente Nº 9283-2024 - Promulgar y hacer cumplir la Ordenanza Municipal Nº 9366 sancionada por el Honorable Concejo Deliberante.,Promulgación | Ordenanza,
promulga,#1164,28/11/2024,21/11/2024,Decreto,DECRE-2024-1667-SI-INTEN,Expediente Nº 11724-2024 - Promulgar y hacer cumplir la Ordenanza Municipal Nº 9365. Adhesión a la Ley Provincial Nº 10.989. Régimen de cobro obligatorio de los costos ocasionados por la atención de pacientes que poseen riesgo asegurado,Promulgación | Ordenanza,
promulga,#1164,28/11/2024,21/11/2024,Decreto,DECRE-2024-1668-SI-INTEN,Expediente Nº 9022-2024 - Promulgar y hacer cumplir la Ordenanza Municipal Nº 9364.Apertura de la calle Gobernador Udaondo. Asignación y modificación de sentido circulatorio de diferentes arterias de la ciudad de Beccar,Promulgación | Ordenanza,
promulga,#1164,28/11/2024,27/11/2024,Decreto,DECRE-2024-1687-SI-INTEN,Expte. Nº 10568-2024 - Reglamentar la Ordenanza N° 9358.,Reglamentación | Ordenanza N° 9358,
promulga,#1166,19/12/2024,04/12/2024,Decreto,DECRE-2024-1721-SI-INTEN,Expediente Nº 9681/2024 - Promulgación Ordenanza Municipal Nº 9367 (Modificación del sentido de circulación de la calle Pasteur - Martínez).,Promulgación | Ordenanza Municipal,
promulga,#1166,19/12/2024,04/12/2024,Decreto,DECRE-2024-1722-SI-INTEN,Expediente Nº 6089/2011 (Cuerpos 0 y 2) - Promulgar y hacer cumplir la Ordenanza Municipal Nº 9371 (Servicio de Taxímetros).,Promulgación | Ordenanza Municipal,
promulga,#1166,19/12/2024,06/12/2024,Decreto,DECRE-2024-1732-SI-INTEN,Expediente Nº 8192/2022 (Cuerpo 2) - Modificar la Ordenanza Nº 9325 (Cálculo de Recursos y Presupuesto General de Gastos - Ejercicio 2024).,Modificación | Ordenanza N° 9325,
promulga,#1166,19/12/2024,09/12/2024,Decreto,DECRE-2024-1742-SI-INTEN,Expediente Nº 6006/2024 - Promulgar y hacer cumplir la Ordenanza Municipal Nº 9370 sancionada por el Honorable Concejo Deliberante - Registro Único de Entidades sin Fines de Lucro (R.U.E.).,Promulgación | Ordenanza,
promulga,#1166,19/12/2024,11/12/2024,Decreto,DECRE-2024-1752-SI-INTEN,Expediente Nº 589-HCD-2024 - Promulgar la Ordenanza Municipal Nº 9368 - Creación del Programa “San Isidro Juega Seguro”.,Promulgación | Ordenanza,
promulga,#1166,19/12/2024,13/12/2024,Decreto,DECRE-2024-1766-SI-INTEN,Expediente Nº 10899-2024 - Promulgar la Ordenanza Municipal Nº 9376 - Convalidar boleto de compraventa.,Promulgación | Ordenanza,
promulga,#1166,19/12/2024,13/12/2024,Decreto,DECRE-2024-1768-SI-INTEN,Expediente Nº 12831-2024 - Promulgar la Ordenanza Municipal Nº 9378 - Creación de la Agencia de Control de San Isidro (ACSI).,Promulgación | Ordenanza,
promulga,#1166,19/12/2024,13/12/2024,Decreto,DECRE-2024-1772-SI-INTEN,Expediente Nº 12832-2024 - Promulgar la Ordenanza Municipal Nº 9377 - Marco regulatorio integral para la fiscalización y control de las actividades económicas.,Promulgación | Ordenanza,
promulga,#1172,06/01/2025,17/12/2024,Decreto,DECRE-2024-1783-SI-INTEN,Expediente Nº 11612-2016 - Promulgar la Ordenanza Nº 9375 - Donación de embarcaciones.,Promulgación | Ordenanza,
promulga,#1172,06/01/2025,19/12/2024,Decreto,DECRE-2024-1797-SI-INTEN,Expediente Nº 9093/2024 - Promulgar la Ordenanza Municipal Nº 9374 - Legítimo Abono: Gonzalo Fermín Llambias (Legajo Nº 73.871).,Promulgación | Ordenanza,
promulga,#1172,06/01/2025,19/12/2024,Decreto,DECRE-2024-1798-SI-INTEN,Expediente Nº 11238-2024 - Promulgar la Ordenanza Municipal Nº 9372 - Legítimo Abono: Mariana Patricia Herrera (Legajo Nº 52.699).,Promulgación | Ordenanza,
promulga,#1172,06/01/2025,19/12/2024,Decreto,DECRE-2024-1799-SI-INTEN,Expediente Nº 11237-2024 - Promulgar la Ordenanza Municipal Nº 9373 - Legítimo Abono: Maximiliano Esteban Casias (Legajo Nº 69.542).,Promulgación | Ordenanza,
promulga,#1167,26/12/2024,19/12/2024,Decreto,DECRE-2024-1800-SI-INTEN,"Expte. Nº 12436/2024.- Promulgación de la Ordenanza Municipal Nº 9379 sancionada por el Honorable Concejo Deliberante, con fecha 11 de diciembre del 2024.- “Ordenanza Fiscal 2025”.-",Promulgación | Ordenanza Fiscal | 2025,
promulga,#1167,26/12/2024,19/12/2024,Decreto,DECRE-2024-1801-SI-INTEN,"Expte. Nº 12447/2024.- Promulgación de la Ordenanza Municipal Nº 9380 sancionada por el Honorable Concejo Deliberante, con fecha 11 de diciembre del 2024. “Ordenanza Impositiva 2025”.-",Promulgación | Ordenanza Impositiva | 2025,
promulga,#1172,06/01/2025,23/12/2024,Decreto,DECRE-2024-1809-SI-INTEN,Expediente Nº 12089-2024 (Cuerpos 0 a 6) - Promulgar y hacer cumplir la Ordenanza Municipal Nº 9381.-,Promulgación | Ordenanza,
promulga,#1177,30/01/2025,07/01/2025,Decreto,DECRE-2025-8-SI-INTEN,Expediente Nº 2105/2024 - Promulgar la Ordenanza Nº 9387: Licencia del Intendente Municipal Sr. Ramón María Lanús.,Promulgación | Ordenanza,
promulga,#1177,30/01/2025,08/01/2025,Decreto,DECRE-2025-11-SI-INTEN,"Expediente Nº 10914/2011 (Alcance 22- Cuerpos 0, 2 y 3) - Promulgación de la Ordenanza Nº 9386: Prorrogar la concesión referente a ""(...) ELEMENTOS DEL MOBILIARIO URBANO, CON Y SIN EXPLOTACIÓN COMERCIAL”.",Promulgación | Ordenanza,
promulga,#1177,30/01/2025,08/01/2025,Decreto,DECRE-2025-12-SI-INTEN,Expediente Nº 11697/2024 - Promulgación de la Ordenanza Nº 9390: Autorizar al Departamento Ejecutivo a dictar normas transitorias y experimentales en materia de tránsito y transporte.,Promulgación | Ordenanza,
promulga,#1177,30/01/2025,08/01/2025,Decreto,DECRE-2025-13-SI-INTEN,Expedientes Nros. 124-HCD-2024 y 6550/2024 - Promulgación de la Ordenanza Nº 9385: Regulación - Arbolado público del Partido.,Promulgación | Ordenanza,
promulga,#1177,30/01/2025,08/01/2025,Decreto,DECRE-2025-14-SI-INTEN,Expediente Nº 810-HCD-2024 - Promulgar la Ordenanza Nº 9388: Prohibición del uso de pirotecnia sonora en todo evento público y privado con autorización municipal.,Promulgación | Ordenanza,
promulga,#1177,30/01/2025,08/01/2025,Decreto,DECRE-2025-17-SI-INTEN,Expediente Nº 939-HCD-2024 - Promulgación de la Ordenanza Nº 9389: Velocidad máxima de circulación en los centros comerciales de San Isidro y Martínez.,Promulgación | Ordenanza,
promulga,#1177,30/01/2025,09/01/2025,Decreto,DECRE-2025-20-SI-INTEN,Expediente Nº 13043-2024 - Promulgar la Ordenanza Nº 9382: Legítimo Abono - María Irene Lorenzo (Legajo Nº 18.051).,Promulgación | Ordenanza,
promulga,#1177,30/01/2025,09/01/2025,Decreto,DECRE-2025-21-SI-INTEN,"Expediente Nº 8192-2022 (Cuerpo 2).- Promulgar la Ordenanza Municipal Nº 9383 sancionada por el Honorable Concejo Deliberante, con fecha 18 de diciembre del 2024.-",Promulgación | Ordenanza,
promulga,#1177,30/01/2025,10/01/2025,Decreto,DECRE-2025-22-SI-INTEN,Expediente Nº 13736-2024 - Promulgar la Ordenanza Nº 9384: Donación - Servicio de Obstetricia del Hospital Materno Infantil “Dr. Carlos A. Gianantonio”.,Promulgación | Ordenanza,
promulga,#1178,11/02/2025,16/01/2025,Decreto,DECRE-2025-43-SI-INTEN,"Expte. Nº 17143/2016.- Aprobar la reglamentación del artículo 86, apartado I, de la Ordenanza Fiscal Nº 9379, mediante el cual se establece la determinación especial de la Tasa por Inspección de Seguridad e Higiene.-",Reglamentación | Tasa por Inspección de Seguridad e Higiene | Oficinas Administrativas/Comerciales,
promulga,#1178,11/02/2025,17/01/2025,Decreto,DECRE-2025-65-SI-INTEN,"Expediente Nº 27/2023 - Aprobar la reglamentación del artículo 86°, apartado VII, de la Ordenanza Fiscal Nº 9379 - Tasa por Inspección de Seguridad e Higiene.",Aprobación | Reglamentación | Tasa por Inspección de Seguridad e Higiene. | Comercios Antiguos,
promulga,#1178,11/02/2025,24/01/2025,Decreto,DECRE-2025-88-SI-INTEN,"Expediente N° 12635/2022 - Aprobar la reglamentación de la Ordenanza N° 9246 y del artículo 86, apartado V, de la Ordenanza Fiscal Nº 9379 - Tasa por Inspección de Seguridad e Higiene.",Reglamentación | Tasa por Inspección de Seguridad e Higiene | Emprendedores,
promulga,#1178,11/02/2025,24/01/2025,Decreto,DECRE-2025-90-SI-INTEN,"Expediente N° 17213/2017 - Aprobar la reglamentación del artículo 86, apartado II, de la Ordenanza Fiscal Nº 9379 - Tasa por Inspección de Seguridad e Higiene.",Reglamentación | Tasa por Inspección de Seguridad e Higiene | Empresas - Triple Responsabilidad,
promulga,#1178,11/02/2025,31/01/2025,Decreto,DECRE-2025-130-SI-INTEN,Expediente Nº 14176-2024 - Modificación de las Partidas de la Ordenanza Nº 9325 (Cálculo de Recursos y Presupuesto de Gastos del Ejercicio 2024).,Modificación | Partidas de la Ordenanza Nº 9325 | Presupuesto de Gastos del Ejercicio 2024,
promulga,#1184,27/03/2025,13/03/2025,Decreto,DECRE-2025-282-SI-INTEN,Expediente N° EX-2025-00014902-SI-SSRC - Aprobar la reglamentación de la Ordenanza Nº 9370 - Registro Único de Entidades sin Fines de Lucro (R.U.E.).,Aprobación | Reglamentación Ordenanza Nº 9370,
promulga,#1186,25/04/2025,01/04/2025,Decreto,DECRE-2025-362-SI-INTEN,Expediente Nº 12988-2024 (Cuerpos 0 y 2) - Promulgar la Ordenanza Nº 9391. Adjudicar la Licitación Pública Nº 75/2024 referente a la “PROVISIÓN DE SANGRE Y/O HEMOCOMPONENTES”.-,Promulgación | Ordenanza Municipal,
promulga,#1186,25/04/2025,11/04/2025,Decreto,DECRE-2025-390-SI-INTEN,"Expediente Nº EX-2025-00022767-SI-SECGOB - Promulgar y hacer cumplir la Ordenanza Municipal Nº 9393 sancionada por el Honorable Concejo Deliberante, por la que se declaró el Estado de Emergencia en el barrio Bajo Boulogne.-",Promulgación | Ordenanza Municipal,
promulga,#1187,29/04/2025,25/04/2025,Decreto,DECRE-2025-438-SI-INTEN,Expediente N° 26/2023 - Reglamentación de la determinación especial de la Tasa por Inspección de Seguridad e Higiene prevista en la Ordenanza Fiscal Nº 9379.-,Reglamentación | Tasa por Inspección de Seguridad e Higiene,
promulga,#1187,29/04/2025,25/04/2025,Decreto,DECRE-2025-440-SI-INTEN,"Expediente N° 5100/2022 - Aprobar la reglamentación del artículo 86°, apartado IV, de la Ordenanza Fiscal Nº 9379, por la que se establece la determinación especial de la Tasa por Inspección de Seguridad e Higiene, para establecimientos industriales.",Reglamentación | Tasa por Inspección de Seguridad e Higiene,
promulga,#1191,02/06/2025,21/05/2025,Decreto,DECRE-2025-533-SI-INTEN,"Expediente Nº 146-HCD-2025 - Promulgar y hacer cumplir la Ordenanza Municipal Nº 9394 sancionada por el Honorable Concejo Deliberante, por la cual e estableció el sentido de circulación de la calle Luis María Drago.-",Promulgación | Ordenanza Municipal,
promulga,#1191,02/06/2025,21/05/2025,Decreto,DECRE-2025-534-SI-INTEN,Expediente N° 12832/2024 - Reglamentación de la Ordenanza Nº 9377.-,Reglamentación | Ordenanza Nº 9377 | Agencia de Control de San Isidro,
veto,#1194,21/07/2025,11/06/2025,Decreto,DECRE-2025-614-SI-INTEN,Expediente Nº 216-HCD-2025 - Vetar la Ordenanza Municipal Nº 9395 (Paisaje Protegido Municipal) sancionada por el Honorable Concejo Deliberante.,Veto | Ordenanza Municipal,
veto,#1194,21/07/2025,11/06/2025,Decreto,DECRE-2025-615-SI-INTEN,Expedientes Nros. 110-HCD-2025 y 220-HCD-2025 - Vetar la Ordenanza Municipal Nº 9396.-,Veto | Ordenanza Municipal,
observa_o_suprime,#1194,21/07/2025,11/06/2025,Decreto,DECRE-2025-616-SI-INTEN,Expediente Nº 235-HCD-2025 - Observar ciertos artículos y promulgar la Ordenanza Nº 9397.-,Observación | Artículos | Ordenanza Municipal,
promulga,#1193,30/06/2025,19/06/2025,Decreto,DECRE-2025-639-SI-INTEN,"Expediente Nº EX-2025-00083342-SI-SSMOV - Ordenanza Nº 9390. Modificaciones en el sentido circulatorio calle Ing. Marconi y ""Calle Sin Nombre"" y en el recorrido ramal Azul Línea de Transporte Público de Pasajeros N° 707.-",Modificación | Recorrido | Transporte Público | Línea 707,
promulga,#1193,30/06/2025,26/06/2025,Decreto,DECRE-2025-668-SI-INTEN,"Expediente N° 236-HCD-2025 - Promulgar y hacer cumplir la Ordenanza Municipal Nº 9398 sancionada por el Honorable Concejo Deliberante, por la cual se incorporó en la agenda cultural las funciones de ""Cine y Teatro Distendido"".-",Promulgación | Ordenanza Municipal,
promulga,#1193,30/06/2025,27/06/2025,Decreto,DECRE-2025-672-SI-INTEN,Expediente N° 2127-2025 - Prórroga y reglamentación: Ordenanza N° 9379.-,Prórroga | Reglamentación | Ordenanza N° 9379,
promulga,#1194,21/07/2025,04/07/2025,Decreto,DECRE-2025-713-SI-INTEN,Expediente N° EX-2025-00096877-SI-DDS - Limitar el traslado en comisión del Sr. Emiliano Ezequiel Fernández Lattanzi (Legajo N° 62.321) al Honorable Concejo Deliberante y reubicar al agente en la Subsecretaría Privada.-,Límite | Traslado en Comisión,
promulga,#1194,21/07/2025,04/07/2025,Decreto,DECRE-2025-714-SI-INTEN,Expediente N° EX-2025-00095958-SI-DDS - Limitar el traslado en comisión del Sr. Federico Bereziuk (Legajo N° 55.591) al Honorable Concejo Deliberante y reubicar al agente en el área administrativa del Hospital Central de San Isidro.-,Límite | Traslado en Comisión,
promulga,#1194,21/07/2025,07/07/2025,Decreto,DECRE-2025-721-SI-INTEN,Expediente Nº 288-HCD-2025 - Anular el Decreto Nº 719/2025 de fecha 7 de julio de 2025.,Anular | Decreto Nº 719/2025,
veto,#1194,21/07/2025,07/07/2025,Decreto,DECRE-2025-722-SI-INTEN,"Expediente Nº 288-HCD-2025 - Vetar la Ordenanza Nº 9399, sancionada por el Honorable Concejo Deliberante el día 12 de junio de 2025.-",Veto | Ordenanza Municipal,
promulga,#1194,21/07/2025,07/07/2025,Decreto,DECRE-2025-723-SI-INTEN,Expediente Nº EX-2025-00101994-SI-SECAMEP - Reglamentación de la Ordenanza Nº 9385.-,Reglamentación | Ordenanza Nº 9385,
promulga,#1194,21/07/2025,15/07/2025,Decreto,DECRE-2025-753-SI-INTEN,Expediente Nº 10122-2024 - Promulgar y hacer cumplir la Ordenanza Municipal Nº 9400.-,Promulgación | Ordenanza,
promulga,#1195,11/08/2025,16/07/2025,Decreto,DECRE-2025-763-SI-INTEN,"Expediente EX-2025-00101176-SI-DGRRHH - Excluir al Sr. Claudio Giménez (Legajo Nº 54.538) de los alcances del artículo 12 de la Ordenanza Nº 9325, asignarle funciones de Director y trasladarlo a la Secretaría de Ambiente y Espacio Público.-",Asignación | Funciones,
promulga,#1195,11/08/2025,24/07/2025,Decreto,DECRE-2025-809-SI-INTEN,Expediente N° EX-2025-00050237-SI-SSRC - Promulgar y hacer cumplir la Ordenanza Municipal N° 9403.-,Promulgación | Ordenanza Municipal,
promulga,#1196,26/08/2025,12/08/2025,Decreto,DECRE-2025-925-SI-INTEN,Expediente Nº 446-HCD-2025 - Promulgar y hacer cumplir la Ordenanza Municipal Nº 9402.-,Promulgación | Ordenanza Municipal,
promulga,#1201,29/08/2025,19/08/2025,Decreto,DECRE-2025-948-SI-INTEN,Expediente N° EX-2025-00120997-SI-DGRRHH - Reubicar al Sr. Ramiro Alejandro García (Legajo N° 57.219) al Área de Tareas de Apoyo a la Prevención Ciudadana - Excluirlo de Bonificaciones (Ordenanza N° 9381).-,Reubicación | Personal,
promulga,#1201,29/08/2025,20/08/2025,Decreto,DECRE-2025-970-SI-INTEN,Expediente N° 8192/2022 - Promulgar y hacer cumplir la Ordenanza Municipal N° 9406 (convalidación Decreto N° 778).-,Promulgación | Ordenanza Municipal,
promulga,#1201,29/08/2025,20/08/2025,Decreto,DECRE-2025-971-SI-INTEN,Expediente N° 9000/2023 - Promulgar la Ordenanza Municipal N° 9404.-,Promulgación | Ordenanza Municipal,
veto,#1203,24/09/2025,26/08/2025,Decreto,DECRE-2025-999-SI-INTEN,"Expediente N° 445-HCD-2025 - Vetar la Ordenanza N° 9405, sancionada por el Honorable Concejo Deliberante el día 6 de agosto de 2025.",Vetar | Ordenanza Municipal,
promulga,#1203,24/09/2025,10/09/2025,Decreto,DECRE-2025-1085-SI-INTEN,Expediente N° EX-2025-00134303-SI-DGRRHH - Incluir a la Sra. Mariana Andrea Perucca (Legajo N° 52.718) dentro de los alcances del artículo 16 -primer párrafo- de la Ordenanza N° 9381.-,Bonificación,
promulga,#1204,17/10/2025,03/10/2025,Decreto,DECRE-2025-1175-SI-INTEN,Expediente Nº 2207/2025 - Promulgación Ordenanza Municipal Nº 9410. Reconocimiento de Legítimo Abono (Alejandra Susana Rodríguez (Legajo Nº 66.591)-,Promulgación | Ordenanza Municipal,
promulga,#1204,17/10/2025,03/10/2025,Decreto,DECRE-2025-1176-SI-INTEN,Expediente Nº 2208/2025 - Promulgación Ordenanza Nº 9409. Reconocimiento de Legítimo Abono (María Silvana Aguirre (Legajo Nº 64.403))-,Promulgación | Ordenanza Municipal,
promulga,#1204,17/10/2025,03/10/2025,Decreto,DECRE-2025-1178-SI-INTEN,Expediente Nº 540-HCD-2025 - Promulgación Ordenanza Municipal Nº 9408. Instalación de cartelería Bienvenidos a Boulogne.-,Promulgación | Ordenanza Municipal,
promulga,#1204,17/10/2025,03/10/2025,Decreto,DECRE-2025-1185-SI-INTEN,"Expediente N° 2028/2025 - Ordenanza General N° 38. Inmueble Beruti 1093, Martínez.-",Ocupación Preventiva | Inmueble,
promulga,#1207,31/10/2025,27/10/2025,Decreto,DECRE-2025-1262-SI-INTEN,Expediente Nº 2206/2025 - Promulgación Ordenanza Municipal Nº 9412. Reconocimiento de Legítimo Abono (Sonia Elizabeth Godoy. Legajo Nº 14.222).-,Promulgación | Ordenanza Municipal,
promulga,#1207,31/10/2025,27/10/2025,Decreto,DECRE-2025-1264-SI-INTEN,Expediente Nº 2205/2025 - Promulgación Ordenanza Municipal Nº 9411. Reconocimiento de Legítimo Abono (Nicolás Piovano. Legajo Nº 69.385).-,Promulgación | Ordenanza Municipal,
promulga,#1207,31/10/2025,28/10/2025,Decreto,DECRE-2025-1272-SI-INTEN,Expediente Nº 377-HCD-2024 - Promulgar y hacer cumplir la Ordenanza Municipal Nº 9413.-,Promulgación | Ordenanza Municipal,
promulga,#1210,25/11/2025,03/11/2025,Decreto,DECRE-2025-1304-SI-INTEN,"Expediente N° 4467/2023 - Abonar Tareas Especiales (artículo 11° de la Ordenanza N° 9381). ""Juegos Bonaerenses 2025"".-",Tareas Especiales | “Juegos Bonaerenses 2025”,
promulga,#1211,05/12/2025,25/11/2025,Decreto,DECRE-2025-1400-SI-INTEN,Expediente N° EX-2025-00240064-SI-DDS - Limitar el traslado en comisión de la Sra. María Laura González (Legajo Nº 57.374) al Honorable Concejo Deliberante y reubicar a la agente en la Dirección General de Compras.-,Reubicación | Personal,
promulga,#1211,05/12/2025,25/11/2025,Decreto,DECRE-2025-1402-SI-INTEN,Expediente N° EX-2025-00240058-SI-DDS - Limitar el traslado en comisión del Sr. Carlos Esteban Mónaco (Legajo N° 18.148) al Honorable Concejo Deliberante y reubicar al agente en la Tesorería General.-,Reubicación | Personal,
promulga,#1212,19/12/2025,02/12/2025,Decreto,DECRE-2025-1476-SI-INTEN,Expediente EX-2025-00134822-SI-SSMOV - Ordenanza N° 9390.,Modificación | Sentido de Circulación,
promulga,#1212,19/12/2025,04/12/2025,Decreto,DECRE-2025-1497-SI-INTEN,"Expediente N° 11411/2024 - Ocupar preventivamente el inmueble ubicado en la calle Edison N° 802, ciudad de Martínez, en el marco de la Ordenanza General N° 38.-",Ocupación Preventiva | Inmueble,
promulga,#1213,30/12/2025,18/12/2025,Decreto,DECRE-2025-1558-SI-INTEN,"Expediente EX-2025-00273252-SI-SDMEYA - Ordenanza N° 9390. Modificar el sentido de circulación de la calle La Paz, en el tramo comprendido entre las calles Dardo Rocha y Catamarca.-",Modificación | Sentido de Circulación,
promulga,#1213,30/12/2025,23/12/2025,Decreto,DECRE-2025-1576-SI-INTEN,Expediente N° 270302/2025 - Promulgar y hacer cumplir la Ordenanza Municipal N° 9414.-,Promulgación | Ordenanza Municipal,
promulga,#1213,30/12/2025,23/12/2025,Decreto,DECRE-2025-1577-SI-INTEN,Expediente N° 270506/2025 - Promulgar y hacer cumplir la Ordenanza Municipal N° 9415.-,Promulgación | Ordenanza Municipal,
promulga,#1213,30/12/2025,26/12/2025,Decreto,DECRE-2025-1594-SI-INTEN,Expediente N° 264731/2025 (Cuerpos 0 a 8 ) - Promulgación Ordenanza N° 9422 .-,Promulgación | Ordenanza,
promulga,#1217,06/01/2026,30/12/2025,Decreto,DECRE-2025-1603-SI-INTEN,Expediente N° 71473/2025 - Promulgar y hacer cumplir la Ordenanza Municipal N° 9420.-,Promulgación | Ordenanza,
promulga,#1217,06/01/2026,30/12/2025,Decreto,DECRE-2025-1608-SI-INTEN,Expediente N° 33966/2025 - Promulgar y hacer cumplir la Ordenanza Municipal N° 9421.-,Promulgación | Ordenanza,
promulga,#1221,26/02/2026,02/01/2026,Decreto,DECRE-2026-1-SI-INTEN,Expediente N° 4096/2025 - Promulgar y hacer cumplir la Ordenanza Municipal N° 9416.-,Promulgación | Ordenanza,
promulga,#1221,26/02/2026,07/01/2026,Decreto,DECRE-2026-11-SI-INTEN,Expediente N° 109952/2025 - Promulgar y hacer cumplir la Ordenanza Municipal N° 9417.-,Promulgación | Ordenanza,
promulga,#1221,26/02/2026,09/01/2026,Decreto,DECRE-2026-26-SI-INTEN,"Expediente N° EX-2025-00278883-SI-DDS - Inclusión artículo 15, inc. a de la Ordenanza N° 9381.-",Bonificación,
observa_o_suprime,#1221,26/02/2026,12/01/2026,Decreto,DECRE-2026-37-SI-INTEN,EX-2025-283656-SI-SECAMEP - Promulgar y hacer cumplir la Ordenanza Municipal N° 9418 y suprimir el una frase del artículo 31 del Anexo I.-,Observación | Promulgación | Ordenanza Municipal,
promulga,#1221,26/02/2026,15/01/2026,Decreto,DECRE-2026-62-SI-INTEN,"Expediente N° EX-2025-00098159-SI-DGRRHH - Trasladar en comisión al Sr. Esteban Daniel Lotz (Legajo N° 12.368) al Honorable Concejo Deliberante y limitar las funciones de Director General, asignándole funciones administrativas.-",Traslado | Personal,
promulga,#1222,31/03/2026,23/02/2026,Decreto,DECRE-2026-217-SI-INTEN,Expediente N° EX-2025-00269568-SI-SSRC - Promulgación de la Ordenanza N° 9419.-,Promulgación | Ordenanza Municipal,
promulga,#1226,21/05/2026,30/03/2026,Decreto,DECRE-2026-354-SI-INTEN,"Expediente N° 44-HCD-2026 - Promulgación Ordenanza Municipal N° 9423 ""Día Municipal del Niño por Nacer”.-",Promulgación | Ordenanza,https://tesi.sanisidro.gob.ar/boletin/pdf/eyJpdiI6IlNkc0d6MDM4b1l4VHh4NGIrekJLMGc9PSIsInZhbHVlIjoiR2dzYWc5a1l2clNLTGJFNlJKaGVyVEZ3dVVTWVptSS8yVDFCRmJZQURQOUxsU0pacDRDekEyTXllSUtDQm1kZCIsIm1hYyI6ImYwYTgzZTNjNjFlMWY2OWRjNDVjNWU5YzQxZjdlZmI0OTM3ZTQ4YmU3OTgwMDQwNjk2ZTMzMjk4ZDdkNTU2MWYiLCJ0YWciOiIifQ==
promulga,#1228,02/06/2026,22/04/2026,Decreto,DECRE-2026-455-SI-INTEN,Expediente Nº EX-2025-00242262-SI-SSMOV - Promulgación Ordenanza Municipal N° 9426.-,,https://tesi.sanisidro.gob.ar/boletin/pdf/eyJpdiI6Im8wQkRSZm5SaFcxWjYvOERjQmdiQ0E9PSIsInZhbHVlIjoiYzhFdkNxWUVObGRsWWJHdjlrUzNuM3VQUURqblQ5L20yQTVSR2tHYXBrWEExNUVteHg2TnFOVnRaWUF0aHJ0ayIsIm1hYyI6IjZjODYxMTQ5YTZmODJlYmQ1YzFmNDA5MjA1OGY2YWMxMmM2MzYzN2VkNzJhYTUyMjdmMjdhMmE1Nzc1ZmEyYzIiLCJ0YWciOiIifQ==
promulga,#1228,02/06/2026,22/04/2026,Decreto,DECRE-2026-457-SI-INTEN,Expediente N° EX-2025-00083342-SI-SSMOV - Promulgación Ordenanza Municipal N° 9427.-,,https://tesi.sanisidro.gob.ar/boletin/pdf/eyJpdiI6IlpuZmw1VGg4M29zdjdxdERtOG5IR3c9PSIsInZhbHVlIjoibUttVUU5citoRkllMWgrenM4eWlaakU2aEZHdU10cFFkNmp3SEVFNEJwQ1dWQkhqaUdyTUZjWlpFKzdGMXNjeiIsIm1hYyI6Ijk1Mzc2MjE0Mjg1NjQ3YzRhZjkyZDAzNTg4YzI1M2VjMzUxYjQ4YjhjOGM4Y2FmYjVlYTA1MzJmNjBlMzVkM2QiLCJ0YWciOiIifQ==
promulga,#1228,02/06/2026,22/04/2026,Decreto,DECRE-2026-458-SI-INTEN,Expediente Nº EX-2026-00065385-SI-DDS - Promulgación Ordenanza Municipal N° 9425.-,,https://tesi.sanisidro.gob.ar/boletin/pdf/eyJpdiI6IkIrSmh1RUFhMDZ0K29yaXAwbEpKcEE9PSIsInZhbHVlIjoiYWRsN2hSMEpyWHFkcllUNDA0bjhycHZzbmhsN1FpMUNQc2dOWUZrdTU4c1MxdGJzVFYwVkdsMDREdU1hcVhpSyIsIm1hYyI6IjUzZTFjMGY5MTk3YzIyZmUyMjJjYTRmMGQyYTc5ZDBjNDYwZjhhOWVkZDU5ODBmMWVlZDViYzU4NDZlMDQ5ZDEiLCJ0YWciOiIifQ==
promulga,#1228,02/06/2026,22/04/2026,Decreto,DECRE-2026-459-SI-INTEN,Expediente N° 9284/2024 - Promulgación Ordenanza Municipal N° 9424 (Aceptación Donación de la empresa Pfizer S.R.L.).--,,https://tesi.sanisidro.gob.ar/boletin/pdf/eyJpdiI6IjFpYk5Id2doZm5vVHk1eDB0amlNSXc9PSIsInZhbHVlIjoiRWNPU003Z2lvZmUrMnVnQ3FZME4xSDFRTHRaWTRiTS83a1NQQ2hCdVY3L09MZjM1bng5aHR1RFh5dWx1YTFucyIsIm1hYyI6IjgyMmM0YTMxODg4MDdiNzg5M2ExNzVhYjE5NmZmMjM2ODEwNjNlNGEwZDVmYzMwMzRkMzE0MjZkYjBlNmIyZWIiLCJ0YWciOiIifQ==
promulga,#1228,02/06/2026,22/04/2026,Decreto,DECRE-2026-465-SI-INTEN,Expediente Nº EX-2026-00083067-SI-SECPDU - Promulgación Ordenanza Municipal N° 9430.-,,https://tesi.sanisidro.gob.ar/boletin/pdf/eyJpdiI6IlRJZTY4bXJkUlpEcUIzcEZLZlE4QWc9PSIsInZhbHVlIjoibDBxWXNrVzZZZXlNQ1gxenFPZC9kaHl1dVd0SW9TdGhySzh1UVEzWC9wZlBEcTVPTHAzZ2FrbHdNbXdkK0lBQSIsIm1hYyI6ImNmMzI5OGNlODYwMDEwOGFlYzgyYzlhNWMzNjM5ZjY4ZGQ5YjEwNTkzNDg2YzA0MGQ3N2MyMTJkMGEyNTZjZDkiLCJ0YWciOiIifQ==
promulga,#1230,06/07/2026,05/05/2026,Decreto,DECRE-2026-507-SI-INTEN,Expediente N° EX-2026-00065370-SI-DDS - Promulgación Ordenanza Municipal N° 9428 (legítimo abono Carlos Alberto Maldotti).-,Promulgación | Ordenanza,https://tesi.sanisidro.gob.ar/boletin/pdf/eyJpdiI6IjNKUWhRMWZYajBWYUp0WDFCbHFseXc9PSIsInZhbHVlIjoiWG5HVklSOHJZaU5yOTJjNjNYQnFXZG5aM2NWblBLdHlMdXNRZXhRNHk2RU1CRGdFcXpmcmZqL1JsSVQ2anRyNiIsIm1hYyI6Ijk0ZDk5MDk2OTM4NGQ4OGIzYzg4ZDYwMjY0MDU5MDZlNWE1ZmVkMTMzZmU3MGM4MGVjODVhMjhjYTFhM2Q3ZmUiLCJ0YWciOiIifQ==
promulga,#1230,06/07/2026,05/05/2026,Decreto,DECRE-2026-508-SI-INTEN,Expediente N° EX-2026-00065387-SI-DDS - Promulgación Ordenanza Municipal N° 9429 (Legítimo abono María Passarini).-,Promulgación | Ordenanza,https://tesi.sanisidro.gob.ar/boletin/pdf/eyJpdiI6IkNrcGhiTE9zMGpGUStya29UZkpwM2c9PSIsInZhbHVlIjoic0pxVmFEOTdCcmw3U1BmVjRQeEloUUNDTHl0RlBRN242ZzcrWEtoVGdSZzQvYStNYlJkWWN1VXA1LzUvb3lyciIsIm1hYyI6IjAzMjAxMDI5MGFmMGYyZTg5Y2VmZGE4MjlkMTNhNDkzOTNmNDQ4NGVjNTM4NGZhNmQ4ODI5MTM1ZjExOGQyYTYiLCJ0YWciOiIifQ==
promulga,#1231,17/07/2026,19/05/2026,Decreto,DECRE-2026-564-SI-INTEN,Expediente Nº 6089/2011 (Cuerpo 2) - Promulgación Ordenanza Municipal N° 9433.-,Promulgación | Ordenanza,https://tesi.sanisidro.gob.ar/boletin/pdf/eyJpdiI6IkRFMWplK3I4bkMrUHg2ak1tTU5qemc9PSIsInZhbHVlIjoiSDJoWFRlMEJTQ2hDRzJ4T3dFQ2NPK1VsUTFzM1Q2d01qOVJHWWJLSVBJMEtxUkR5eEN5aWp4cGhaeHFHdjh3bCIsIm1hYyI6IjNkNTEzMjdjZTBlODJhNjAxYTNiNjc4MWE3MDZmNTRlODBlMmMxMzI3ZDRmY2IxMWY2MTg0ODNmZTY5YjM2ZDgiLCJ0YWciOiIifQ==
promulga,#1226,21/05/2026,20/05/2026,Decreto,DECRE-2026-570-SI-INTEN,Expediente N° 248/2026 - Promulgar y hacer cumplir la Ordenanza Municipal N° 9435.-,Promulgación | Ordenanza,https://tesi.sanisidro.gob.ar/boletin/pdf/eyJpdiI6IjZzd3NEbjlIZWp2VmJINldreUh6Unc9PSIsInZhbHVlIjoiSVZpYXRCRGJTY3ZQSm1IcUt5MFlzcEFsa29QWlZSV2NwVjM5QzZtbTRXaDRWd3ZmdmRkYXhvckFQby9HVmVPWiIsIm1hYyI6IjQyYjA5NTMzNDMxNTU5ZTdjNTgyZjE3ZTMxMzMyNzg0N2ZlZTMyNDc5NjU3M2FlOWRjYTllYWI4NDQ3MDA1MDMiLCJ0YWciOiIifQ==
promulga,#1227,01/06/2026,26/05/2026,Decreto,DECRE-2026-581-SI-INTEN,Expediente Nº EX-2026-00124638-SI-SSPLAUR - Promulgar y hacer cumplir la Ordenanza Municipal N° 9432.-,Promulgación | Ordenanza Municipal,https://tesi.sanisidro.gob.ar/boletin/pdf/eyJpdiI6IkQzWmFTcGJBSDVLdnJWQXM4aDdKTkE9PSIsInZhbHVlIjoibEYxeFg1RHFYeU9tbkFvNm9RZ05CQ2V0ajJ0M3NCME9uaW94N1NXUnRpbVoxV01OUnFUVjBoRXhYTll4Sk9HbiIsIm1hYyI6IjJjMjY2YmY2YWU0ZjMxMTRmNjA5MjlmYmIzNjExYTgxMjBjZWY4N2FiZjZkNjNlN2IxYTI1Yjk3ZjU1YTUwZmQiLCJ0YWciOiIifQ==
promulga,#1231,17/07/2026,26/05/2026,Decreto,DECRE-2026-586-SI-INTEN,Expediente N° EX-2026-00128077-SI-CONT - Promulgar y hacer cumplir la Ordenanza Municipal N° 9431.-,Promulgación | Ordenanza,https://tesi.sanisidro.gob.ar/boletin/pdf/eyJpdiI6IjhLU3hFYkdVV1ltRkwwTzBXL0dJaHc9PSIsInZhbHVlIjoiakFaMnRCL0Q2TktNbEtIamJOenRWaVE3djB1WVJMYzBVZ2U1VkNjQldwTU5XMFEvSDdWbmw5SHFXbDlxazhobiIsIm1hYyI6ImVjOWUyYzA0M2VkZmUwODM5YjgxOGQyMjM2MDMwMmIxYTc2ZjJiZWQzYWMyNTY4ZTliM2I5MzE3ZWY0YjkzODEiLCJ0YWciOiIifQ==
promulga,#1232,23/07/2026,04/06/2026,Decreto,DECRE-2026-608-SI-INTEN,Expediente N° 10848/2019 - Promulgación Ordenanza Municipal N° 9434.-,Promulgación | Ordenanza,https://tesi.sanisidro.gob.ar/boletin/pdf/eyJpdiI6ImtUYW54WW9NMUtpNitva3dEYmJKOXc9PSIsInZhbHVlIjoicVEwS0RFQ0haRGRXL290dWxyTUVYYWp2bVBnNll3VmhyWlZWMnJKeXVtTEZRcU1oVDNYU1YzNVZuLzZ2c1k2aCIsIm1hYyI6IjBkYjM0NWQyMzE1NzA3ZTczZjhmYTQ0YmJjMDlhYjZiMzgzZjdhYTA1ZTE0NWEyOGQzZjNlMzNiMzI1MzM2MzkiLCJ0YWciOiIifQ==
promulga,#1233,03/08/2026,16/06/2026,Decreto,DECRE-2026-648-SI-INTEN,Expediente Nº EX-2025-00357593-SI-DDS - Trasladar en comisión a la Sra. María Fernanda Randolino (Legajo N° 58.545) del Centro de Atención Primaria San Isidro Labrador al Honorable Concejo Deliberante.-,Traslado | Personal,https://tesi.sanisidro.gob.ar/boletin/pdf/eyJpdiI6IjVQWS9DcnpFVCtXRWdJcy9RQmZIekE9PSIsInZhbHVlIjoibWw5RGxERHh6V05JYytpSzFLcGM2RkxGZGRZS2hHcTNCdjA2czZHK0p1eGdGbFYyaWF0VGYweUNvNDlJS251WCIsIm1hYyI6ImIwMDZkOWIzOTU5MmI1NDg3MjIxNWYyZjA2NDgzZjMzYWYxMjYxMGM3ODZmOTM5YWIxOTY4OTkxNTUyNzVhMTAiLCJ0YWciOiIifQ==
promulga,#1233,03/08/2026,17/06/2026,Decreto,DECRE-2026-655-SI-INTEN,Expediente Nº EX-2025-00273252-SI-SDMEYA - Promulgación Ordenanza Municipal N° 9437.-,Promulgación | Ordenanza,https://tesi.sanisidro.gob.ar/boletin/pdf/eyJpdiI6InBLMGREbmdTWktaWDZMZEVUSjhsYUE9PSIsInZhbHVlIjoiWGxQNVhPTENES2ptUTlKWGJCWldrOXh3Z3ovTHF1ZWhrUlFHRWJ1c3BQcXlhNmgzcUl0bkx0VDNiUWZ2aytILyIsIm1hYyI6IjY2NWJmMjM5NjA5MzA3MTg5YmM0ODEzNTQyNDUzOGRlNTBlMzE4MjM3NjFlNjEzMWEwNjQ1ZmIzOWU0YTlmMjUiLCJ0YWciOiIifQ==
promulga,#1233,03/08/2026,17/06/2026,Decreto,DECRE-2026-656-SI-INTEN,Expediente N° EX-2025-00134822-SI-SSMOV - Promulgación Ordenanza Municipal N° 9438.-,Promulgación | Ordenanza,https://tesi.sanisidro.gob.ar/boletin/pdf/eyJpdiI6InE4V2g4dHZxTEcrcjhhUjFDdUNua1E9PSIsInZhbHVlIjoiRno4cFdkaStCMFJJMk1kdWNDOTFSUTVJSWl6aGhvV0pVTEhzcG53L2IxaExoWlRwQTNIRlo3bUF1cjZ5WGlCRSIsIm1hYyI6ImVlN2I3MjAzNmMyZTUwNzJjMzRhZjY5YjIzZWY0ZWIzNDgzMzk3NGMzN2ZmMTBhN2MxOTkwNDQ4ODM5Yzc3ZGUiLCJ0YWciOiIifQ==
promulga,#1233,03/08/2026,24/06/2026,Decreto,DECRE-2026-686-SI-INTEN,Expediente Nº EX-2025-00199536-SI-SSNAC - Promulgación Ordenanza Municipal N° 9436 - Adjudicación Licitación Pública Nº 58/2025 “SERVICIO DE ACOMPAÑANTES TERAPÉUTICOS”.-,Promulgación | Ordenanza,https://tesi.sanisidro.gob.ar/boletin/pdf/eyJpdiI6Ik45cytyeGdQZGVkeEtNZTZBRWlFVFE9PSIsInZhbHVlIjoiRmtYVDR2dGRlUU95d2JITWoyaWpwWFU5OUhhUDlyQnJwZFQvWmQreEl5VU04T2RyWnNmT1o0WGFtYkRPWXVjdSIsIm1hYyI6IjY5MzZjYWQxZWM3ZTBmZmZjYjRmOTEzNWQwM2U0NGE5ZDliZGJhZTQzYTNjYzg3MGUyNjhlMzY1MmQ2NWNmZGIiLCJ0YWciOiIifQ==
promulga,#1234,24/08/2026,14/07/2026,Decreto,DECRE-2026-761-SI-INTEN,Expediente N° EX-2026-00097341-SI-SECHYF - Promulgar y hacer cumplir la Ordenanza Municipal N° 9439.-,Promulgación | Ordenanza,https://tesi.sanisidro.gob.ar/boletin/pdf/eyJpdiI6ImRqemtNRHE0MmRFU1dJQk1ZYmdTcGc9PSIsInZhbHVlIjoiR215VjBHc2lBZnpkRnU5NEhSTno0Tnl0V3ltTGJSR3NiRFBRREtQYXVtMGtNTCtmcVRleXFwOWgxb2VkVGxqRiIsIm1hYyI6ImFjNmUxOTIyZGI3MTBhYWJlNzEyODM0NzQwNmQ2NzFmNWI4MTUxNjkxMzY3MjJmMzdjY2M4ZmFhOWRhZmQ0MWMiLCJ0YWciOiIifQ==
promulga,#1235,28/08/2026,22/07/2026,Decreto,DECRE-2026-782-SI-INTEN,Expediente Nº 8192/2022 (Cuerpos 0 y 2) - Aprobación Acta Nº 116 de la Comisión Negociadora Municipal. Modificación Ordenanza Nº 9422.-,Aprobación | Acta | Comisión Negociadora Municipal,https://tesi.sanisidro.gob.ar/boletin/pdf/eyJpdiI6InlvQTZZc3p4SjBTYS8vd1JPVlBXZkE9PSIsInZhbHVlIjoiTi9mYWczSVZxYmo1dDhNSHhCUXRhNytZVjR5WWZSbVlYd1VYcU9IRmdDbHFzdWxCK25XeSt1WWdIREZ2K1grLyIsIm1hYyI6IjU0YWFjNGEyYzIyOTc4YTg0Mzk0YjJiMDM3MjhmMWY5YmM2YTUyZGFlYjBhODBjYjM3NDRhNDkxNTFjZmFiYjciLCJ0YWciOiIifQ==
promulga,#1237,01/09/2026,01/09/2026,Decreto,DECRE-2026-900-SI-INTEN,Expediente Nº EX-2026-00275249-SI-SDMEYA - Promulgar y hacer cumplir la Ordenanza Municipal Nº 9445.-,Promulgación | Ordenanza,https://tesi.sanisidro.gob.ar/boletin/pdf/eyJpdiI6IkcvUytnRFZnUEl0WGRFNkNROUkxOHc9PSIsInZhbHVlIjoiYVJlTUpRUWNRS2xKbk5TWFhXY2VUL3dFTDJjeWpQQ3krRDJiWU00ZUlUUElPamZpMEkzR2FRaFVsZUVZQ1NiayIsIm1hYyI6ImQxYjIwMjBiYmY3NzI1MGQ2OGY2YTNhMTk0ZTkzMWEwZDM3MWY1MDgxMjEwYWUyYWQ3YmZjMzA0YzEyM2UyNGEiLCJ0YWciOiIifQ==
