anio,trimestre,fecha_corte,codigo,concepto,saldo,amortiz_ej1,intereses_ej1,amortiz_ej2,intereses_ej2,amortiz_ej3,intereses_ej3,amortiz_resto,intereses_resto,deuda_vencida_impaga,fuente,coef_deflactor,base_coef,monto_constante_dic2025,saldo_const_dic2025,amortiz_ej1_const_dic2025,intereses_ej1_const_dic2025,amortiz_ej2_const_dic2025,intereses_ej2_const_dic2025,amortiz_ej3_const_dic2025,intereses_ej3_const_dic2025,amortiz_resto_const_dic2025,intereses_resto_const_dic2025,deuda_vencida_impaga_const_dic2025
2024,I,31/3/2024,1,DEUDA CONSOLIDADA,1407841940.00,1394054543.00,,,,,,,,,2024_i_stock_de_deuda.pdf,1.88934030,"stock al 31/3/2024, indice de 2024-03",2659892513.27,2659892513.27,2633843428.49,,,,,,,,
2024,I,31/3/2024,1.1,ORGANISMOS PUBLICOS PROVINCIALES,1229585785.00,1229585785.00,,,,,,,,,2024_i_stock_de_deuda.pdf,1.88934030,"stock al 31/3/2024, indice de 2024-03",2323105975.91,2323105975.91,2323105975.91,,,,,,,,
2024,I,31/3/2024,1.1.1,TESORO PROVINCIAL,237157017.00,237157017.00,,,,,,,,,2024_i_stock_de_deuda.pdf,1.88934030,"stock al 31/3/2024, indice de 2024-03",448070309.65,448070309.65,448070309.65,,,,,,,,
2024,I,31/3/2024,1.1.3,I.P.S. (**),707413470.00,707413470.00,,,,,,,,,2024_i_stock_de_deuda.pdf,1.88934030,"stock al 31/3/2024, indice de 2024-03",1336544777.63,1336544777.63,1336544777.63,,,,,,,,
2024,I,31/3/2024,1.1.4,I.O.M.A.(**),285015299.00,285015299.00,,,,,,,,,2024_i_stock_de_deuda.pdf,1.88934030,"stock al 31/3/2024, indice de 2024-03",538490890.52,538490890.52,538490890.52,,,,,,,,
2024,I,31/3/2024,1.2,ORGANISMOS PUBLICOS NACIONALES,0.00,0.00,,,,,,,,,2024_i_stock_de_deuda.pdf,1.88934030,"stock al 31/3/2024, indice de 2024-03",0.00,0.00,0.00,,,,,,,,
2024,I,31/3/2024,1.3,BANCOS,0.00,0.00,,,,,,,,,2024_i_stock_de_deuda.pdf,1.88934030,"stock al 31/3/2024, indice de 2024-03",0.00,0.00,0.00,,,,,,,,
2024,I,31/3/2024,1.4,EMPRESAS,164468758.00,164468758.00,,,,,,,,,2024_i_stock_de_deuda.pdf,1.88934030,"stock al 31/3/2024, indice de 2024-03",310737452.58,310737452.58,310737452.58,,,,,,,,
2024,I,31/3/2024,1.4.2,PROVEEDORES (CEAMSE) (***),164468758.00,164468758.00,,,,,,,,,2024_i_stock_de_deuda.pdf,1.88934030,"stock al 31/3/2024, indice de 2024-03",310737452.58,310737452.58,310737452.58,,,,,,,,
2024,I,31/3/2024,1.5,"TITULOS, BONOS, ETC",0.00,0.00,,,,,,,,,2024_i_stock_de_deuda.pdf,1.88934030,"stock al 31/3/2024, indice de 2024-03",0.00,0.00,0.00,,,,,,,,
2024,I,31/3/2024,1.6,OTRAS DEUDAS,13787397.00,0.00,,,,,,,,,2024_i_stock_de_deuda.pdf,1.88934030,"stock al 31/3/2024, indice de 2024-03",26049084.78,26049084.78,0.00,,,,,,,,
2024,I,31/3/2024,2,Saldo de Deuda Flotante,2778693322.00,,,,,,,,,,2024_i_stock_de_deuda.pdf,1.88934030,"stock al 31/3/2024, indice de 2024-03",5249897274.60,5249897274.60,,,,,,,,,
2024,II,30/6/2024,1,DEUDA CONSOLIDADA,1978298656.00,1971442207.00,,,,,,,,,2024_ii_stock_de_deuda_0.pdf,1.59348640,"stock al 30/6/2024, indice de 2024-06",3152392003.47,3152392003.47,3141466345.24,,,,,,,,
2024,II,30/6/2024,1.1,ORGANISMOS PUBLICOS PROVINCIALES,1698977846.00,1698977846.00,,,,,,,,,2024_ii_stock_de_deuda_0.pdf,1.59348640,"stock al 30/6/2024, indice de 2024-06",2707298091.50,2707298091.50,2707298091.50,,,,,,,,
2024,II,30/6/2024,1.1.1,TESORO PROVINCIAL,237157017.00,237157017.00,,,,,,,,,2024_ii_stock_de_deuda_0.pdf,1.59348640,"stock al 30/6/2024, indice de 2024-06",377906481.25,377906481.25,377906481.25,,,,,,,,
2024,II,30/6/2024,1.1.3,I.P.S. (**),1064595610.00,1064595610.00,,,,,,,,,2024_ii_stock_de_deuda_0.pdf,1.59348640,"stock al 30/6/2024, indice de 2024-06",1696418626.03,1696418626.03,1696418626.03,,,,,,,,
2024,II,30/6/2024,1.1.4,I.O.M.A.(**),397225219.00,397225219.00,,,,,,,,,2024_ii_stock_de_deuda_0.pdf,1.59348640,"stock al 30/6/2024, indice de 2024-06",632972984.21,632972984.21,632972984.21,,,,,,,,
2024,II,30/6/2024,1.2,ORGANISMOS PUBLICOS NACIONALES,0.00,0.00,,,,,,,,,2024_ii_stock_de_deuda_0.pdf,1.59348640,"stock al 30/6/2024, indice de 2024-06",0.00,0.00,0.00,,,,,,,,
2024,II,30/6/2024,1.3,BANCOS,0.00,0.00,,,,,,,,,2024_ii_stock_de_deuda_0.pdf,1.59348640,"stock al 30/6/2024, indice de 2024-06",0.00,0.00,0.00,,,,,,,,
2024,II,30/6/2024,1.4,EMPRESAS,272464361.00,272464361.00,,,,,,,,,2024_ii_stock_de_deuda_0.pdf,1.59348640,"stock al 30/6/2024, indice de 2024-06",434168253.74,434168253.74,434168253.74,,,,,,,,
2024,II,30/6/2024,1.4.2,PROVEEDORES (CEAMSE) (***),272464361.00,272464361.00,,,,,,,,,2024_ii_stock_de_deuda_0.pdf,1.59348640,"stock al 30/6/2024, indice de 2024-06",434168253.74,434168253.74,434168253.74,,,,,,,,
2024,II,30/6/2024,1.6,OTRAS DEUDAS (leasing)*,6856450.00,0.00,,,,,,,,,2024_ii_stock_de_deuda_0.pdf,1.59348640,"stock al 30/6/2024, indice de 2024-06",10925659.83,10925659.83,0.00,,,,,,,,
2024,II,30/6/2024,2,Saldo de Deuda Flotante,3702941572.00,,,,,,,,,,2024_ii_stock_de_deuda_0.pdf,1.59348640,"stock al 30/6/2024, indice de 2024-06",5900587034.98,5900587034.98,,,,,,,,,
2024,III,30/9/2024,1,DEUDA CONSOLIDADA,2089441821.00,2089441821.00,,,,,,,,,2024_iii_stock_de_deuda.pdf,1.42109346,"stock al 30/9/2024, indice de 2024-09",2969292106.87,2969292106.87,2969292106.87,,,,,,,,
2024,III,30/9/2024,1.1,ORGANISMOS PUBLICOS PROVINCIALES,1866060514.00,1866060514.00,,,,,,,,,2024_iii_stock_de_deuda.pdf,1.42109346,"stock al 30/9/2024, indice de 2024-09",2651846392.41,2651846392.41,2651846392.41,,,,,,,,
2024,III,30/9/2024,1.1.1,TESORO PROVINCIAL,237157017.00,237157017.00,,,,,,,,,2024_iii_stock_de_deuda.pdf,1.42109346,"stock al 30/9/2024, indice de 2024-09",337022285.85,337022285.85,337022285.85,,,,,,,,
2024,III,30/9/2024,1.1.3,I.P.S. (**),1170932359.00,1170932359.00,,,,,,,,,2024_iii_stock_de_deuda.pdf,1.42109346,"stock al 30/9/2024, indice de 2024-09",1664004317.48,1664004317.48,1664004317.48,,,,,,,,
2024,III,30/9/2024,1.1.4,I.O.M.A.(**),457971139.00,457971139.00,,,,,,,,,2024_iii_stock_de_deuda.pdf,1.42109346,"stock al 30/9/2024, indice de 2024-09",650819790.50,650819790.50,650819790.50,,,,,,,,
2024,III,30/9/2024,1.2,ORGANISMOS PUBLICOS NACIONALES,0.00,0.00,,,,,,,,,2024_iii_stock_de_deuda.pdf,1.42109346,"stock al 30/9/2024, indice de 2024-09",0.00,0.00,0.00,,,,,,,,
2024,III,30/9/2024,1.3,BANCOS,0.00,0.00,,,,,,,,,2024_iii_stock_de_deuda.pdf,1.42109346,"stock al 30/9/2024, indice de 2024-09",0.00,0.00,0.00,,,,,,,,
2024,III,30/9/2024,1.4,EMPRESAS,223381307.00,223381307.00,,,,,,,,,2024_iii_stock_de_deuda.pdf,1.42109346,"stock al 30/9/2024, indice de 2024-09",317445714.46,317445714.46,317445714.46,,,,,,,,
2024,III,30/9/2024,1.4.2,PROVEEDORES (CEAMSE) (***),223381307.00,223381307.00,,,,,,,,,2024_iii_stock_de_deuda.pdf,1.42109346,"stock al 30/9/2024, indice de 2024-09",317445714.46,317445714.46,317445714.46,,,,,,,,
2024,III,30/9/2024,1.6,OTRAS DEUDAS,0.00,0.00,,,,,,,,,2024_iii_stock_de_deuda.pdf,1.42109346,"stock al 30/9/2024, indice de 2024-09",0.00,0.00,0.00,,,,,,,,
2024,III,30/9/2024,2,Saldo de Deuda Flotante,5241933083.00,,,,,,,,,,2024_iii_stock_de_deuda.pdf,1.42109346,"stock al 30/9/2024, indice de 2024-09",7449276822.01,7449276822.01,,,,,,,,,
2024,IV,31/12/2024,1,DEUDA CONSOLIDADA,3740460832.00,2685165528.00,,,,,,,,,2024_iv_stock_de_deuda.pdf,1.31548761,"stock al 31/12/2024, indice de 2024-12",4920529880.19,4920529880.19,3532301982.88,,,,,,,,
2024,IV,31/12/2024,1.1,ORGANISMOS PUBLICOS PROVINCIALES,2370514280.00,2370514280.00,,,,,,,,,2024_iv_stock_de_deuda.pdf,1.31548761,"stock al 31/12/2024, indice de 2024-12",3118382164.67,3118382164.67,3118382164.67,,,,,,,,
2024,IV,31/12/2024,1.1.1,TESORO PROVINCIAL,237157017.00,237157017.00,,,,,,,,,2024_iv_stock_de_deuda.pdf,1.31548761,"stock al 31/12/2024, indice de 2024-12",311977117.49,311977117.49,311977117.49,,,,,,,,
2024,IV,31/12/2024,1.1.3,I.P.S. (**),1535527114.00,1535527114.00,,,,,,,,,2024_iv_stock_de_deuda.pdf,1.31548761,"stock al 31/12/2024, indice de 2024-12",2019966893.29,2019966893.29,2019966893.29,,,,,,,,
2024,IV,31/12/2024,1.1.4,I.O.M.A.(**),597830149.00,597830149.00,,,,,,,,,2024_iv_stock_de_deuda.pdf,1.31548761,"stock al 31/12/2024, indice de 2024-12",786438153.89,786438153.89,786438153.89,,,,,,,,
2024,IV,31/12/2024,1.2,ORGANISMOS PUBLICOS NACIONALES,0.00,0.00,,,,,,,,,2024_iv_stock_de_deuda.pdf,1.31548761,"stock al 31/12/2024, indice de 2024-12",0.00,0.00,0.00,,,,,,,,
2024,IV,31/12/2024,1.3,BANCOS,0.00,0.00,,,,,,,,,2024_iv_stock_de_deuda.pdf,1.31548761,"stock al 31/12/2024, indice de 2024-12",0.00,0.00,0.00,,,,,,,,
2024,IV,31/12/2024,1.4,EMPRESAS,314651248.00,314651248.00,,,,,,,,,2024_iv_stock_de_deuda.pdf,1.31548761,"stock al 31/12/2024, indice de 2024-12",413919818.22,413919818.22,413919818.22,,,,,,,,
2024,IV,31/12/2024,1.4.2,PROVEEDORES (CEAMSE) (***),314651248.00,314651248.00,,,,,,,,,2024_iv_stock_de_deuda.pdf,1.31548761,"stock al 31/12/2024, indice de 2024-12",413919818.22,413919818.22,413919818.22,,,,,,,,
2024,IV,31/12/2024,1.6,OTRAS DEUDAS,1055295304.00,0.00,,,,,,,,,2024_iv_stock_de_deuda.pdf,1.31548761,"stock al 31/12/2024, indice de 2024-12",1388227897.30,1388227897.30,0.00,,,,,,,,
2025,I,31/3/2025,1,DEUDA CONSOLIDADA,3554732361.00,2588973320.00,,,,,,,,,2025_i_stock_de_deuda.pdf,1.21165915,"stock al 31/3/2025, indice de 2025-03",4307123991.01,4307123991.01,3136953212.28,,,,,,,,
2025,I,31/3/2025,1.1,ORGANISMOS PUBLICOS PROVINCIALES,2372987424.00,2372987424.00,,,,,,,,,2025_i_stock_de_deuda.pdf,1.21165915,"stock al 31/3/2025, indice de 2025-03",2875251925.12,2875251925.12,2875251925.12,,,,,,,,
2025,I,31/3/2025,1.1.1,TESORO PROVINCIAL,237157017.00,237157017.00,,,,,,,,,2025_i_stock_de_deuda.pdf,1.21165915,"stock al 31/3/2025, indice de 2025-03",287353469.63,287353469.63,287353469.63,,,,,,,,
2025,I,31/3/2025,1.1.3,I.P.S. (**),1547470137.00,1547470137.00,,,,,,,,,2025_i_stock_de_deuda.pdf,1.21165915,"stock al 31/3/2025, indice de 2025-03",1875006350.85,1875006350.85,1875006350.85,,,,,,,,
2025,I,31/3/2025,1.1.4,I.O.M.A.(**),588360270.00,588360270.00,,,,,,,,,2025_i_stock_de_deuda.pdf,1.21165915,"stock al 31/3/2025, indice de 2025-03",712892104.64,712892104.64,712892104.64,,,,,,,,
2025,I,31/3/2025,1.2,ORGANISMOS PUBLICOS NACIONALES,0.00,0.00,,,,,,,,,2025_i_stock_de_deuda.pdf,1.21165915,"stock al 31/3/2025, indice de 2025-03",0.00,0.00,0.00,,,,,,,,
2025,I,31/3/2025,1.3,BANCOS,0.00,0.00,,,,,,,,,2025_i_stock_de_deuda.pdf,1.21165915,"stock al 31/3/2025, indice de 2025-03",0.00,0.00,0.00,,,,,,,,
2025,I,31/3/2025,1.4,EMPRESAS,215985896.00,215985896.00,,,,,,,,,2025_i_stock_de_deuda.pdf,1.21165915,"stock al 31/3/2025, indice de 2025-03",261701287.16,261701287.16,261701287.16,,,,,,,,
2025,I,31/3/2025,1.4.2,PROVEEDORES (CEAMSE) (***),215985896.00,215985896.00,,,,,,,,,2025_i_stock_de_deuda.pdf,1.21165915,"stock al 31/3/2025, indice de 2025-03",261701287.16,261701287.16,261701287.16,,,,,,,,
2025,I,31/3/2025,1.6,OTRAS DEUDAS,965759042.00,0.00,,,,,,,,,2025_i_stock_de_deuda.pdf,1.21165915,"stock al 31/3/2025, indice de 2025-03",1170170779.93,1170170779.93,0.00,,,,,,,,
2025,I,31/3/2025,2,Saldo de Deuda Flotante,6283302629.00,,,,,,,,,,2025_i_stock_de_deuda.pdf,1.21165915,"stock al 31/3/2025, indice de 2025-03",7613221122.65,7613221122.65,,,,,,,,,
2025,II,30/6/2025,1,DEUDA CONSOLIDADA,4067205428.00,3118738068.00,,,,,,,,,2025_ii_stock_de_deuda.pdf,1.14293870,"stock al 30/6/2025, indice de 2025-06",4648566484.51,4648566484.51,3564526433.08,,,,,,,,
2025,II,30/6/2025,1.1,ORGANISMOS PUBLICOS PROVINCIALES,2743640652.00,2743640652.00,,,,,,,,,2025_ii_stock_de_deuda.pdf,1.14293870,"stock al 30/6/2025, indice de 2025-06",3135813080.06,3135813080.06,3135813080.06,,,,,,,,
2025,II,30/6/2025,1.1.1,TESORO PROVINCIAL,237157017.00,237157017.00,,,,,,,,,2025_ii_stock_de_deuda.pdf,1.14293870,"stock al 30/6/2025, indice de 2025-06",271055932.71,271055932.71,271055932.71,,,,,,,,
2025,II,30/6/2025,1.1.3,I.P.S. (**),1800000699.00,1800000699.00,,,,,,,,,2025_ii_stock_de_deuda.pdf,1.14293870,"stock al 30/6/2025, indice de 2025-06",2057290458.91,2057290458.91,2057290458.91,,,,,,,,
2025,II,30/6/2025,1.1.4,I.O.M.A.(**),706482936.00,706482936.00,,,,,,,,,2025_ii_stock_de_deuda.pdf,1.14293870,"stock al 30/6/2025, indice de 2025-06",807466688.44,807466688.44,807466688.44,,,,,,,,
2025,II,30/6/2025,1.2,ORGANISMOS PUBLICOS NACIONALES,0.00,0.00,,,,,,,,,2025_ii_stock_de_deuda.pdf,1.14293870,"stock al 30/6/2025, indice de 2025-06",0.00,0.00,0.00,,,,,,,,
2025,II,30/6/2025,1.3,BANCOS,0.00,0.00,,,,,,,,,2025_ii_stock_de_deuda.pdf,1.14293870,"stock al 30/6/2025, indice de 2025-06",0.00,0.00,0.00,,,,,,,,
2025,II,30/6/2025,1.4,EMPRESAS,375097416.00,375097416.00,,,,,,,,,2025_ii_stock_de_deuda.pdf,1.14293870,"stock al 30/6/2025, indice de 2025-06",428713353.02,428713353.02,428713353.02,,,,,,,,
2025,II,30/6/2025,1.4.2,PROVEEDORES (CEAMSE) (***),375097416.00,375097416.00,,,,,,,,,2025_ii_stock_de_deuda.pdf,1.14293870,"stock al 30/6/2025, indice de 2025-06",428713353.02,428713353.02,428713353.02,,,,,,,,
2025,II,30/6/2025,1.6,OTRAS DEUDAS,948467359.00,0.00,,,,,,,,,2025_ii_stock_de_deuda.pdf,1.14293870,"stock al 30/6/2025, indice de 2025-06",1084040050.29,1084040050.29,0.00,,,,,,,,
2025,II,30/6/2025,2,Saldo de Deuda Flotante,3249741202.00,,,,,,,,,,2025_ii_stock_de_deuda.pdf,1.14293870,"stock al 30/6/2025, indice de 2025-06",3714254984.75,3714254984.75,,,,,,,,,
2025,III,30/9/2025,1,DEUDA CONSOLIDADA,4744312293.00,3275443665.00,,,,,,,,,2025_iii_stock_de_deuda.pdf,1.07856693,"stock al 30/9/2025, indice de 2025-09",5117058344.82,5117058344.82,3532785218.15,,,,,,,,
2025,III,30/9/2025,1.1,ORGANISMOS PUBLICOS PROVINCIALES,2799564127.00,2799564127.00,,,,,,,,,2025_iii_stock_de_deuda.pdf,1.07856693,"stock al 30/9/2025, indice de 2025-09",3019517285.80,3019517285.80,3019517285.80,,,,,,,,
2025,III,30/9/2025,1.1.1,TESORO PROVINCIAL,237157017.00,237157017.00,,,,,,,,,2025_iii_stock_de_deuda.pdf,1.07856693,"stock al 30/9/2025, indice de 2025-09",255789715.75,255789715.75,255789715.75,,,,,,,,
2025,III,30/9/2025,1.1.3,I.P.S. (**),1852481082.00,1852481082.00,,,,,,,,,2025_iii_stock_de_deuda.pdf,1.07856693,"stock al 30/9/2025, indice de 2025-09",1998024833.50,1998024833.50,1998024833.50,,,,,,,,
2025,III,30/9/2025,1.1.4,I.O.M.A.(**),709926028.00,709926028.00,,,,,,,,,2025_iii_stock_de_deuda.pdf,1.07856693,"stock al 30/9/2025, indice de 2025-09",765702736.55,765702736.55,765702736.55,,,,,,,,
2025,III,30/9/2025,1.2,ORGANISMOS PUBLICOS NACIONALES,0.00,0.00,,,,,,,,,2025_iii_stock_de_deuda.pdf,1.07856693,"stock al 30/9/2025, indice de 2025-09",0.00,0.00,0.00,,,,,,,,
2025,III,30/9/2025,1.3,BANCOS,0.00,0.00,,,,,,,,,2025_iii_stock_de_deuda.pdf,1.07856693,"stock al 30/9/2025, indice de 2025-09",0.00,0.00,0.00,,,,,,,,
2025,III,30/9/2025,1.4,EMPRESAS,475879538.00,475879538.00,,,,,,,,,2025_iii_stock_de_deuda.pdf,1.07856693,"stock al 30/9/2025, indice de 2025-09",513267932.35,513267932.35,513267932.35,,,,,,,,
2025,III,30/9/2025,1.4.2,PROVEEDORES (CEAMSE) (***),475879538.00,475879538.00,,,,,,,,,2025_iii_stock_de_deuda.pdf,1.07856693,"stock al 30/9/2025, indice de 2025-09",513267932.35,513267932.35,513267932.35,,,,,,,,
2025,III,30/9/2025,1.6,OTRAS DEUDAS,1468868628.00,0.00,,,,,,,,,2025_iii_stock_de_deuda.pdf,1.07856693,"stock al 30/9/2025, indice de 2025-09",1584273126.68,1584273126.68,0.00,,,,,,,,
2025,III,30/9/2025,2,Saldo de Deuda Flotante,12608723009.00,,,,,,,,,,2025_iii_stock_de_deuda.pdf,1.07856693,"stock al 30/9/2025, indice de 2025-09",13599351667.04,13599351667.04,,,,,,,,,
2025,IV,30/12/2025,1,DEUDA CONSOLIDADA,4983984394.00,3388144415.00,,,,,,,,,2025_iv_stock_de_deuda.pdf,1.00000000,"stock al 30/12/2025, indice de 2025-12",4983984394.00,4983984394.00,3388144415.00,,,,,,,,
2025,IV,30/12/2025,1.1,ORGANISMOS PUBLICOS PROVINCIALES,2923249895.00,2923249895.00,,,,,,,,,2025_iv_stock_de_deuda.pdf,1.00000000,"stock al 30/12/2025, indice de 2025-12",2923249895.00,2923249895.00,2923249895.00,,,,,,,,
2025,IV,30/12/2025,1.1.3,I.P.S. (**),2099780509.00,2099780509.00,,,,,,,,,2025_iv_stock_de_deuda.pdf,1.00000000,"stock al 30/12/2025, indice de 2025-12",2099780509.00,2099780509.00,2099780509.00,,,,,,,,
2025,IV,30/12/2025,1.1.4,I.O.M.A.(**),823469386.00,823469386.00,,,,,,,,,2025_iv_stock_de_deuda.pdf,1.00000000,"stock al 30/12/2025, indice de 2025-12",823469386.00,823469386.00,823469386.00,,,,,,,,
2025,IV,30/12/2025,1.2,ORGANISMOS PUBLICOS NACIONALES,0.00,0.00,,,,,,,,,2025_iv_stock_de_deuda.pdf,1.00000000,"stock al 30/12/2025, indice de 2025-12",0.00,0.00,0.00,,,,,,,,
2025,IV,30/12/2025,1.3,BANCOS,0.00,0.00,,,,,,,,,2025_iv_stock_de_deuda.pdf,1.00000000,"stock al 30/12/2025, indice de 2025-12",0.00,0.00,0.00,,,,,,,,
2025,IV,30/12/2025,1.4,EMPRESAS,464894519.00,464894519.00,,,,,,,,,2025_iv_stock_de_deuda.pdf,1.00000000,"stock al 30/12/2025, indice de 2025-12",464894519.00,464894519.00,464894519.00,,,,,,,,
2025,IV,30/12/2025,1.4.2,PROVEEDORES (CEAMSE) (***),464894519.00,464894519.00,,,,,,,,,2025_iv_stock_de_deuda.pdf,1.00000000,"stock al 30/12/2025, indice de 2025-12",464894519.00,464894519.00,464894519.00,,,,,,,,
2025,IV,30/12/2025,1.6,OTRAS DEUDAS,1595839979.00,0.00,,,,,,,,,2025_iv_stock_de_deuda.pdf,1.00000000,"stock al 30/12/2025, indice de 2025-12",1595839979.00,1595839979.00,0.00,,,,,,,,
2025,IV,30/12/2025,2,Saldo de Deuda Flotante,3976344105.00,,,,,,,,,,2025_iv_stock_de_deuda.pdf,1.00000000,"stock al 30/12/2025, indice de 2025-12",3976344105.00,3976344105.00,,,,,,,,,
2026,I,31/3/2026,1,DEUDA CONSOLIDADA,4686507179.00,3217638550.00,,,,,,,,,2026_i_stock_de_deuda.pdf,0.91372357,"stock al 31/3/2026, indice de 2026-03",4282172070.43,4282172070.43,2940032182.88,,,,,,,,
2026,I,31/3/2026,1.1,ORGANISMOS PUBLICOS PROVINCIALES,2747049301.00,2747049301.00,,,,,,,,,2026_i_stock_de_deuda.pdf,0.91372357,"stock al 31/3/2026, indice de 2026-03",2510043694.28,2510043694.28,2510043694.28,,,,,,,,
2026,I,31/3/2026,1.1.3,I.P.S. (**),1965007375.00,1965007375.00,,,,,,,,,2026_i_stock_de_deuda.pdf,0.91372357,"stock al 31/3/2026, indice de 2026-03",1795473553.76,1795473553.76,1795473553.76,,,,,,,,
2026,I,31/3/2026,1.1.4,I.O.M.A.(**),782041926.00,782041926.00,,,,,,,,,2026_i_stock_de_deuda.pdf,0.91372357,"stock al 31/3/2026, indice de 2026-03",714570140.51,714570140.51,714570140.51,,,,,,,,
2026,I,31/3/2026,1.2,ORGANISMOS PUBLICOS NACIONALES,0.00,0.00,,,,,,,,,2026_i_stock_de_deuda.pdf,0.91372357,"stock al 31/3/2026, indice de 2026-03",0.00,0.00,0.00,,,,,,,,
2026,I,31/3/2026,1.3,BANCOS,0.00,0.00,,,,,,,,,2026_i_stock_de_deuda.pdf,0.91372357,"stock al 31/3/2026, indice de 2026-03",0.00,0.00,0.00,,,,,,,,
2026,I,31/3/2026,1.4,EMPRESAS,470589250.00,470589250.00,,,,,,,,,2026_i_stock_de_deuda.pdf,0.91372357,"stock al 31/3/2026, indice de 2026-03",429988489.51,429988489.51,429988489.51,,,,,,,,
2026,I,31/3/2026,1.4.2,PROVEEDORES (CEAMSE) (***),470589250.00,470589250.00,,,,,,,,,2026_i_stock_de_deuda.pdf,0.91372357,"stock al 31/3/2026, indice de 2026-03",429988489.51,429988489.51,429988489.51,,,,,,,,
2026,I,31/3/2026,1.6,OTRAS DEUDAS,1468868628.00,0.00,,,,,,,,,2026_i_stock_de_deuda.pdf,0.91372357,"stock al 31/3/2026, indice de 2026-03",1342139886.64,1342139886.64,0.00,,,,,,,,
2026,I,31/3/2026,2,Saldo de Deuda Flotante,17632414135.00,,,,,,,,,,2026_i_stock_de_deuda.pdf,0.91372357,"stock al 31/3/2026, indice de 2026-03",16111152391.15,16111152391.15,,,,,,,,,
2026,II,30/6/2026,1,DEUDA CONSOLIDADA,5926704701.00,4590507380.00,,,,,,,,,2026_ii_stock_de_deuda.pdf,0.85582787,"stock al 30/6/2026, indice de 2026-06",5072239060.38,5072239060.38,3928684153.24,,,,,,,,
2026,II,30/6/2026,1.1,ORGANISMOS PUBLICOS PROVINCIALES,3110475800.00,3110475800.00,,,,,,,,,2026_ii_stock_de_deuda.pdf,0.85582787,"stock al 30/6/2026, indice de 2026-06",2662031878.60,2662031878.60,2662031878.60,,,,,,,,
2026,II,30/6/2026,1.1.3,I.P.S. (**),2234426055.00,2234426055.00,,,,,,,,,2026_ii_stock_de_deuda.pdf,0.85582787,"stock al 30/6/2026, indice de 2026-06",1912284091.32,1912284091.32,1912284091.32,,,,,,,,
2026,II,30/6/2026,1.1.4,I.O.M.A.(**),876049745.00,876049745.00,,,,,,,,,2026_ii_stock_de_deuda.pdf,0.85582787,"stock al 30/6/2026, indice de 2026-06",749747787.28,749747787.28,749747787.28,,,,,,,,
2026,II,30/6/2026,1.2,ORGANISMOS PUBLICOS NACIONALES,0.00,0.00,,,,,,,,,2026_ii_stock_de_deuda.pdf,0.85582787,"stock al 30/6/2026, indice de 2026-06",0.00,0.00,0.00,,,,,,,,
2026,II,30/6/2026,1.3,BANCOS,1000000000.00,1000000000.00,,,,,,,,,2026_ii_stock_de_deuda.pdf,0.85582787,"stock al 30/6/2026, indice de 2026-06",855827870.00,855827870.00,855827870.00,,,,,,,,
2026,II,30/6/2026,1.3.1,BANCO PROVINCIA,1000000000.00,1000000000.00,,,,,,,,,2026_ii_stock_de_deuda.pdf,0.85582787,"stock al 30/6/2026, indice de 2026-06",855827870.00,855827870.00,855827870.00,,,,,,,,
2026,II,30/6/2026,1.4,EMPRESAS,480031580.00,480031580.00,,,,,,,,,2026_ii_stock_de_deuda.pdf,0.85582787,"stock al 30/6/2026, indice de 2026-06",410824404.64,410824404.64,410824404.64,,,,,,,,
2026,II,30/6/2026,1.4.2,PROVEEDORES (CEAMSE) (***),480031580.00,480031580.00,,,,,,,,,2026_ii_stock_de_deuda.pdf,0.85582787,"stock al 30/6/2026, indice de 2026-06",410824404.64,410824404.64,410824404.64,,,,,,,,
2026,II,30/6/2026,1.6,OTRAS DEUDAS,1336197321.00,0.00,,,,,,,,,2026_ii_stock_de_deuda.pdf,0.85582787,"stock al 30/6/2026, indice de 2026-06",1143554907.13,1143554907.13,0.00,,,,,,,,
2026,II,30/6/2026,2,Saldo de Deuda Flotante,8230735955.00,,,,,,,,,,2026_ii_stock_de_deuda.pdf,0.85582787,"stock al 30/6/2026, indice de 2026-06",7044093220.90,7044093220.90,,,,,,,,,
