anio,trimestre,periodo_desde,periodo_hasta,periodo_tipo,nivel,finalidad_codigo,finalidad,funcion_codigo,funcion,credito_aprobado,modificaciones,credito_vigente,devengado,pagado,fuente,coef_deflactor,base_coef,monto_constante_dic2025,credito_aprobado_const_dic2025,modificaciones_const_dic2025,credito_vigente_const_dic2025,devengado_const_dic2025,pagado_const_dic2025
2024,I,2/1/2024,31/3/2024,trimestre,funcion,1,ADMINISTRACION GUBERNAMENTAL,1.1,LEGISLATIVA,3118199094.00,,3118199094.00,580211048.08,548113707.03,2024_i_gastos_por_fyf.pdf,2.09956127,2/1/2024 a 31/3/2024 (trimestre) promedio ponderado por dias | 2024-01:30d 2024-02:29d 2024-03:31d,1218188644.97,6546850049.91,,6546850049.91,1218188644.97,1150798310.84
2024,I,2/1/2024,31/3/2024,trimestre,funcion,1,ADMINISTRACION GUBERNAMENTAL,1.3,DIRECCION SUPERIOR EJECUTIVA,21132513701.72,7383834.16,21139897535.88,3641799485.66,3198150576.30,2024_i_gastos_por_fyf.pdf,2.09956127,2/1/2024 a 31/3/2024 (trimestre) promedio ponderado por dias | 2024-01:30d 2024-02:29d 2024-03:31d,7646181153.20,44369007305.88,15502812.23,44384510118.10,7646181153.20,6714713085.63
2024,I,2/1/2024,31/3/2024,trimestre,finalidad,1,ADMINISTRACION GUBERNAMENTAL,,,24250712795.72,7383834.16,24258096629.88,4222010533.74,3746264283.33,2024_i_gastos_por_fyf.pdf,2.09956127,2/1/2024 a 31/3/2024 (trimestre) promedio ponderado por dias | 2024-01:30d 2024-02:29d 2024-03:31d,8864369798.17,50915857355.79,15502812.23,50931360168.01,8864369798.17,7865511396.46
2024,I,2/1/2024,31/3/2024,trimestre,funcion,2,SERVICIOS DE SEGURIDAD,2.1,SEGURIDAD INTERNA,14004923210.15,16454904.11,14021378114.26,2144507194.92,1924382297.55,2024_i_gastos_por_fyf.pdf,2.09956127,2/1/2024 a 31/3/2024 (trimestre) promedio ponderado por dias | 2024-01:30d 2024-02:29d 2024-03:31d,4502524249.69,29404194361.36,34548079.37,29438742440.73,4502524249.69,4040358540.61
2024,I,2/1/2024,31/3/2024,trimestre,finalidad,2,SERVICIOS DE SEGURIDAD,,,14004923210.15,16454904.11,14021378114.26,2144507194.92,1924382297.55,2024_i_gastos_por_fyf.pdf,2.09956127,2/1/2024 a 31/3/2024 (trimestre) promedio ponderado por dias | 2024-01:30d 2024-02:29d 2024-03:31d,4502524249.69,29404194361.36,34548079.37,29438742440.73,4502524249.69,4040358540.61
2024,I,2/1/2024,31/3/2024,trimestre,funcion,3,SERVICIOS SOCIALES,3.1,SALUD,43232957354.74,245459254.26,43478416609.00,6316720952.17,5550792928.62,2024_i_gastos_por_fyf.pdf,2.09956127,2/1/2024 a 31/3/2024 (trimestre) promedio ponderado por dias | 2024-01:30d 2024-02:29d 2024-03:31d,13262342664.57,90770242849.57,515356743.61,91285599593.18,13262342664.57,11654229850.72
2024,I,2/1/2024,31/3/2024,trimestre,funcion,3,SERVICIOS SOCIALES,3.2,PROMOCION Y ASISTENCIA SOCIAL,4450798816.98,57260766.54,4508059583.52,590148101.19,543533925.65,2024_i_gastos_por_fyf.pdf,2.09956127,2/1/2024 a 31/3/2024 (trimestre) promedio ponderado por dias | 2024-01:30d 2024-02:29d 2024-03:31d,1239052096.82,9344724816.69,120222487.72,9464947304.41,1239052096.82,1141182779.23
2024,I,2/1/2024,31/3/2024,trimestre,funcion,3,SERVICIOS SOCIALES,3.4,EDUCACION Y CULTURAL,7501647084.53,146905314.76,7648552399.29,1779429483.45,1576859451.86,2024_i_gastos_por_fyf.pdf,2.09956127,2/1/2024 a 31/3/2024 (trimestre) promedio ponderado por dias | 2024-01:30d 2024-02:29d 2024-03:31d,3736021226.15,15750167679.89,308436709.23,16058604389.11,3736021226.15,3310713033.36
2024,I,2/1/2024,31/3/2024,trimestre,funcion,3,SERVICIOS SOCIALES,3.7,VIVIENDA,681779851.87,15743491.27,697523343.14,25751745.77,8718216.42,2024_i_gastos_por_fyf.pdf,2.09956127,2/1/2024 a 31/3/2024 (trimestre) promedio ponderado por dias | 2024-01:30d 2024-02:29d 2024-03:31d,54067368.05,1431438571.65,33054424.53,1464492996.18,54067368.05,18304429.54
2024,I,2/1/2024,31/3/2024,trimestre,funcion,3,SERVICIOS SOCIALES,3.8,AGUA POTABLE Y ALCANTARILLADO,662046800.00,,662046800.00,9230220.19,9230220.19,2024_i_gastos_por_fyf.pdf,2.09956127,2/1/2024 a 31/3/2024 (trimestre) promedio ponderado por dias | 2024-01:30d 2024-02:29d 2024-03:31d,19379412.82,1390007820.21,,1390007820.21,19379412.82,19379412.82
2024,I,2/1/2024,31/3/2024,trimestre,funcion,3,SERVICIOS SOCIALES,3.9,URBANISMO,51768373890.46,157838488.53,51926212378.99,5790915226.31,4765912458.92,2024_i_gastos_por_fyf.pdf,2.09956127,2/1/2024 a 31/3/2024 (trimestre) promedio ponderado por dias | 2024-01:30d 2024-02:29d 2024-03:31d,12158381327.01,108690872831.29,331391577.43,109022264408.72,12158381327.01,10006325214.96
2024,I,2/1/2024,31/3/2024,trimestre,finalidad,3,SERVICIOS SOCIALES,,,108297603798.58,623207315.36,108920811113.94,14512195729.08,12455047201.66,2024_i_gastos_por_fyf.pdf,2.09956127,2/1/2024 a 31/3/2024 (trimestre) promedio ponderado por dias | 2024-01:30d 2024-02:29d 2024-03:31d,30469244095.44,227377454569.30,1308461942.51,228685916511.81,30469244095.44,26150134720.63
2024,I,2/1/2024,31/3/2024,trimestre,funcion,4,SERVICIOS ECONOMICOS,4.3,TRANSPORTE,1769528667.95,,1769528667.95,272791601.35,249616432.10,2024_i_gastos_por_fyf.pdf,2.09956127,2/1/2024 a 31/3/2024 (trimestre) promedio ponderado por dias | 2024-01:30d 2024-02:29d 2024-03:31d,572742680.98,3715233857.38,,3715233857.38,572742680.98,524084993.19
2024,I,2/1/2024,31/3/2024,trimestre,funcion,4,SERVICIOS ECONOMICOS,4.4,ECOLOGIA Y MEDIO AMBIENTE,770120959.00,80540463.76,850661422.76,25000.00,25000.00,2024_i_gastos_por_fyf.pdf,2.09956127,2/1/2024 a 31/3/2024 (trimestre) promedio ponderado por dias | 2024-01:30d 2024-02:29d 2024-03:31d,52489.03,1616916138.73,169099638.38,1786015777.11,52489.03,52489.03
2024,I,2/1/2024,31/3/2024,trimestre,funcion,4,SERVICIOS ECONOMICOS,4.5,AGRICULTURA,133132048.00,,133132048.00,27013466.61,25694594.99,2024_i_gastos_por_fyf.pdf,2.09956127,2/1/2024 a 31/3/2024 (trimestre) promedio ponderado por dias | 2024-01:30d 2024-02:29d 2024-03:31d,56716428.26,279518891.78,,279518891.78,56716428.26,53947376.49
2024,I,2/1/2024,31/3/2024,trimestre,funcion,4,SERVICIOS ECONOMICOS,4.7,"COMERCIO, TURISMO Y OTROS SERVICIOS",110982694.60,,110982694.60,21844015.81,20664409.58,2024_i_gastos_por_fyf.pdf,2.09956127,2/1/2024 a 31/3/2024 (trimestre) promedio ponderado por dias | 2024-01:30d 2024-02:29d 2024-03:31d,45862849.58,233014967.22,,233014967.22,45862849.58,43386194.02
2024,I,2/1/2024,31/3/2024,trimestre,finalidad,4,SERVICIOS ECONOMICOS,,,2783764369.55,80540463.76,2864304833.31,321674083.77,296000436.67,2024_i_gastos_por_fyf.pdf,2.09956127,2/1/2024 a 31/3/2024 (trimestre) promedio ponderado por dias | 2024-01:30d 2024-02:29d 2024-03:31d,675374447.85,5844683855.11,169099638.38,6013783493.49,675374447.85,621471052.74
2024,I,2/1/2024,31/3/2024,trimestre,funcion,5,DEUDA PUBLICA,5.1,SERVICIOS DE LA DEUDA PUBLICA (INTERESES Y GAST,6634161493.00,245706390.12,6879867883.12,6501113518.11,6501113518.11,2024_i_gastos_por_fyf.pdf,2.09956127,2/1/2024 a 31/3/2024 (trimestre) promedio ponderado por dias | 2024-01:30d 2024-02:29d 2024-03:31d,13649486154.50,13928828529.63,515875620.49,14444704150.12,13649486154.50,13649486154.50
2024,I,2/1/2024,31/3/2024,trimestre,finalidad,5,DEUDA PUBLICA,,,6634161493.00,245706390.12,6879867883.12,6501113518.11,6501113518.11,2024_i_gastos_por_fyf.pdf,2.09956127,2/1/2024 a 31/3/2024 (trimestre) promedio ponderado por dias | 2024-01:30d 2024-02:29d 2024-03:31d,13649486154.50,13928828529.63,515875620.49,14444704150.12,13649486154.50,13649486154.50
2024,II,1/4/2024,30/6/2024,trimestre,funcion,1,ADMINISTRACION GUBERNAMENTAL,1.1,LEGISLATIVA,,,,824418745.81,808886636.48,2024_ii_gastos_por_fyf.pdf,1.66330590,1/4/2024 a 30/6/2024 (trimestre) promedio ponderado por dias | 2024-04:30d 2024-05:31d 2024-06:30d,1371260563.98,,,,1371260563.98,1345425914.89
2024,II,1/4/2024,30/6/2024,trimestre,funcion,1,ADMINISTRACION GUBERNAMENTAL,1.3,DIRECCION SUPERIOR EJECUTIVA,,,,6362668201.51,6303761637.38,2024_ii_gastos_por_fyf.pdf,1.66330590,1/4/2024 a 30/6/2024 (trimestre) promedio ponderado por dias | 2024-04:30d 2024-05:31d 2024-06:30d,10583063559.31,,,,10583063559.31,10485083923.65
2024,II,1/4/2024,30/6/2024,trimestre,finalidad,1,ADMINISTRACION GUBERNAMENTAL,,,,,,7187086947.32,7112648273.86,2024_ii_gastos_por_fyf.pdf,1.66330590,1/4/2024 a 30/6/2024 (trimestre) promedio ponderado por dias | 2024-04:30d 2024-05:31d 2024-06:30d,11954324123.29,,,,11954324123.29,11830509838.54
2024,II,1/4/2024,30/6/2024,trimestre,funcion,2,SERVICIOS DE SEGURIDAD,2.1,SEGURIDAD INTERNA,,,,3317030287.63,3224352692.84,2024_ii_gastos_por_fyf.pdf,1.66330590,1/4/2024 a 30/6/2024 (trimestre) promedio ponderado por dias | 2024-04:30d 2024-05:31d 2024-06:30d,5517236047.89,,,,5517236047.89,5363084857.68
2024,II,1/4/2024,30/6/2024,trimestre,finalidad,2,SERVICIOS DE SEGURIDAD,,,,,,3317030287.63,3224352692.84,2024_ii_gastos_por_fyf.pdf,1.66330590,1/4/2024 a 30/6/2024 (trimestre) promedio ponderado por dias | 2024-04:30d 2024-05:31d 2024-06:30d,5517236047.89,,,,5517236047.89,5363084857.68
2024,II,1/4/2024,30/6/2024,trimestre,funcion,3,SERVICIOS SOCIALES,3.1,SALUD,,,,12502892360.57,12307066991.04,2024_ii_gastos_por_fyf.pdf,1.66330590,1/4/2024 a 30/6/2024 (trimestre) promedio ponderado por dias | 2024-04:30d 2024-05:31d 2024-06:30d,20796134630.40,,,,20796134630.40,20470417137.89
2024,II,1/4/2024,30/6/2024,trimestre,funcion,3,SERVICIOS SOCIALES,3.2,PROMOCION Y ASISTENCIA SOCIAL,,-1031207.00,-1031207.00,972284182.04,971732853.97,2024_ii_gastos_por_fyf.pdf,1.66330590,1/4/2024 a 30/6/2024 (trimestre) promedio ponderado por dias | 2024-04:30d 2024-05:31d 2024-06:30d,1617206016.46,,-1715212.69,-1715212.69,1617206016.46,1616288989.23
2024,II,1/4/2024,30/6/2024,trimestre,funcion,3,SERVICIOS SOCIALES,3.4,EDUCACION Y CULTURAL,,,,2360723430.92,2409213782.80,2024_ii_gastos_por_fyf.pdf,1.66330590,1/4/2024 a 30/6/2024 (trimestre) promedio ponderado por dias | 2024-04:30d 2024-05:31d 2024-06:30d,3926605210.92,,,,3926605210.92,4007259499.29
2024,II,1/4/2024,30/6/2024,trimestre,funcion,3,SERVICIOS SOCIALES,3.7,VIVIENDA,,20417972.72,20417972.72,31645395.42,48078924.77,2024_ii_gastos_por_fyf.pdf,1.66330590,1/4/2024 a 30/6/2024 (trimestre) promedio ponderado por dias | 2024-04:30d 2024-05:31d 2024-06:30d,52635972.91,,33961334.49,33961334.49,52635972.91,79969959.24
2024,II,1/4/2024,30/6/2024,trimestre,funcion,3,SERVICIOS SOCIALES,3.8,AGUA POTABLE Y ALCANTARILLADO,,,,94205572.19,94205572.19,2024_ii_gastos_por_fyf.pdf,1.66330590,1/4/2024 a 30/6/2024 (trimestre) promedio ponderado por dias | 2024-04:30d 2024-05:31d 2024-06:30d,156692684.04,,,,156692684.04,156692684.04
2024,II,1/4/2024,30/6/2024,trimestre,funcion,3,SERVICIOS SOCIALES,3.9,URBANISMO,,-101040131.70,-101040131.70,14129435505.86,13501922405.13,2024_ii_gastos_por_fyf.pdf,1.66330590,1/4/2024 a 30/6/2024 (trimestre) promedio ponderado por dias | 2024-04:30d 2024-05:31d 2024-06:30d,23501573440.57,,-168060647.19,-168060647.19,23501573440.57,22457827197.79
2024,II,1/4/2024,30/6/2024,trimestre,finalidad,3,SERVICIOS SOCIALES,,,,-81653365.98,-81653365.98,30091186447.00,29332220529.90,2024_ii_gastos_por_fyf.pdf,1.66330590,1/4/2024 a 30/6/2024 (trimestre) promedio ponderado por dias | 2024-04:30d 2024-05:31d 2024-06:30d,50050847955.30,,-135814525.39,-135814525.39,50050847955.30,48788455467.48
2024,II,1/4/2024,30/6/2024,trimestre,funcion,4,SERVICIOS ECONOMICOS,4.3,TRANSPORTE,,,,410184115.91,419103781.73,2024_ii_gastos_por_fyf.pdf,1.66330590,1/4/2024 a 30/6/2024 (trimestre) promedio ponderado por dias | 2024-04:30d 2024-05:31d 2024-06:30d,682261660.08,,,,682261660.08,697097792.86
2024,II,1/4/2024,30/6/2024,trimestre,funcion,4,SERVICIOS ECONOMICOS,4.4,ECOLOGIA Y MEDIO AMBIENTE,,-7063000.00,-7063000.00,446721616.00,446721616.00,2024_ii_gastos_por_fyf.pdf,1.66330590,1/4/2024 a 30/6/2024 (trimestre) promedio ponderado por dias | 2024-04:30d 2024-05:31d 2024-06:30d,743034699.55,,-11747929.57,-11747929.57,743034699.55,743034699.55
2024,II,1/4/2024,30/6/2024,trimestre,funcion,4,SERVICIOS ECONOMICOS,4.5,AGRICULTURA,,,,40884023.80,40220340.83,2024_ii_gastos_por_fyf.pdf,1.66330590,1/4/2024 a 30/6/2024 (trimestre) promedio ponderado por dias | 2024-04:30d 2024-05:31d 2024-06:30d,68002638.00,,,,68002638.00,66898730.20
2024,II,1/4/2024,30/6/2024,trimestre,funcion,4,SERVICIOS ECONOMICOS,4.7,"COMERCIO, TURISMO Y OTROS SERVICIOS",,,,45868346.11,39446299.19,2024_ii_gastos_por_fyf.pdf,1.66330590,1/4/2024 a 30/6/2024 (trimestre) promedio ponderado por dias | 2024-04:30d 2024-05:31d 2024-06:30d,76293090.71,,,,76293090.71,65611262.18
2024,II,1/4/2024,30/6/2024,trimestre,finalidad,4,SERVICIOS ECONOMICOS,,,,-7063000.00,-7063000.00,943658101.82,945492037.75,2024_ii_gastos_por_fyf.pdf,1.66330590,1/4/2024 a 30/6/2024 (trimestre) promedio ponderado por dias | 2024-04:30d 2024-05:31d 2024-06:30d,1569592088.34,,-11747929.57,-11747929.57,1569592088.34,1572642484.79
2024,II,1/4/2024,30/6/2024,trimestre,funcion,5,DEUDA PUBLICA,5.1,SERVICIOS DE LA DEUDA PUBLICA (INTERESES Y GAST,,115397761.57,115397761.57,1035175466.09,1035175466.09,2024_ii_gastos_por_fyf.pdf,1.66330590,1/4/2024 a 30/6/2024 (trimestre) promedio ponderado por dias | 2024-04:30d 2024-05:31d 2024-06:30d,1721813460.28,,191941777.67,191941777.67,1721813460.28,1721813460.28
2024,II,1/4/2024,30/6/2024,trimestre,finalidad,5,DEUDA PUBLICA,,,,115397761.57,115397761.57,1035175466.09,1035175466.09,2024_ii_gastos_por_fyf.pdf,1.66330590,1/4/2024 a 30/6/2024 (trimestre) promedio ponderado por dias | 2024-04:30d 2024-05:31d 2024-06:30d,1721813460.28,,191941777.67,191941777.67,1721813460.28,1721813460.28
2024,III,1/7/2024,30/9/2024,trimestre,funcion,1,ADMINISTRACION GUBERNAMENTAL,1.1,LEGISLATIVA,,,,847983865.25,854092162.65,2024_iii_gastos_por_fyf.pdf,1.47361108,1/7/2024 a 30/9/2024 (trimestre) promedio ponderado por dias | 2024-07:31d 2024-08:31d 2024-09:30d,1249598419.49,,,,1249598419.49,1258599674.22
2024,III,1/7/2024,30/9/2024,trimestre,funcion,1,ADMINISTRACION GUBERNAMENTAL,1.3,DIRECCION SUPERIOR EJECUTIVA,,,,12199874898.25,11871006502.98,2024_iii_gastos_por_fyf.pdf,1.47361108,1/7/2024 a 30/9/2024 (trimestre) promedio ponderado por dias | 2024-07:31d 2024-08:31d 2024-09:30d,17977870824.68,,,,17977870824.68,17493246713.54
2024,III,1/7/2024,30/9/2024,trimestre,finalidad,1,ADMINISTRACION GUBERNAMENTAL,,,,,,13047858763.50,12725098665.63,2024_iii_gastos_por_fyf.pdf,1.47361108,1/7/2024 a 30/9/2024 (trimestre) promedio ponderado por dias | 2024-07:31d 2024-08:31d 2024-09:30d,19227469244.17,,,,19227469244.17,18751846387.77
2024,III,1/7/2024,30/9/2024,trimestre,funcion,2,SERVICIOS DE SEGURIDAD,2.1,SEGURIDAD INTERNA,,,,3954691250.77,3949270861.26,2024_iii_gastos_por_fyf.pdf,1.47361108,1/7/2024 a 30/9/2024 (trimestre) promedio ponderado por dias | 2024-07:31d 2024-08:31d 2024-09:30d,5827676845.11,,,,5827676845.11,5819689299.07
2024,III,1/7/2024,30/9/2024,trimestre,finalidad,2,SERVICIOS DE SEGURIDAD,,,,,,3954691250.77,3949270861.26,2024_iii_gastos_por_fyf.pdf,1.47361108,1/7/2024 a 30/9/2024 (trimestre) promedio ponderado por dias | 2024-07:31d 2024-08:31d 2024-09:30d,5827676845.11,,,,5827676845.11,5819689299.07
2024,III,1/7/2024,30/9/2024,trimestre,funcion,3,SERVICIOS SOCIALES,3.1,SALUD,,,,11941645000.15,12288595860.61,2024_iii_gastos_por_fyf.pdf,1.47361108,1/7/2024 a 30/9/2024 (trimestre) promedio ponderado por dias | 2024-07:31d 2024-08:31d 2024-09:30d,17597340385.65,,,,17597340385.65,18108611017.84
2024,III,1/7/2024,30/9/2024,trimestre,funcion,3,SERVICIOS SOCIALES,3.2,PROMOCION Y ASISTENCIA SOCIAL,,,,1851362609.30,1602331662.39,2024_iii_gastos_por_fyf.pdf,1.47361108,1/7/2024 a 30/9/2024 (trimestre) promedio ponderado por dias | 2024-07:31d 2024-08:31d 2024-09:30d,2728188454.16,,,,2728188454.16,2361213691.53
2024,III,1/7/2024,30/9/2024,trimestre,funcion,3,SERVICIOS SOCIALES,3.4,EDUCACION Y CULTURAL,,,,2649147408.33,2638020230.97,2024_iii_gastos_por_fyf.pdf,1.47361108,1/7/2024 a 30/9/2024 (trimestre) promedio ponderado por dias | 2024-07:31d 2024-08:31d 2024-09:30d,3903812973.47,,,,3903812973.47,3887415841.62
2024,III,1/7/2024,30/9/2024,trimestre,funcion,3,SERVICIOS SOCIALES,3.7,VIVIENDA,,,,7206641.95,7806641.95,2024_iii_gastos_por_fyf.pdf,1.47361108,1/7/2024 a 30/9/2024 (trimestre) promedio ponderado por dias | 2024-07:31d 2024-08:31d 2024-09:30d,10619787.43,,,,10619787.43,11503954.08
2024,III,1/7/2024,30/9/2024,trimestre,funcion,3,SERVICIOS SOCIALES,3.8,AGUA POTABLE Y ALCANTARILLADO,,,,135217606.87,120273506.87,2024_iii_gastos_por_fyf.pdf,1.47361108,1/7/2024 a 30/9/2024 (trimestre) promedio ponderado por dias | 2024-07:31d 2024-08:31d 2024-09:30d,199258163.69,,,,199258163.69,177236372.35
2024,III,1/7/2024,30/9/2024,trimestre,funcion,3,SERVICIOS SOCIALES,3.9,URBANISMO,,1545075887.52,1545075887.52,17155072084.30,15869190625.72,2024_iii_gastos_por_fyf.pdf,1.47361108,1/7/2024 a 30/9/2024 (trimestre) promedio ponderado por dias | 2024-07:31d 2024-08:31d 2024-09:30d,25279904301.62,,2276840947.29,2276840947.29,25279904301.62,23385015136.69
2024,III,1/7/2024,30/9/2024,trimestre,finalidad,3,SERVICIOS SOCIALES,,,,1545075887.52,1545075887.52,33739651350.90,32526218528.51,2024_iii_gastos_por_fyf.pdf,1.47361108,1/7/2024 a 30/9/2024 (trimestre) promedio ponderado por dias | 2024-07:31d 2024-08:31d 2024-09:30d,49719124066.02,,2276840947.29,2276840947.29,49719124066.02,47930996014.11
2024,III,1/7/2024,30/9/2024,trimestre,funcion,4,SERVICIOS ECONOMICOS,4.3,TRANSPORTE,,,,487351957.42,483666599.58,2024_iii_gastos_por_fyf.pdf,1.47361108,1/7/2024 a 30/9/2024 (trimestre) promedio ponderado por dias | 2024-07:31d 2024-08:31d 2024-09:30d,718167244.31,,,,718167244.31,712736460.17
2024,III,1/7/2024,30/9/2024,trimestre,funcion,4,SERVICIOS ECONOMICOS,4.4,ECOLOGIA Y MEDIO AMBIENTE,,,,3171487.50,3171487.50,2024_iii_gastos_por_fyf.pdf,1.47361108,1/7/2024 a 30/9/2024 (trimestre) promedio ponderado por dias | 2024-07:31d 2024-08:31d 2024-09:30d,4673539.12,,,,4673539.12,4673539.12
2024,III,1/7/2024,30/9/2024,trimestre,funcion,4,SERVICIOS ECONOMICOS,4.5,AGRICULTURA,,,,39324001.64,40125165.84,2024_iii_gastos_por_fyf.pdf,1.47361108,1/7/2024 a 30/9/2024 (trimestre) promedio ponderado por dias | 2024-07:31d 2024-08:31d 2024-09:30d,57948284.53,,,,57948284.53,59128888.97
2024,III,1/7/2024,30/9/2024,trimestre,funcion,4,SERVICIOS ECONOMICOS,4.7,"COMERCIO, TURISMO Y OTROS SERVICIOS",,,,37426971.82,42932963.59,2024_iii_gastos_por_fyf.pdf,1.47361108,1/7/2024 a 30/9/2024 (trimestre) promedio ponderado por dias | 2024-07:31d 2024-08:31d 2024-09:30d,55152800.36,,,,55152800.36,63266490.84
2024,III,1/7/2024,30/9/2024,trimestre,finalidad,4,SERVICIOS ECONOMICOS,,,,,,567274418.38,569896216.51,2024_iii_gastos_por_fyf.pdf,1.47361108,1/7/2024 a 30/9/2024 (trimestre) promedio ponderado por dias | 2024-07:31d 2024-08:31d 2024-09:30d,835941868.33,,,,835941868.33,839805379.10
2024,III,1/7/2024,30/9/2024,trimestre,funcion,5,DEUDA PUBLICA,5.1,SERVICIOS DE LA DEUDA PUBLICA (INTERESES Y GAST,,,,157901277.06,157901277.06,2024_iii_gastos_por_fyf.pdf,1.47361108,1/7/2024 a 30/9/2024 (trimestre) promedio ponderado por dias | 2024-07:31d 2024-08:31d 2024-09:30d,232685071.42,,,,232685071.42,232685071.42
2024,III,1/7/2024,30/9/2024,trimestre,finalidad,5,DEUDA PUBLICA,,,,,,157901277.06,157901277.06,2024_iii_gastos_por_fyf.pdf,1.47361108,1/7/2024 a 30/9/2024 (trimestre) promedio ponderado por dias | 2024-07:31d 2024-08:31d 2024-09:30d,232685071.42,,,,232685071.42,232685071.42
2024,IV,2/1/2024,30/12/2024,acumulado_anual,funcion,1,ADMINISTRACION GUBERNAMENTAL,1.1,LEGISLATIVA,3118199094.00,375000000.00,3493199094.00,3408558963.71,3315082401.12,2024_iv_gastos_por_fyf_-_anual.pdf,1.60056650,2/1/2024 a 30/12/2024 (acumulado_anual) promedio ponderado por dias | 2024-01:30d 2024-02:29d 2024-03:31d 2024-04:30d 2024-05:31d 2024-06:30d 2024-07:31d 2024-08:31d 2024-09:30d 2024-10:31d 2024-11:30d 2024-12:30d,5455625290.59,4990885010.19,600212437.50,5591097447.69,5455625290.59,5306009835.97
2024,IV,2/1/2024,30/12/2024,acumulado_anual,funcion,1,ADMINISTRACION GUBERNAMENTAL,1.3,DIRECCION SUPERIOR EJECUTIVA,21132513701.72,17302421906.16,38434935607.88,32186604667.45,30593892659.00,2024_iv_gastos_por_fyf_-_anual.pdf,1.60056650,2/1/2024 a 30/12/2024 (acumulado_anual) promedio ponderado por dias | 2024-01:30d 2024-02:29d 2024-03:31d 2024-04:30d 2024-05:31d 2024-06:30d 2024-07:31d 2024-08:31d 2024-09:30d 2024-10:31d 2024-11:30d 2024-12:30d,51516801179.46,33823993491.76,27693676871.87,61517670363.63,51516801179.46,48967559694.59
2024,IV,2/1/2024,30/12/2024,acumulado_anual,finalidad,1,ADMINISTRACION GUBERNAMENTAL,,,24250712795.72,17677421906.16,41928134701.88,35595163631.16,33908975060.12,2024_iv_gastos_por_fyf_-_anual.pdf,1.60056650,2/1/2024 a 30/12/2024 (acumulado_anual) promedio ponderado por dias | 2024-01:30d 2024-02:29d 2024-03:31d 2024-04:30d 2024-05:31d 2024-06:30d 2024-07:31d 2024-08:31d 2024-09:30d 2024-10:31d 2024-11:30d 2024-12:30d,56972426470.05,38814878501.95,28293889309.37,67108767811.32,56972426470.05,54273569530.56
2024,IV,2/1/2024,30/12/2024,acumulado_anual,funcion,2,SERVICIOS DE SEGURIDAD,2.1,SEGURIDAD INTERNA,14004923210.15,4191155704.11,18196078914.26,16966781507.42,16102907325.15,2024_iv_gastos_por_fyf_-_anual.pdf,1.60056650,2/1/2024 a 30/12/2024 (acumulado_anual) promedio ponderado por dias | 2024-01:30d 2024-02:29d 2024-03:31d 2024-04:30d 2024-05:31d 2024-06:30d 2024-07:31d 2024-08:31d 2024-09:30d 2024-10:31d 2024-11:30d 2024-12:30d,27156462093.60,22415810925.24,6708223416.28,29124034341.52,27156462093.60,25773774017.24
2024,IV,2/1/2024,30/12/2024,acumulado_anual,finalidad,2,SERVICIOS DE SEGURIDAD,,,14004923210.15,4191155704.11,18196078914.26,16966781507.42,16102907325.15,2024_iv_gastos_por_fyf_-_anual.pdf,1.60056650,2/1/2024 a 30/12/2024 (acumulado_anual) promedio ponderado por dias | 2024-01:30d 2024-02:29d 2024-03:31d 2024-04:30d 2024-05:31d 2024-06:30d 2024-07:31d 2024-08:31d 2024-09:30d 2024-10:31d 2024-11:30d 2024-12:30d,27156462093.60,22415810925.24,6708223416.28,29124034341.52,27156462093.60,25773774017.24
2024,IV,2/1/2024,30/12/2024,acumulado_anual,funcion,3,SERVICIOS SOCIALES,3.1,SALUD,43232957354.74,11096413384.26,54329370739.00,50920494434.76,47954105213.98,2024_iv_gastos_por_fyf_-_anual.pdf,1.60056650,2/1/2024 a 30/12/2024 (acumulado_anual) promedio ponderado por dias | 2024-01:30d 2024-02:29d 2024-03:31d 2024-04:30d 2024-05:31d 2024-06:30d 2024-07:31d 2024-08:31d 2024-09:30d 2024-10:31d 2024-11:30d 2024-12:30d,81501637555.71,69197223237.93,17760547533.00,86957770770.92,81501637555.71,76753734342.97
2024,IV,2/1/2024,30/12/2024,acumulado_anual,funcion,3,SERVICIOS SOCIALES,3.2,PROMOCION Y ASISTENCIA SOCIAL,4450798816.98,2616799554.23,7067598371.21,6173733115.87,5606376867.47,2024_iv_gastos_por_fyf_-_anual.pdf,1.60056650,2/1/2024 a 30/12/2024 (acumulado_anual) promedio ponderado por dias | 2024-01:30d 2024-02:29d 2024-03:31d 2024-04:30d 2024-05:31d 2024-06:30d 2024-07:31d 2024-08:31d 2024-09:30d 2024-10:31d 2024-11:30d 2024-12:30d,9881470405.20,7123799484.70,4188361703.72,11312161188.41,9881470405.20,8973379000.45
2024,IV,2/1/2024,30/12/2024,acumulado_anual,funcion,3,SERVICIOS SOCIALES,3.4,EDUCACION Y CULTURAL,7501647084.53,4511338270.08,12012985354.61,11144537617.12,10612474404.12,2024_iv_gastos_por_fyf_-_anual.pdf,1.60056650,2/1/2024 a 30/12/2024 (acumulado_anual) promedio ponderado por dias | 2024-01:30d 2024-02:29d 2024-03:31d 2024-04:30d 2024-05:31d 2024-06:30d 2024-07:31d 2024-08:31d 2024-09:30d 2024-10:31d 2024-11:30d 2024-12:30d,17837573567.95,12006885018.32,7220696905.26,19227581923.58,17837573567.95,16985971013.34
2024,IV,2/1/2024,30/12/2024,acumulado_anual,funcion,3,SERVICIOS SOCIALES,3.7,VIVIENDA,681779851.87,105438463.99,787218315.86,86601672.02,86601672.02,2024_iv_gastos_por_fyf_-_anual.pdf,1.60056650,2/1/2024 a 30/12/2024 (acumulado_anual) promedio ponderado por dias | 2024-01:30d 2024-02:29d 2024-03:31d 2024-04:30d 2024-05:31d 2024-06:30d 2024-07:31d 2024-08:31d 2024-09:30d 2024-10:31d 2024-11:30d 2024-12:30d,138611735.08,1091233991.28,168761273.27,1259995264.55,138611735.08,138611735.08
2024,IV,2/1/2024,30/12/2024,acumulado_anual,funcion,3,SERVICIOS SOCIALES,3.8,AGUA POTABLE Y ALCANTARILLADO,662046800.00,7881216.00,669928016.00,570849937.39,459547209.13,2024_iv_gastos_por_fyf_-_anual.pdf,1.60056650,2/1/2024 a 30/12/2024 (acumulado_anual) promedio ponderado por dias | 2024-01:30d 2024-02:29d 2024-03:31d 2024-04:30d 2024-05:31d 2024-06:30d 2024-07:31d 2024-08:31d 2024-09:30d 2024-10:31d 2024-11:30d 2024-12:30d,913683286.31,1059649929.51,12614410.31,1072264339.82,913683286.31,735535868.10
2024,IV,2/1/2024,30/12/2024,acumulado_anual,funcion,3,SERVICIOS SOCIALES,3.9,URBANISMO,51768373890.46,16837604863.87,68605978754.33,63124727684.92,55286718876.57,2024_iv_gastos_por_fyf_-_anual.pdf,1.60056650,2/1/2024 a 30/12/2024 (acumulado_anual) promedio ponderado por dias | 2024-01:30d 2024-02:29d 2024-03:31d 2024-04:30d 2024-05:31d 2024-06:30d 2024-07:31d 2024-08:31d 2024-09:30d 2024-10:31d 2024-11:30d 2024-12:30d,101035324454.11,82858725008.54,26949706285.35,109808431293.89,101035324454.11,88490070128.76
2024,IV,2/1/2024,30/12/2024,acumulado_anual,finalidad,3,SERVICIOS SOCIALES,,,108297603798.58,35175475752.43,143473079551.01,132020944462.08,120005824243.29,2024_iv_gastos_por_fyf_-_anual.pdf,1.60056650,2/1/2024 a 30/12/2024 (acumulado_anual) promedio ponderado por dias | 2024-01:30d 2024-02:29d 2024-03:31d 2024-04:30d 2024-05:31d 2024-06:30d 2024-07:31d 2024-08:31d 2024-09:30d 2024-10:31d 2024-11:30d 2024-12:30d,211308301004.37,173337516670.28,56300688110.90,229638204781.18,211308301004.37,192077302088.70
2024,IV,2/1/2024,30/12/2024,acumulado_anual,funcion,4,SERVICIOS ECONOMICOS,4.3,TRANSPORTE,1769528667.95,619303000.00,2388831667.95,2154707744.45,1744291458.49,2024_iv_gastos_por_fyf_-_anual.pdf,1.60056650,2/1/2024 a 30/12/2024 (acumulado_anual) promedio ponderado por dias | 2024-01:30d 2024-02:29d 2024-03:31d 2024-04:30d 2024-05:31d 2024-06:30d 2024-07:31d 2024-08:31d 2024-09:30d 2024-10:31d 2024-11:30d 2024-12:30d,3448753033.06,2832248306.71,991235635.15,3823483941.86,3448753033.06,2791854474.70
2024,IV,2/1/2024,30/12/2024,acumulado_anual,funcion,4,SERVICIOS ECONOMICOS,4.4,ECOLOGIA Y MEDIO AMBIENTE,770120959.00,77025176.21,847146135.21,807105927.20,807105927.20,2024_iv_gastos_por_fyf_-_anual.pdf,1.60056650,2/1/2024 a 30/12/2024 (acumulado_anual) promedio ponderado por dias | 2024-01:30d 2024-02:29d 2024-03:31d 2024-04:30d 2024-05:31d 2024-06:30d 2024-07:31d 2024-08:31d 2024-09:30d 2024-10:31d 2024-11:30d 2024-12:30d,1291826709.03,1232629807.92,123283916.70,1355913724.62,1291826709.03,1291826709.03
2024,IV,2/1/2024,30/12/2024,acumulado_anual,funcion,4,SERVICIOS ECONOMICOS,4.5,AGRICULTURA,133132048.00,53013000.00,186145048.00,153669664.26,149843945.04,2024_iv_gastos_por_fyf_-_anual.pdf,1.60056650,2/1/2024 a 30/12/2024 (acumulado_anual) promedio ponderado por dias | 2024-01:30d 2024-02:29d 2024-03:31d 2024-04:30d 2024-05:31d 2024-06:30d 2024-07:31d 2024-08:31d 2024-09:30d 2024-10:31d 2024-11:30d 2024-12:30d,245958516.68,213086696.11,84850831.86,297937527.97,245958516.68,239835198.66
2024,IV,2/1/2024,30/12/2024,acumulado_anual,funcion,4,SERVICIOS ECONOMICOS,4.7,"COMERCIO, TURISMO Y OTROS SERVICIOS",110982694.60,80563745.00,191546439.60,171337663.03,165454525.60,2024_iv_gastos_por_fyf_-_anual.pdf,1.60056650,2/1/2024 a 30/12/2024 (acumulado_anual) promedio ponderado por dias | 2024-01:30d 2024-02:29d 2024-03:31d 2024-04:30d 2024-05:31d 2024-06:30d 2024-07:31d 2024-08:31d 2024-09:30d 2024-10:31d 2024-11:30d 2024-12:30d,274237323.63,177635183.06,128947631.36,306582814.42,274237323.63,264820970.95
2024,IV,2/1/2024,30/12/2024,acumulado_anual,finalidad,4,SERVICIOS ECONOMICOS,,,2783764369.55,829904921.21,3613669290.76,3286820998.94,2866695856.33,2024_iv_gastos_por_fyf_-_anual.pdf,1.60056650,2/1/2024 a 30/12/2024 (acumulado_anual) promedio ponderado por dias | 2024-01:30d 2024-02:29d 2024-03:31d 2024-04:30d 2024-05:31d 2024-06:30d 2024-07:31d 2024-08:31d 2024-09:30d 2024-10:31d 2024-11:30d 2024-12:30d,5260775582.40,4455599993.80,1328318015.07,5783918008.87,5260775582.40,4588337353.33
2024,IV,2/1/2024,30/12/2024,acumulado_anual,funcion,5,DEUDA PUBLICA,5.1,SERVICIOS DE LA DEUDA PUBLICA (INTERESES Y GAST,6634161493.00,1165781151.69,7799942644.69,7702833847.62,7702833847.62,2024_iv_gastos_por_fyf_-_anual.pdf,1.60056650,2/1/2024 a 30/12/2024 (acumulado_anual) promedio ponderado por dias | 2024-01:30d 2024-02:29d 2024-03:31d 2024-04:30d 2024-05:31d 2024-06:30d 2024-07:31d 2024-08:31d 2024-09:30d 2024-10:31d 2024-11:30d 2024-12:30d,12328897811.57,10618416641.29,1865910257.73,12484326899.01,12328897811.57,12328897811.57
2024,IV,2/1/2024,30/12/2024,acumulado_anual,finalidad,5,DEUDA PUBLICA,,,6634161493.00,1165781151.69,7799942644.69,7702833847.62,7702833847.62,2024_iv_gastos_por_fyf_-_anual.pdf,1.60056650,2/1/2024 a 30/12/2024 (acumulado_anual) promedio ponderado por dias | 2024-01:30d 2024-02:29d 2024-03:31d 2024-04:30d 2024-05:31d 2024-06:30d 2024-07:31d 2024-08:31d 2024-09:30d 2024-10:31d 2024-11:30d 2024-12:30d,12328897811.57,10618416641.29,1865910257.73,12484326899.01,12328897811.57,12328897811.57
2025,I,2/1/2025,31/3/2025,trimestre,funcion,1,ADMINISTRACION GUBERNAMENTAL,1.1,LEGISLATIVA,5354210655.00,,5354210655.00,1127053464.06,1072041695.30,2025_i_gastos_por_fyf.pdf,1.25048811,2/1/2025 a 31/3/2025 (trimestre) promedio ponderado por dias | 2025-01:30d 2025-02:28d 2025-03:31d,1409366956.14,6695376762.51,,6695376762.51,1409366956.14,1340575393.40
2025,I,2/1/2025,31/3/2025,trimestre,funcion,1,ADMINISTRACION GUBERNAMENTAL,1.2,JUDICIAL,667892394.00,,667892394.00,158067066.02,149882633.74,2025_i_gastos_por_fyf.pdf,1.25048811,2/1/2025 a 31/3/2025 (trimestre) promedio ponderado por dias | 2025-01:30d 2025-02:28d 2025-03:31d,197660986.64,835191497.46,,835191497.46,197660986.64,187426451.39
2025,I,2/1/2025,31/3/2025,trimestre,funcion,1,ADMINISTRACION GUBERNAMENTAL,1.3,DIRECCION SUPERIOR EJECUTIVA,25361470926.55,,25361470926.55,7767839519.74,7496793088.27,2025_i_gastos_por_fyf.pdf,1.25048811,2/1/2025 a 31/3/2025 (trimestre) promedio ponderado por dias | 2025-01:30d 2025-02:28d 2025-03:31d,9713590959.82,31714217845.76,,31714217845.76,9713590959.82,9374650620.01
2025,I,2/1/2025,31/3/2025,trimestre,funcion,1,ADMINISTRACION GUBERNAMENTAL,1.5,RELACIONES CON LA COMUNIDAD,3355954215.00,,3355954215.00,880173414.62,615607613.01,2025_i_gastos_por_fyf.pdf,1.25048811,2/1/2025 a 31/3/2025 (trimestre) promedio ponderado por dias | 2025-01:30d 2025-02:28d 2025-03:31d,1100646389.72,4196580843.56,,4196580843.56,1100646389.72,769810000.49
2025,I,2/1/2025,31/3/2025,trimestre,funcion,1,ADMINISTRACION GUBERNAMENTAL,1.6,ADMINISTRACION FISCAL,1791193292.00,,1791193292.00,538896493.71,448729082.65,2025_i_gastos_por_fyf.pdf,1.25048811,2/1/2025 a 31/3/2025 (trimestre) promedio ponderado por dias | 2025-01:30d 2025-02:28d 2025-03:31d,673883657.91,2239865914.36,,2239865914.36,673883657.91,561130382.47
2025,I,2/1/2025,31/3/2025,trimestre,funcion,1,ADMINISTRACION GUBERNAMENTAL,1.7,CONTROL DE LA GESTION PUBLICA,622502079.00,,622502079.00,50167315.31,47396947.01,2025_i_gastos_por_fyf.pdf,1.25048811,2/1/2025 a 31/3/2025 (trimestre) promedio ponderado por dias | 2025-01:30d 2025-02:28d 2025-03:31d,62733631.31,778431448.24,,778431448.24,62733631.31,59269318.69
2025,I,2/1/2025,31/3/2025,trimestre,finalidad,1,ADMINISTRACION GUBERNAMENTAL,,,37153223561.55,,37153223561.55,10522197273.46,9830451059.98,2025_i_gastos_por_fyf.pdf,1.25048811,2/1/2025 a 31/3/2025 (trimestre) promedio ponderado por dias | 2025-01:30d 2025-02:28d 2025-03:31d,13157882581.54,46459664311.89,,46459664311.89,13157882581.54,12292862166.44
2025,I,2/1/2025,31/3/2025,trimestre,funcion,2,SERVICIOS DE SEGURIDAD,2.1,SEGURIDAD INTERNA,26944077463.24,,26944077463.24,7621589145.41,7161251022.78,2025_i_gastos_por_fyf.pdf,1.25048811,2/1/2025 a 31/3/2025 (trimestre) promedio ponderado por dias | 2025-01:30d 2025-02:28d 2025-03:31d,9530706605.64,33693248502.70,,33693248502.70,9530706605.64,8955059256.71
2025,I,2/1/2025,31/3/2025,trimestre,finalidad,2,SERVICIOS DE SEGURIDAD,,,26944077463.24,,26944077463.24,7621589145.41,7161251022.78,2025_i_gastos_por_fyf.pdf,1.25048811,2/1/2025 a 31/3/2025 (trimestre) promedio ponderado por dias | 2025-01:30d 2025-02:28d 2025-03:31d,9530706605.64,33693248502.70,,33693248502.70,9530706605.64,8955059256.71
2025,I,2/1/2025,31/3/2025,trimestre,funcion,3,SERVICIOS SOCIALES,3.1,SALUD,68915635780.57,4598818.00,68920234598.57,14896668419.32,13378646500.03,2025_i_gastos_por_fyf.pdf,1.25048811,2/1/2025 a 31/3/2025 (trimestre) promedio ponderado por dias | 2025-01:30d 2025-02:28d 2025-03:31d,18628106736.97,86178183136.69,5750767.23,86183933903.92,18628106736.97,16729838376.18
2025,I,2/1/2025,31/3/2025,trimestre,funcion,3,SERVICIOS SOCIALES,3.2,PROMOCION Y ASISTENCIA SOCIAL,3983835140.84,,3983835140.84,909512879.90,803030838.42,2025_i_gastos_por_fyf.pdf,1.25048811,2/1/2025 a 31/3/2025 (trimestre) promedio ponderado por dias | 2025-01:30d 2025-02:28d 2025-03:31d,1137335042.21,4981738475.82,,4981738475.82,1137335042.21,1004180515.41
2025,I,2/1/2025,31/3/2025,trimestre,funcion,3,SERVICIOS SOCIALES,3.4,EDUCACION Y CULTURAL,9540182085.80,,9540182085.80,2313165961.79,2207518355.15,2025_i_gastos_por_fyf.pdf,1.25048811,2/1/2025 a 31/3/2025 (trimestre) promedio ponderado por dias | 2025-01:30d 2025-02:28d 2025-03:31d,2892586531.68,11929884265.53,,11929884265.53,2892586531.68,2760475455.72
2025,I,2/1/2025,31/3/2025,trimestre,funcion,3,SERVICIOS SOCIALES,3.5,CIENCIA Y TECNICA,2675624198.00,,2675624198.00,750953331.82,669284780.48,2025_i_gastos_por_fyf.pdf,1.25048811,2/1/2025 a 31/3/2025 (trimestre) promedio ponderado por dias | 2025-01:30d 2025-02:28d 2025-03:31d,939058212.61,3345836246.43,,3345836246.43,939058212.61,836932660.19
2025,I,2/1/2025,31/3/2025,trimestre,funcion,3,SERVICIOS SOCIALES,3.6,TRABAJO,,,,1567750.00,490000.00,2025_i_gastos_por_fyf.pdf,1.25048811,2/1/2025 a 31/3/2025 (trimestre) promedio ponderado por dias | 2025-01:30d 2025-02:28d 2025-03:31d,1960452.73,,,,1960452.73,612739.17
2025,I,2/1/2025,31/3/2025,trimestre,funcion,3,SERVICIOS SOCIALES,3.7,VIVIENDA Y URBANISMO,15253504714.00,145481911.93,15398986625.93,1657726913.32,1357352844.16,2025_i_gastos_por_fyf.pdf,1.25048811,2/1/2025 a 31/3/2025 (trimestre) promedio ponderado por dias | 2025-01:30d 2025-02:28d 2025-03:31d,2072967794.73,19074326280.69,181923401.09,19256249681.77,2072967794.73,1697353592.70
2025,I,2/1/2025,31/3/2025,trimestre,funcion,3,SERVICIOS SOCIALES,3.8,AGUA POTABLE Y ALCANTARILLADO,1443035774.00,,1443035774.00,82112438.63,80116176.08,2025_i_gastos_por_fyf.pdf,1.25048811,2/1/2025 a 31/3/2025 (trimestre) promedio ponderado por dias | 2025-01:30d 2025-02:28d 2025-03:31d,102680628.19,1804499077.69,,1804499077.69,102680628.19,100184325.61
2025,I,2/1/2025,31/3/2025,trimestre,funcion,3,SERVICIOS SOCIALES,3.9,URBANISMO,62363498827.00,,62363498827.00,12191132403.76,9686887342.98,2025_i_gastos_por_fyf.pdf,1.25048811,2/1/2025 a 31/3/2025 (trimestre) promedio ponderado por dias | 2025-01:30d 2025-02:28d 2025-03:31d,15244866118.34,77984813781.16,,77984813781.16,15244866118.34,12113337445.31
2025,I,2/1/2025,31/3/2025,trimestre,finalidad,3,SERVICIOS SOCIALES,,,164175316520.21,150080729.93,164325397250.14,32802840098.54,28183326837.30,2025_i_gastos_por_fyf.pdf,1.25048811,2/1/2025 a 31/3/2025 (trimestre) promedio ponderado por dias | 2025-01:30d 2025-02:28d 2025-03:31d,41019561517.46,205299281264.01,187674168.32,205486955432.33,41019561517.46,35242915110.29
2025,I,2/1/2025,31/3/2025,trimestre,funcion,4,SERVICIOS ECONOMICOS,4.3,TRANSPORTE,31210077252.00,,31210077252.00,7458035904.56,6977652773.94,2025_i_gastos_por_fyf.pdf,1.25048811,2/1/2025 a 31/3/2025 (trimestre) promedio ponderado por dias | 2025-01:30d 2025-02:28d 2025-03:31d,9326185222.61,39027830515.81,,39027830515.81,9326185222.61,8725471829.52
2025,I,2/1/2025,31/3/2025,trimestre,funcion,4,SERVICIOS ECONOMICOS,4.4,ECOLOGIA Y MEDIO AMBIENTE,1135242436.00,,1135242436.00,381632408.35,371632557.36,2025_i_gastos_por_fyf.pdf,1.25048811,2/1/2025 a 31/3/2025 (trimestre) promedio ponderado por dias | 2025-01:30d 2025-02:28d 2025-03:31d,477226789.03,1419607168.19,,1419607168.19,477226789.03,464722094.27
2025,I,2/1/2025,31/3/2025,trimestre,funcion,4,SERVICIOS ECONOMICOS,4.7,"COMERCIO, TURISMO Y OTROS SERVICIOS",2096691291.00,,2096691291.00,474053930.25,452731880.42,2025_i_gastos_por_fyf.pdf,1.25048811,2/1/2025 a 31/3/2025 (trimestre) promedio ponderado por dias | 2025-01:30d 2025-02:28d 2025-03:31d,592798803.28,2621887529.74,,2621887529.74,592798803.28,566135833.48
2025,I,2/1/2025,31/3/2025,trimestre,finalidad,4,SERVICIOS ECONOMICOS,,,34442010979.00,,34442010979.00,8313722243.16,7802017211.72,2025_i_gastos_por_fyf.pdf,1.25048811,2/1/2025 a 31/3/2025 (trimestre) promedio ponderado por dias | 2025-01:30d 2025-02:28d 2025-03:31d,10396210814.91,43069325213.73,,43069325213.73,10396210814.91,9756329757.27
2025,I,2/1/2025,31/3/2025,trimestre,funcion,5,DEUDA PUBLICA,5.1,SERVICIOS DE LA DEUDA PUBLICA (INTERESES Y GAST,3950000000.00,,3950000000.00,14840732515.87,14840732515.87,2025_i_gastos_por_fyf.pdf,1.25048811,2/1/2025 a 31/3/2025 (trimestre) promedio ponderado por dias | 2025-01:30d 2025-02:28d 2025-03:31d,18558159554.79,4939428034.50,,4939428034.50,18558159554.79,18558159554.79
2025,I,2/1/2025,31/3/2025,trimestre,finalidad,5,DEUDA PUBLICA,,,3950000000.00,,3950000000.00,14840732515.87,14840732515.87,2025_i_gastos_por_fyf.pdf,1.25048811,2/1/2025 a 31/3/2025 (trimestre) promedio ponderado por dias | 2025-01:30d 2025-02:28d 2025-03:31d,18558159554.79,4939428034.50,,4939428034.50,18558159554.79,18558159554.79
2025,I,2/1/2025,31/3/2025,trimestre,funcion,9,A CLASIFICAR,9.1,A CLASIFICAR,1045904310.00,,1045904310.00,,,2025_i_gastos_por_fyf.pdf,1.25048811,2/1/2025 a 31/3/2025 (trimestre) promedio ponderado por dias | 2025-01:30d 2025-02:28d 2025-03:31d,,1307890903.85,,1307890903.85,,
2025,I,2/1/2025,31/3/2025,trimestre,finalidad,9,A CLASIFICAR,,,1045904310.00,,1045904310.00,,,2025_i_gastos_por_fyf.pdf,1.25048811,2/1/2025 a 31/3/2025 (trimestre) promedio ponderado por dias | 2025-01:30d 2025-02:28d 2025-03:31d,,1307890903.85,,1307890903.85,,
2025,II,1/4/2025,30/6/2025,trimestre,funcion,1,ADMINISTRACION GUBERNAMENTAL,1.1,LEGISLATIVA,,,,1328730967.35,1309148981.94,2025_ii_gastos_por_fyf.pdf,1.16090615,1/4/2025 a 30/6/2025 (trimestre) promedio ponderado por dias | 2025-04:30d 2025-05:31d 2025-06:30d,1542531951.69,,,,1542531951.69,1519799104.40
2025,II,1/4/2025,30/6/2025,trimestre,funcion,1,ADMINISTRACION GUBERNAMENTAL,1.2,JUDICIAL,,-71145491.00,-71145491.00,216523304.70,213257055.10,2025_ii_gastos_por_fyf.pdf,1.16090615,1/4/2025 a 30/6/2025 (trimestre) promedio ponderado por dias | 2025-04:30d 2025-05:31d 2025-06:30d,251363236.04,,-82593238.05,-82593238.05,251363236.04,247571426.80
2025,II,1/4/2025,30/6/2025,trimestre,funcion,1,ADMINISTRACION GUBERNAMENTAL,1.3,DIRECCION SUPERIOR EJECUTIVA,,-316714196.00,-316714196.00,8891551387.16,8832826494.44,2025_ii_gastos_por_fyf.pdf,1.16090615,1/4/2025 a 30/6/2025 (trimestre) promedio ponderado por dias | 2025-04:30d 2025-05:31d 2025-06:30d,10322256688.40,,-367675457.93,-367675457.93,10322256688.40,10254082599.28
2025,II,1/4/2025,30/6/2025,trimestre,funcion,1,ADMINISTRACION GUBERNAMENTAL,1.5,RELACIONES CON LA COMUNIDAD,,-130415553.00,-130415553.00,906737894.79,928894850.72,2025_ii_gastos_por_fyf.pdf,1.16090615,1/4/2025 a 30/6/2025 (trimestre) promedio ponderado por dias | 2025-04:30d 2025-05:31d 2025-06:30d,1052637598.50,,-151400217.53,-151400217.53,1052637598.50,1078359744.90
2025,II,1/4/2025,30/6/2025,trimestre,funcion,1,ADMINISTRACION GUBERNAMENTAL,1.6,ADMINISTRACION FISCAL,,-175000.00,-175000.00,472987076.89,544294153.79,2025_ii_gastos_por_fyf.pdf,1.16090615,1/4/2025 a 30/6/2025 (trimestre) promedio ponderado por dias | 2025-04:30d 2025-05:31d 2025-06:30d,549093606.43,,-203158.58,-203158.58,549093606.43,631874430.54
2025,II,1/4/2025,30/6/2025,trimestre,funcion,1,ADMINISTRACION GUBERNAMENTAL,1.7,CONTROL DE LA GESTION PUBLICA,,-57514784.00,-57514784.00,81056447.86,78671165.71,2025_ii_gastos_por_fyf.pdf,1.16090615,1/4/2025 a 30/6/2025 (trimestre) promedio ponderado por dias | 2025-04:30d 2025-05:31d 2025-06:30d,94098928.82,,-66769266.46,-66769266.46,94098928.82,91329840.10
2025,II,1/4/2025,30/6/2025,trimestre,finalidad,1,ADMINISTRACION GUBERNAMENTAL,,,,-575965024.00,-575965024.00,11897587078.75,11907092701.70,2025_ii_gastos_por_fyf.pdf,1.16090615,1/4/2025 a 30/6/2025 (trimestre) promedio ponderado por dias | 2025-04:30d 2025-05:31d 2025-06:30d,13811982009.88,,-668641338.55,-668641338.55,13811982009.88,13823017146.02
2025,II,1/4/2025,30/6/2025,trimestre,funcion,2,SERVICIOS DE SEGURIDAD,2.1,SEGURIDAD INTERNA,,560100532.00,560100532.00,5839719743.63,6106955068.41,2025_ii_gastos_por_fyf.pdf,1.16090615,1/4/2025 a 30/6/2025 (trimestre) promedio ponderado por dias | 2025-04:30d 2025-05:31d 2025-06:30d,6779366564.66,,650224152.22,650224152.22,6779366564.66,7089601696.69
2025,II,1/4/2025,30/6/2025,trimestre,finalidad,2,SERVICIOS DE SEGURIDAD,,,,560100532.00,560100532.00,5839719743.63,6106955068.41,2025_ii_gastos_por_fyf.pdf,1.16090615,1/4/2025 a 30/6/2025 (trimestre) promedio ponderado por dias | 2025-04:30d 2025-05:31d 2025-06:30d,6779366564.66,,650224152.22,650224152.22,6779366564.66,7089601696.69
2025,II,1/4/2025,30/6/2025,trimestre,funcion,3,SERVICIOS SOCIALES,3.1,SALUD,,223962564.86,223962564.86,21927011851.38,22110414804.82,2025_ii_gastos_por_fyf.pdf,1.16090615,1/4/2025 a 30/6/2025 (trimestre) promedio ponderado por dias | 2025-04:30d 2025-05:31d 2025-06:30d,25455202909.39,,259999518.92,259999518.92,25455202909.39,25668116525.97
2025,II,1/4/2025,30/6/2025,trimestre,funcion,3,SERVICIOS SOCIALES,3.2,PROMOCION Y ASISTENCIA SOCIAL,,351637252.39,351637252.39,1318086236.66,1304680777.30,2025_ii_gastos_por_fyf.pdf,1.16090615,1/4/2025 a 30/6/2025 (trimestre) promedio ponderado por dias | 2025-04:30d 2025-05:31d 2025-06:30d,1530174418.37,,408217848.87,408217848.87,1530174418.37,1514611938.15
2025,II,1/4/2025,30/6/2025,trimestre,funcion,3,SERVICIOS SOCIALES,3.4,EDUCACION Y CULTURAL,,901700163.86,901700163.86,3839218979.55,3750079680.67,2025_ii_gastos_por_fyf.pdf,1.16090615,1/4/2025 a 30/6/2025 (trimestre) promedio ponderado por dias | 2025-04:30d 2025-05:31d 2025-06:30d,4456972924.56,,1046789265.68,1046789265.68,4456972924.56,4353490564.28
2025,II,1/4/2025,30/6/2025,trimestre,funcion,3,SERVICIOS SOCIALES,3.5,CIENCIA Y TECNICA,,266739190.00,266739190.00,3018798629.81,3038690479.54,2025_ii_gastos_por_fyf.pdf,1.16090615,1/4/2025 a 30/6/2025 (trimestre) promedio ponderado por dias | 2025-04:30d 2025-05:31d 2025-06:30d,3504541894.96,,309659166.12,309659166.12,3504541894.96,3527634465.64
2025,II,1/4/2025,30/6/2025,trimestre,funcion,3,SERVICIOS SOCIALES,3.6,TRABAJO,,58350481.46,58350481.46,19061458.00,14931800.00,2025_ii_gastos_por_fyf.pdf,1.16090615,1/4/2025 a 30/6/2025 (trimestre) promedio ponderado por dias | 2025-04:30d 2025-05:31d 2025-06:30d,22128563.82,,67739432.78,67739432.78,22128563.82,17334418.45
2025,II,1/4/2025,30/6/2025,trimestre,funcion,3,SERVICIOS SOCIALES,3.7,VIVIENDA Y URBANISMO,,-267329912.39,-267329912.39,2545209046.10,2845583115.26,2025_ii_gastos_por_fyf.pdf,1.16090615,1/4/2025 a 30/6/2025 (trimestre) promedio ponderado por dias | 2025-04:30d 2025-05:31d 2025-06:30d,2954748834.65,,-310344939.37,-310344939.37,2954748834.65,3303454938.84
2025,II,1/4/2025,30/6/2025,trimestre,funcion,3,SERVICIOS SOCIALES,3.8,AGUA POTABLE Y ALCANTARILLADO,,49395000.00,49395000.00,743805743.59,716606920.36,2025_ii_gastos_por_fyf.pdf,1.16090615,1/4/2025 a 30/6/2025 (trimestre) promedio ponderado por dias | 2025-04:30d 2025-05:31d 2025-06:30d,863488662.14,,57342959.28,57342959.28,863488662.14,831913380.98
2025,II,1/4/2025,30/6/2025,trimestre,funcion,3,SERVICIOS SOCIALES,3.9,URBANISMO,,-694112785.91,-694112785.91,17527078726.53,19529786735.46,2025_ii_gastos_por_fyf.pdf,1.16090615,1/4/2025 a 30/6/2025 (trimestre) promedio ponderado por dias | 2025-04:30d 2025-05:31d 2025-06:30d,20347293485.16,,-805799801.96,-805799801.96,20347293485.16,22672249529.38
2025,II,1/4/2025,30/6/2025,trimestre,finalidad,3,SERVICIOS SOCIALES,,,,890341954.27,890341954.27,50938270671.62,53310774313.41,2025_ii_gastos_por_fyf.pdf,1.16090615,1/4/2025 a 30/6/2025 (trimestre) promedio ponderado por dias | 2025-04:30d 2025-05:31d 2025-06:30d,59134551693.05,,1033603450.32,1033603450.32,59134551693.05,61888805761.70
2025,II,1/4/2025,30/6/2025,trimestre,funcion,4,SERVICIOS ECONOMICOS,4.3,TRANSPORTE,,772994876.89,772994876.89,9004456467.25,9401143508.20,2025_ii_gastos_por_fyf.pdf,1.16090615,1/4/2025 a 30/6/2025 (trimestre) promedio ponderado por dias | 2025-04:30d 2025-05:31d 2025-06:30d,10453328890.24,,897374506.50,897374506.50,10453328890.24,10913845315.70
2025,II,1/4/2025,30/6/2025,trimestre,funcion,4,SERVICIOS ECONOMICOS,4.4,ECOLOGIA Y MEDIO AMBIENTE,,-21535400.00,-21535400.00,149307823.35,144702576.29,2025_ii_gastos_por_fyf.pdf,1.16090615,1/4/2025 a 30/6/2025 (trimestre) promedio ponderado por dias | 2025-04:30d 2025-05:31d 2025-06:30d,173332370.37,,-25000578.30,-25000578.30,173332370.37,167986110.74
2025,II,1/4/2025,30/6/2025,trimestre,funcion,4,SERVICIOS ECONOMICOS,4.7,"COMERCIO, TURISMO Y OTROS SERVICIOS",,-51615422.00,-51615422.00,630007453.20,622242496.36,2025_ii_gastos_por_fyf.pdf,1.16090615,1/4/2025 a 30/6/2025 (trimestre) promedio ponderado por dias | 2025-04:30d 2025-05:31d 2025-06:30d,731379526.97,,-59920660.83,-59920660.83,731379526.97,722365140.82
2025,II,1/4/2025,30/6/2025,trimestre,finalidad,4,SERVICIOS ECONOMICOS,,,,699844054.89,699844054.89,9783771743.80,10168088580.85,2025_ii_gastos_por_fyf.pdf,1.16090615,1/4/2025 a 30/6/2025 (trimestre) promedio ponderado por dias | 2025-04:30d 2025-05:31d 2025-06:30d,11358040787.57,,812453267.36,812453267.36,11358040787.57,11804196567.25
2025,II,1/4/2025,30/6/2025,trimestre,funcion,5,DEUDA PUBLICA,5.1,SERVICIOS DE LA DEUDA PUBLICA (INTERESES Y GAST,,275910287.47,275910287.47,45565766.62,45565766.62,2025_ii_gastos_por_fyf.pdf,1.16090615,1/4/2025 a 30/6/2025 (trimestre) promedio ponderado por dias | 2025-04:30d 2025-05:31d 2025-06:30d,52897578.70,,320305949.57,320305949.57,52897578.70,52897578.70
2025,II,1/4/2025,30/6/2025,trimestre,finalidad,5,DEUDA PUBLICA,,,,275910287.47,275910287.47,45565766.62,45565766.62,2025_ii_gastos_por_fyf.pdf,1.16090615,1/4/2025 a 30/6/2025 (trimestre) promedio ponderado por dias | 2025-04:30d 2025-05:31d 2025-06:30d,52897578.70,,320305949.57,320305949.57,52897578.70,52897578.70
2025,III,1/7/2025,30/9/2025,trimestre,funcion,1,ADMINISTRACION GUBERNAMENTAL,1.1,LEGISLATIVA,,,,1231681525.85,1245536853.77,2025_iii_gastos_por_fyf.pdf,1.10033563,1/7/2025 a 30/9/2025 (trimestre) promedio ponderado por dias | 2025-07:31d 2025-08:31d 2025-09:30d,1355263067.71,,,,1355263067.71,1370508578.68
2025,III,1/7/2025,30/9/2025,trimestre,funcion,1,ADMINISTRACION GUBERNAMENTAL,1.2,JUDICIAL,,8410000.00,8410000.00,214352591.05,217345408.19,2025_iii_gastos_por_fyf.pdf,1.10033563,1/7/2025 a 30/9/2025 (trimestre) promedio ponderado por dias | 2025-07:31d 2025-08:31d 2025-09:30d,235859793.32,,9253822.65,9253822.65,235859793.32,239152896.65
2025,III,1/7/2025,30/9/2025,trimestre,funcion,1,ADMINISTRACION GUBERNAMENTAL,1.3,DIRECCION SUPERIOR EJECUTIVA,,10750000.00,10750000.00,10354082507.42,9078023140.14,2025_iii_gastos_por_fyf.pdf,1.10033563,1/7/2025 a 30/9/2025 (trimestre) promedio ponderado por dias | 2025-07:31d 2025-08:31d 2025-09:30d,11392965898.87,,11828608.02,11828608.02,11392965898.87,9988872311.06
2025,III,1/7/2025,30/9/2025,trimestre,funcion,1,ADMINISTRACION GUBERNAMENTAL,1.5,RELACIONES CON LA COMUNIDAD,,23778000.00,23778000.00,1598559268.36,1422596049.47,2025_iii_gastos_por_fyf.pdf,1.10033563,1/7/2025 a 30/9/2025 (trimestre) promedio ponderado por dias | 2025-07:31d 2025-08:31d 2025-09:30d,1758951719.64,,26163780.61,26163780.61,1758951719.64,1565333120.33
2025,III,1/7/2025,30/9/2025,trimestre,funcion,1,ADMINISTRACION GUBERNAMENTAL,1.6,ADMINISTRACION FISCAL,,7270000.00,7270000.00,698292622.86,690914874.64,2025_iii_gastos_por_fyf.pdf,1.10033563,1/7/2025 a 30/9/2025 (trimestre) promedio ponderado por dias | 2025-07:31d 2025-08:31d 2025-09:30d,768356253.10,,7999440.03,7999440.03,768356253.10,760238253.86
2025,III,1/7/2025,30/9/2025,trimestre,funcion,1,ADMINISTRACION GUBERNAMENTAL,1.7,CONTROL DE LA GESTION PUBLICA,,6900000.00,6900000.00,71542558.34,72311218.55,2025_iii_gastos_por_fyf.pdf,1.10033563,1/7/2025 a 30/9/2025 (trimestre) promedio ponderado por dias | 2025-07:31d 2025-08:31d 2025-09:30d,78720826.00,,7592315.85,7592315.85,78720826.00,79566610.22
2025,III,1/7/2025,30/9/2025,trimestre,finalidad,1,ADMINISTRACION GUBERNAMENTAL,,,,57108000.00,57108000.00,14168511073.88,12726727544.76,2025_iii_gastos_por_fyf.pdf,1.10033563,1/7/2025 a 30/9/2025 (trimestre) promedio ponderado por dias | 2025-07:31d 2025-08:31d 2025-09:30d,15590117558.64,,62837967.16,62837967.16,15590117558.64,14003671770.80
2025,III,1/7/2025,30/9/2025,trimestre,funcion,2,SERVICIOS DE SEGURIDAD,2.1,SEGURIDAD INTERNA,,405500000.00,405500000.00,8953365490.90,8150967148.01,2025_iii_gastos_por_fyf.pdf,1.10033563,1/7/2025 a 30/9/2025 (trimestre) promedio ponderado por dias | 2025-07:31d 2025-08:31d 2025-09:30d,9851707058.05,,446186097.97,446186097.97,9851707058.05,8968799571.91
2025,III,1/7/2025,30/9/2025,trimestre,finalidad,2,SERVICIOS DE SEGURIDAD,,,,405500000.00,405500000.00,8953365490.90,8150967148.01,2025_iii_gastos_por_fyf.pdf,1.10033563,1/7/2025 a 30/9/2025 (trimestre) promedio ponderado por dias | 2025-07:31d 2025-08:31d 2025-09:30d,9851707058.05,,446186097.97,446186097.97,9851707058.05,8968799571.91
2025,III,1/7/2025,30/9/2025,trimestre,funcion,3,SERVICIOS SOCIALES,3.1,SALUD,,-1460717870.50,-1460717870.50,23404685028.15,22312719258.60,2025_iii_gastos_por_fyf.pdf,1.10033563,1/7/2025 a 30/9/2025 (trimestre) promedio ponderado por dias | 2025-07:31d 2025-08:31d 2025-09:30d,25753008845.40,,-1607279918.29,-1607279918.29,25753008845.40,24551480002.42
2025,III,1/7/2025,30/9/2025,trimestre,funcion,3,SERVICIOS SOCIALES,3.2,PROMOCION Y ASISTENCIA SOCIAL,,115147000.00,115147000.00,2104354425.48,1849499312.31,2025_iii_gastos_por_fyf.pdf,1.10033563,1/7/2025 a 30/9/2025 (trimestre) promedio ponderado por dias | 2025-07:31d 2025-08:31d 2025-09:30d,2315496152.50,,126700346.79,126700346.79,2315496152.50,2035069991.00
2025,III,1/7/2025,30/9/2025,trimestre,funcion,3,SERVICIOS SOCIALES,3.4,EDUCACION Y CULTURAL,,1495501728.10,1495501728.10,4614062393.08,4489484379.10,2025_iii_gastos_por_fyf.pdf,1.10033563,1/7/2025 a 30/9/2025 (trimestre) promedio ponderado por dias | 2025-07:31d 2025-08:31d 2025-09:30d,5077017250.15,,1645553836.16,1645553836.16,5077017250.15,4939939622.65
2025,III,1/7/2025,30/9/2025,trimestre,funcion,3,SERVICIOS SOCIALES,3.5,CIENCIA Y TECNICA,,1175000.00,1175000.00,3617005369.69,3569753829.24,2025_iii_gastos_por_fyf.pdf,1.10033563,1/7/2025 a 30/9/2025 (trimestre) promedio ponderado por dias | 2025-07:31d 2025-08:31d 2025-09:30d,3979919882.17,,1292894.37,1292894.37,3979919882.17,3927927328.64
2025,III,1/7/2025,30/9/2025,trimestre,funcion,3,SERVICIOS SOCIALES,3.6,TRABAJO,,22350000.00,22350000.00,52275241.82,46282541.82,2025_iii_gastos_por_fyf.pdf,1.10033563,1/7/2025 a 30/9/2025 (trimestre) promedio ponderado por dias | 2025-07:31d 2025-08:31d 2025-09:30d,57520311.14,,24592501.33,24592501.33,57520311.14,50926329.81
2025,III,1/7/2025,30/9/2025,trimestre,funcion,3,SERVICIOS SOCIALES,3.7,VIVIENDA Y URBANISMO,,141700000.00,141700000.00,4043914581.90,2071011736.72,2025_iii_gastos_por_fyf.pdf,1.10033563,1/7/2025 a 30/9/2025 (trimestre) promedio ponderado por dias | 2025-07:31d 2025-08:31d 2025-09:30d,4449663299.14,,155917558.77,155917558.77,4449663299.14,2278808004.06
2025,III,1/7/2025,30/9/2025,trimestre,funcion,3,SERVICIOS SOCIALES,3.8,AGUA POTABLE Y ALCANTARILLADO,,-336245000.00,-336245000.00,823016136.13,712024347.88,2025_iii_gastos_por_fyf.pdf,1.10033563,1/7/2025 a 30/9/2025 (trimestre) promedio ponderado por dias | 2025-07:31d 2025-08:31d 2025-09:30d,905593978.65,,-369982353.91,-369982353.91,905593978.65,783465759.40
2025,III,1/7/2025,30/9/2025,trimestre,funcion,3,SERVICIOS SOCIALES,3.9,URBANISMO,,594112516.94,594112516.94,22803957479.88,20173428935.78,2025_iii_gastos_por_fyf.pdf,1.10033563,1/7/2025 a 30/9/2025 (trimestre) promedio ponderado por dias | 2025-07:31d 2025-08:31d 2025-09:30d,25092006920.12,,653723170.62,653723170.62,25092006920.12,22197542637.31
2025,III,1/7/2025,30/9/2025,trimestre,finalidad,3,SERVICIOS SOCIALES,,,,573023374.54,573023374.54,61463270656.13,55224204341.45,2025_iii_gastos_por_fyf.pdf,1.10033563,1/7/2025 a 30/9/2025 (trimestre) promedio ponderado por dias | 2025-07:31d 2025-08:31d 2025-09:30d,67630226639.27,,630518035.83,630518035.83,67630226639.27,60765159675.30
2025,III,1/7/2025,30/9/2025,trimestre,funcion,4,SERVICIOS ECONOMICOS,4.3,TRANSPORTE,,-213054902.81,-213054902.81,11633614105.92,10904596278.55,2025_iii_gastos_por_fyf.pdf,1.10033563,1/7/2025 a 30/9/2025 (trimestre) promedio ponderado por dias | 2025-07:31d 2025-08:31d 2025-09:30d,12800880106.41,,-234431900.71,-234431900.71,12800880106.41,11998715816.05
2025,III,1/7/2025,30/9/2025,trimestre,funcion,4,SERVICIOS ECONOMICOS,4.4,ECOLOGIA Y MEDIO AMBIENTE,,,,554514304.78,410343061.49,2025_iii_gastos_por_fyf.pdf,1.10033563,1/7/2025 a 30/9/2025 (trimestre) promedio ponderado por dias | 2025-07:31d 2025-08:31d 2025-09:30d,610151846.89,,,,610151846.89,451515091.08
2025,III,1/7/2025,30/9/2025,trimestre,funcion,4,SERVICIOS ECONOMICOS,4.7,"COMERCIO, TURISMO Y OTROS SERVICIOS",,24715000.00,24715000.00,642626301.44,640081752.44,2025_iii_gastos_por_fyf.pdf,1.10033563,1/7/2025 a 30/9/2025 (trimestre) promedio ponderado por dias | 2025-07:31d 2025-08:31d 2025-09:30d,707104616.25,,27194795.10,27194795.10,707104616.25,704304758.32
2025,III,1/7/2025,30/9/2025,trimestre,finalidad,4,SERVICIOS ECONOMICOS,,,,-188339902.81,-188339902.81,12830754712.14,11955021092.48,2025_iii_gastos_por_fyf.pdf,1.10033563,1/7/2025 a 30/9/2025 (trimestre) promedio ponderado por dias | 2025-07:31d 2025-08:31d 2025-09:30d,14118136569.56,,-207237105.61,-207237105.61,14118136569.56,13154535665.46
2025,III,1/7/2025,30/9/2025,trimestre,funcion,5,DEUDA PUBLICA,5.1,SERVICIOS DE LA DEUDA PUBLICA (INTERESES Y GAST,,,,1946056.20,1946056.20,2025_iii_gastos_por_fyf.pdf,1.10033563,1/7/2025 a 30/9/2025 (trimestre) promedio ponderado por dias | 2025-07:31d 2025-08:31d 2025-09:30d,2141314.97,,,,2141314.97,2141314.97
2025,III,1/7/2025,30/9/2025,trimestre,finalidad,5,DEUDA PUBLICA,,,,,,1946056.20,1946056.20,2025_iii_gastos_por_fyf.pdf,1.10033563,1/7/2025 a 30/9/2025 (trimestre) promedio ponderado por dias | 2025-07:31d 2025-08:31d 2025-09:30d,2141314.97,,,,2141314.97,2141314.97
2025,IV,2/1/2025,30/12/2025,acumulado_anual,funcion,1,ADMINISTRACION GUBERNAMENTAL,1.1,LEGISLATIVA,5354210655.00,,5354210655.00,4571068290.21,4569932685.21,2025_iv_gastos_por_fyf.pdf,1.12818726,2/1/2025 a 30/12/2025 (acumulado_anual) promedio ponderado por dias | 2025-01:30d 2025-02:28d 2025-03:31d 2025-04:30d 2025-05:31d 2025-06:30d 2025-07:31d 2025-08:31d 2025-09:30d 2025-10:31d 2025-11:30d 2025-12:30d,5157021009.60,6040552248.33,,6040552248.33,5157021009.60,5155739834.51
2025,IV,2/1/2025,30/12/2025,acumulado_anual,funcion,1,ADMINISTRACION GUBERNAMENTAL,1.2,JUDICIAL,667892394.00,58921509.00,726813903.00,726703843.49,726703843.49,2025_iv_gastos_por_fyf.pdf,1.12818726,2/1/2025 a 30/12/2025 (acumulado_anual) promedio ponderado por dias | 2025-01:30d 2025-02:28d 2025-03:31d 2025-04:30d 2025-05:31d 2025-06:30d 2025-07:31d 2025-08:31d 2025-09:30d 2025-10:31d 2025-11:30d 2025-12:30d,819858018.02,753507689.96,66474495.79,819982185.76,819858018.02,819858018.02
2025,IV,2/1/2025,30/12/2025,acumulado_anual,funcion,1,ADMINISTRACION GUBERNAMENTAL,1.3,DIRECCION SUPERIOR EJECUTIVA,25361470926.55,7395055262.00,32756526188.55,32551822739.17,32281489417.60,2025_iv_gastos_por_fyf.pdf,1.12818726,2/1/2025 a 30/12/2025 (acumulado_anual) promedio ponderado por dias | 2025-01:30d 2025-02:28d 2025-03:31d 2025-04:30d 2025-05:31d 2025-06:30d 2025-07:31d 2025-08:31d 2025-09:30d 2025-10:31d 2025-11:30d 2025-12:30d,36724551704.11,28612488394.19,8343007133.58,36955495527.78,36724551704.11,36419565094.76
2025,IV,2/1/2025,30/12/2025,acumulado_anual,funcion,1,ADMINISTRACION GUBERNAMENTAL,1.5,RELACIONES CON LA COMUNIDAD,3355954215.00,684452447.00,4040406662.00,4040041713.91,3963680099.39,2025_iv_gastos_por_fyf.pdf,1.12818726,2/1/2025 a 30/12/2025 (acumulado_anual) promedio ponderado por dias | 2025-01:30d 2025-02:28d 2025-03:31d 2025-04:30d 2025-05:31d 2025-06:30d 2025-07:31d 2025-08:31d 2025-09:30d 2025-10:31d 2025-11:30d 2025-12:30d,4557923591.50,3786144790.51,772190530.78,4558335321.29,4557923591.50,4471773390.85
2025,IV,2/1/2025,30/12/2025,acumulado_anual,funcion,1,ADMINISTRACION GUBERNAMENTAL,1.6,ADMINISTRACION FISCAL,1791193292.00,449967000.00,2241160292.00,2241064072.70,2241064072.70,2025_iv_gastos_por_fyf.pdf,1.12818726,2/1/2025 a 30/12/2025 (acumulado_anual) promedio ponderado por dias | 2025-01:30d 2025-02:28d 2025-03:31d 2025-04:30d 2025-05:31d 2025-06:30d 2025-07:31d 2025-08:31d 2025-09:30d 2025-10:31d 2025-11:30d 2025-12:30d,2528339935.66,2020801452.23,507647036.82,2528448489.05,2528339935.66,2528339935.66
2025,IV,2/1/2025,30/12/2025,acumulado_anual,funcion,1,ADMINISTRACION GUBERNAMENTAL,1.7,CONTROL DE LA GESTION PUBLICA,622502079.00,-355135091.00,267366988.00,267333862.93,258444262.93,2025_iv_gastos_por_fyf.pdf,1.12818726,2/1/2025 a 30/12/2025 (acumulado_anual) promedio ponderado por dias | 2025-01:30d 2025-02:28d 2025-03:31d 2025-04:30d 2025-05:31d 2025-06:30d 2025-07:31d 2025-08:31d 2025-09:30d 2025-10:31d 2025-11:30d 2025-12:30d,301602658.32,702298914.85,-400658885.25,301640029.61,301602658.32,291573524.86
2025,IV,2/1/2025,30/12/2025,acumulado_anual,finalidad,1,ADMINISTRACION GUBERNAMENTAL,,,37153223561.55,8233261127.00,45386484688.55,44398034522.41,44041314381.32,2025_iv_gastos_por_fyf.pdf,1.12818726,2/1/2025 a 30/12/2025 (acumulado_anual) promedio ponderado por dias | 2025-01:30d 2025-02:28d 2025-03:31d 2025-04:30d 2025-05:31d 2025-06:30d 2025-07:31d 2025-08:31d 2025-09:30d 2025-10:31d 2025-11:30d 2025-12:30d,50089296917.22,41915793490.07,9288660311.73,51204453801.81,50089296917.22,49686849798.66
2025,IV,2/1/2025,30/12/2025,acumulado_anual,funcion,2,SERVICIOS DE SEGURIDAD,2.1,SEGURIDAD INTERNA,26944077463.24,5513285313.00,32457362776.24,32446010425.66,32152262848.26,2025_iv_gastos_por_fyf.pdf,1.12818726,2/1/2025 a 30/12/2025 (acumulado_anual) promedio ponderado por dias | 2025-01:30d 2025-02:28d 2025-03:31d 2025-04:30d 2025-05:31d 2025-06:30d 2025-07:31d 2025-08:31d 2025-09:30d 2025-10:31d 2025-11:30d 2025-12:30d,36605175600.06,30397964926.48,6220018250.87,36617983177.35,36605175600.06,36273773325.58
2025,IV,2/1/2025,30/12/2025,acumulado_anual,finalidad,2,SERVICIOS DE SEGURIDAD,,,26944077463.24,5513285313.00,32457362776.24,32446010425.66,32152262848.26,2025_iv_gastos_por_fyf.pdf,1.12818726,2/1/2025 a 30/12/2025 (acumulado_anual) promedio ponderado por dias | 2025-01:30d 2025-02:28d 2025-03:31d 2025-04:30d 2025-05:31d 2025-06:30d 2025-07:31d 2025-08:31d 2025-09:30d 2025-10:31d 2025-11:30d 2025-12:30d,36605175600.06,30397964926.48,6220018250.87,36617983177.35,36605175600.06,36273773325.58
2025,IV,2/1/2025,30/12/2025,acumulado_anual,funcion,3,SERVICIOS SOCIALES,3.1,SALUD,68915635780.57,9326565779.36,78242201559.93,78217069372.33,77060811416.51,2025_iv_gastos_por_fyf.pdf,1.12818726,2/1/2025 a 30/12/2025 (acumulado_anual) promedio ponderado por dias | 2025-01:30d 2025-02:28d 2025-03:31d 2025-04:30d 2025-05:31d 2025-06:30d 2025-07:31d 2025-08:31d 2025-09:30d 2025-10:31d 2025-11:30d 2025-12:30d,88243501180.40,77749742302.44,10522112691.83,88271854994.27,88243501180.40,86939025685.37
2025,IV,2/1/2025,30/12/2025,acumulado_anual,funcion,3,SERVICIOS SOCIALES,3.2,PROMOCION Y ASISTENCIA SOCIAL,3983835140.84,1889354299.39,5873189440.23,5914489308.16,5662483947.01,2025_iv_gastos_por_fyf.pdf,1.12818726,2/1/2025 a 30/12/2025 (acumulado_anual) promedio ponderado por dias | 2025-01:30d 2025-02:28d 2025-03:31d 2025-04:30d 2025-05:31d 2025-06:30d 2025-07:31d 2025-08:31d 2025-09:30d 2025-10:31d 2025-11:30d 2025-12:30d,6672651486.87,4494512051.84,2131545450.20,6626057502.03,6672651486.87,6388342248.97
2025,IV,2/1/2025,30/12/2025,acumulado_anual,funcion,3,SERVICIOS SOCIALES,3.4,EDUCACION Y CULTURAL,9540182085.80,4409431579.96,13949613665.76,13986341015.32,13660052378.29,2025_iv_gastos_por_fyf.pdf,1.12818726,2/1/2025 a 30/12/2025 (acumulado_anual) promedio ponderado por dias | 2025-01:30d 2025-02:28d 2025-03:31d 2025-04:30d 2025-05:31d 2025-06:30d 2025-07:31d 2025-08:31d 2025-09:30d 2025-10:31d 2025-11:30d 2025-12:30d,15779211747.50,10763111887.28,4974664532.35,15737776419.63,15779211747.50,15411097064.12
2025,IV,2/1/2025,30/12/2025,acumulado_anual,funcion,3,SERVICIOS SOCIALES,3.5,CIENCIA Y TECNICA,2675624198.00,5479733290.00,8155357488.00,8155070001.31,8055705201.57,2025_iv_gastos_por_fyf.pdf,1.12818726,2/1/2025 a 30/12/2025 (acumulado_anual) promedio ponderado por dias | 2025-01:30d 2025-02:28d 2025-03:31d 2025-04:30d 2025-05:31d 2025-06:30d 2025-07:31d 2025-08:31d 2025-09:30d 2025-10:31d 2025-11:30d 2025-12:30d,9200446079.89,3018605132.73,6182165285.98,9200770418.71,9200446079.89,9088343978.73
2025,IV,2/1/2025,30/12/2025,acumulado_anual,funcion,3,SERVICIOS SOCIALES,3.6,TRABAJO,,195131081.46,195131081.46,170314500.62,131271007.62,2025_iv_gastos_por_fyf.pdf,1.12818726,2/1/2025 a 30/12/2025 (acumulado_anual) promedio ponderado por dias | 2025-01:30d 2025-02:28d 2025-03:31d 2025-04:30d 2025-05:31d 2025-06:30d 2025-07:31d 2025-08:31d 2025-09:30d 2025-10:31d 2025-11:30d 2025-12:30d,192146649.79,,220144400.13,220144400.13,192146649.79,148098278.40
2025,IV,2/1/2025,30/12/2025,acumulado_anual,funcion,3,SERVICIOS SOCIALES,3.7,VIVIENDA Y URBANISMO,15253504714.00,-2880714688.46,12372790025.54,12335648700.58,12239994651.26,2025_iv_gastos_por_fyf.pdf,1.12818726,2/1/2025 a 30/12/2025 (acumulado_anual) promedio ponderado por dias | 2025-01:30d 2025-02:28d 2025-03:31d 2025-04:30d 2025-05:31d 2025-06:30d 2025-07:31d 2025-08:31d 2025-09:30d 2025-10:31d 2025-11:30d 2025-12:30d,13916921707.83,17208809688.68,-3249985611.22,13958824077.47,13916921707.83,13809006028.02
2025,IV,2/1/2025,30/12/2025,acumulado_anual,funcion,3,SERVICIOS SOCIALES,3.8,AGUA POTABLE Y ALCANTARILLADO,1443035774.00,1877528186.00,3320563960.00,3320175803.51,2863073712.56,2025_iv_gastos_por_fyf.pdf,1.12818726,2/1/2025 a 30/12/2025 (acumulado_anual) promedio ponderado por dias | 2025-01:30d 2025-02:28d 2025-03:31d 2025-04:30d 2025-05:31d 2025-06:30d 2025-07:31d 2025-08:31d 2025-09:30d 2025-10:31d 2025-11:30d 2025-12:30d,3745780042.48,1628014575.95,2118203379.74,3746217955.69,3745780042.48,3230083286.95
2025,IV,2/1/2025,30/12/2025,acumulado_anual,funcion,3,SERVICIOS SOCIALES,3.9,URBANISMO,62363498827.00,8078982084.03,70442480911.03,70310298420.88,69559396996.61,2025_iv_gastos_por_fyf.pdf,1.12818726,2/1/2025 a 30/12/2025 (acumulado_anual) promedio ponderado por dias | 2025-01:30d 2025-02:28d 2025-03:31d 2025-04:30d 2025-05:31d 2025-06:30d 2025-07:31d 2025-08:31d 2025-09:30d 2025-10:31d 2025-11:30d 2025-12:30d,79323182925.23,70357704865.65,9114604660.97,79472309526.62,79323182925.23,78476025504.86
2025,IV,2/1/2025,30/12/2025,acumulado_anual,finalidad,3,SERVICIOS SOCIALES,,,164175316520.21,28376011611.74,192551328131.95,192409407122.71,189232789311.43,2025_iv_gastos_por_fyf.pdf,1.12818726,2/1/2025 a 30/12/2025 (acumulado_anual) promedio ponderado por dias | 2025-01:30d 2025-02:28d 2025-03:31d 2025-04:30d 2025-05:31d 2025-06:30d 2025-07:31d 2025-08:31d 2025-09:30d 2025-10:31d 2025-11:30d 2025-12:30d,217073841819.99,185220500504.57,32013454789.98,217233955294.55,217073841819.99,213490022075.42
2025,IV,2/1/2025,30/12/2025,acumulado_anual,funcion,4,SERVICIOS ECONOMICOS,4.3,TRANSPORTE,31210077252.00,5769268504.27,36979345756.27,36356305741.94,36216755167.02,2025_iv_gastos_por_fyf.pdf,1.12818726,2/1/2025 a 30/12/2025 (acumulado_anual) promedio ponderado por dias | 2025-01:30d 2025-02:28d 2025-03:31d 2025-04:30d 2025-05:31d 2025-06:30d 2025-07:31d 2025-08:31d 2025-09:30d 2025-10:31d 2025-11:30d 2025-12:30d,41016720958.72,35210811539.32,6508815226.04,41719626765.36,41016720958.72,40859281777.97
2025,IV,2/1/2025,30/12/2025,acumulado_anual,funcion,4,SERVICIOS ECONOMICOS,4.4,ECOLOGIA Y MEDIO AMBIENTE,1135242436.00,275455600.00,1410698036.00,1410068521.98,1400360521.98,2025_iv_gastos_por_fyf.pdf,1.12818726,2/1/2025 a 30/12/2025 (acumulado_anual) promedio ponderado por dias | 2025-01:30d 2025-02:28d 2025-03:31d 2025-04:30d 2025-05:31d 2025-06:30d 2025-07:31d 2025-08:31d 2025-09:30d 2025-10:31d 2025-11:30d 2025-12:30d,1590821342.22,1280766053.31,310765498.62,1591531551.92,1590821342.22,1579868900.30
2025,IV,2/1/2025,30/12/2025,acumulado_anual,funcion,4,SERVICIOS ECONOMICOS,4.7,"COMERCIO, TURISMO Y OTROS SERVICIOS",2096691291.00,121091219.50,2217782510.50,2216003645.85,2216003645.85,2025_iv_gastos_por_fyf.pdf,1.12818726,2/1/2025 a 30/12/2025 (acumulado_anual) promedio ponderado por dias | 2025-01:30d 2025-02:28d 2025-03:31d 2025-04:30d 2025-05:31d 2025-06:30d 2025-07:31d 2025-08:31d 2025-09:30d 2025-10:31d 2025-11:30d 2025-12:30d,2500067081.36,2365460402.66,136613571.14,2502073973.80,2500067081.36,2500067081.36
2025,IV,2/1/2025,30/12/2025,acumulado_anual,finalidad,4,SERVICIOS ECONOMICOS,,,34442010979.00,6165815323.77,40607826302.77,39982377909.77,39833119334.85,2025_iv_gastos_por_fyf.pdf,1.12818726,2/1/2025 a 30/12/2025 (acumulado_anual) promedio ponderado por dias | 2025-01:30d 2025-02:28d 2025-03:31d 2025-04:30d 2025-05:31d 2025-06:30d 2025-07:31d 2025-08:31d 2025-09:30d 2025-10:31d 2025-11:30d 2025-12:30d,45107609382.31,38857037995.29,6956194295.79,45813232291.08,45107609382.31,44939217759.64
2025,IV,2/1/2025,30/12/2025,acumulado_anual,funcion,5,DEUDA PUBLICA,5.1,SERVICIOS DE LA DEUDA PUBLICA (INTERESES Y GAST,3950000000.00,11043756867.28,14993756867.28,14898030035.79,14898030035.79,2025_iv_gastos_por_fyf.pdf,1.12818726,2/1/2025 a 30/12/2025 (acumulado_anual) promedio ponderado por dias | 2025-01:30d 2025-02:28d 2025-03:31d 2025-04:30d 2025-05:31d 2025-06:30d 2025-07:31d 2025-08:31d 2025-09:30d 2025-10:31d 2025-11:30d 2025-12:30d,16807767685.48,4456339677.00,12459425800.20,16915765477.20,16807767685.48,16807767685.48
2025,IV,2/1/2025,30/12/2025,acumulado_anual,finalidad,5,DEUDA PUBLICA,,,3950000000.00,11043756867.28,14993756867.28,14898030035.79,14898030035.79,2025_iv_gastos_por_fyf.pdf,1.12818726,2/1/2025 a 30/12/2025 (acumulado_anual) promedio ponderado por dias | 2025-01:30d 2025-02:28d 2025-03:31d 2025-04:30d 2025-05:31d 2025-06:30d 2025-07:31d 2025-08:31d 2025-09:30d 2025-10:31d 2025-11:30d 2025-12:30d,16807767685.48,4456339677.00,12459425800.20,16915765477.20,16807767685.48,16807767685.48
2025,IV,2/1/2025,30/12/2025,acumulado_anual,funcion,9,A CLASIFICAR,9.1,A CLASIFICAR,1045904310.00,-1045700000.00,204310.00,,,2025_iv_gastos_por_fyf.pdf,1.12818726,2/1/2025 a 30/12/2025 (acumulado_anual) promedio ponderado por dias | 2025-01:30d 2025-02:28d 2025-03:31d 2025-04:30d 2025-05:31d 2025-06:30d 2025-07:31d 2025-08:31d 2025-09:30d 2025-10:31d 2025-11:30d 2025-12:30d,,1179975917.72,-1179745417.78,230499.94,,
2025,IV,2/1/2025,30/12/2025,acumulado_anual,finalidad,9,A CLASIFICAR,,,1045904310.00,-1045700000.00,204310.00,,,2025_iv_gastos_por_fyf.pdf,1.12818726,2/1/2025 a 30/12/2025 (acumulado_anual) promedio ponderado por dias | 2025-01:30d 2025-02:28d 2025-03:31d 2025-04:30d 2025-05:31d 2025-06:30d 2025-07:31d 2025-08:31d 2025-09:30d 2025-10:31d 2025-11:30d 2025-12:30d,,1179975917.72,-1179745417.78,230499.94,,
2026,I,1/1/2026,4/5/2026,acumulado_parcial,funcion,1,ADMINISTRACION GUBERNAMENTAL,1.1,LEGISLATIVA,6627745620.00,,6627745620.00,2326126623.15,2264873343.53,2026_i_gastos_por_fyf.pdf,0.92724582,1/1/2026 a 4/5/2026 (acumulado_parcial) promedio ponderado por dias | 2026-01:31d 2026-02:28d 2026-03:31d 2026-04:30d 2026-05:4d,2156891188.11,6145549422.17,,6145549422.17,2156891188.11,2100094340.62
2026,I,1/1/2026,4/5/2026,acumulado_parcial,funcion,1,ADMINISTRACION GUBERNAMENTAL,1.2,JUDICIAL,883848119.00,,883848119.00,416977159.77,399001950.52,2026_i_gastos_por_fyf.pdf,0.92724582,1/1/2026 a 4/5/2026 (acumulado_parcial) promedio ponderado por dias | 2026-01:31d 2026-02:28d 2026-03:31d 2026-04:30d 2026-05:4d,386640328.43,819544473.86,,819544473.86,386640328.43,369972890.79
2026,I,1/1/2026,4/5/2026,acumulado_parcial,funcion,1,ADMINISTRACION GUBERNAMENTAL,1.3,DIRECCION SUPERIOR EJECUTIVA,33607271606.00,,33607271606.00,17529331164.29,17205658663.28,2026_i_gastos_por_fyf.pdf,0.92724582,1/1/2026 a 4/5/2026 (acumulado_parcial) promedio ponderado por dias | 2026-01:31d 2026-02:28d 2026-03:31d 2026-04:30d 2026-05:4d,16253999049.48,31162202118.27,,31162202118.27,16253999049.48,15953875075.87
2026,I,1/1/2026,4/5/2026,acumulado_parcial,funcion,1,ADMINISTRACION GUBERNAMENTAL,1.5,RELACIONES INTERIORES,3824348151.00,,3824348151.00,1542485220.72,1477431504.94,2026_i_gastos_por_fyf.pdf,0.92724582,1/1/2026 a 4/5/2026 (acumulado_parcial) promedio ponderado por dias | 2026-01:31d 2026-02:28d 2026-03:31d 2026-04:30d 2026-05:4d,1430262973.32,3546110837.24,,3546110837.24,1430262973.32,1369942187.29
2026,I,1/1/2026,4/5/2026,acumulado_parcial,funcion,1,ADMINISTRACION GUBERNAMENTAL,1.6,ADMINISTRACION FISCAL,2530365732.00,,2530365732.00,1129750019.46,1103228789.58,2026_i_gastos_por_fyf.pdf,0.92724582,1/1/2026 a 4/5/2026 (acumulado_parcial) promedio ponderado por dias | 2026-01:31d 2026-02:28d 2026-03:31d 2026-04:30d 2026-05:4d,1047555983.19,2346271048.07,,2346271048.07,1047555983.19,1022964283.64
2026,I,1/1/2026,4/5/2026,acumulado_parcial,funcion,1,ADMINISTRACION GUBERNAMENTAL,1.7,CONTROL DE LA GESTION PUBLICA,334939002.00,,334939002.00,117118774.49,114052985.22,2026_i_gastos_por_fyf.pdf,0.92724582,1/1/2026 a 4/5/2026 (acumulado_parcial) promedio ponderado por dias | 2026-01:31d 2026-02:28d 2026-03:31d 2026-04:30d 2026-05:4d,108597894.09,310570789.56,,310570789.56,108597894.09,105755153.80
2026,I,1/1/2026,4/5/2026,acumulado_parcial,finalidad,1,ADMINISTRACION GUBERNAMENTAL,,,47808518230.00,,47808518230.00,23061788961.88,22564247237.07,2026_i_gastos_por_fyf.pdf,0.92724582,1/1/2026 a 4/5/2026 (acumulado_parcial) promedio ponderado por dias | 2026-01:31d 2026-02:28d 2026-03:31d 2026-04:30d 2026-05:4d,21383947416.63,44330248689.16,,44330248689.16,21383947416.63,20922603932.02
2026,I,1/1/2026,4/5/2026,acumulado_parcial,funcion,2,SERVICIOS DE SEGURIDAD,2.1,SEGURIDAD INTERNA,29728727754.00,,29728727754.00,14160318310.95,12542250264.71,2026_i_gastos_por_fyf.pdf,0.92724582,1/1/2026 a 4/5/2026 (acumulado_parcial) promedio ponderado por dias | 2026-01:31d 2026-02:28d 2026-03:31d 2026-04:30d 2026-05:4d,13130095963.70,27565838543.81,,27565838543.81,13130095963.70,11629749131.35
2026,I,1/1/2026,4/5/2026,acumulado_parcial,finalidad,2,SERVICIOS DE SEGURIDAD,,,29728727754.00,,29728727754.00,14160318310.95,12542250264.71,2026_i_gastos_por_fyf.pdf,0.92724582,1/1/2026 a 4/5/2026 (acumulado_parcial) promedio ponderado por dias | 2026-01:31d 2026-02:28d 2026-03:31d 2026-04:30d 2026-05:4d,13130095963.70,27565838543.81,,27565838543.81,13130095963.70,11629749131.35
2026,I,1/1/2026,4/5/2026,acumulado_parcial,funcion,3,SERVICIOS SOCIALES,3.1,SALUD,84025961929.00,23616774.20,84049578703.20,38223053253.60,34742166462.86,2026_i_gastos_por_fyf.pdf,0.92724582,1/1/2026 a 4/5/2026 (acumulado_parcial) promedio ponderado por dias | 2026-01:31d 2026-02:28d 2026-03:31d 2026-04:30d 2026-05:4d,35442166357.04,77912721970.14,21898555.16,77934620525.30,35442166357.04,32214528630.43
2026,I,1/1/2026,4/5/2026,acumulado_parcial,funcion,3,SERVICIOS SOCIALES,3.2,PROMOCION Y ASISTENCIA SOCIAL,6871313803.00,,6871313803.00,2937805194.64,2543906890.96,2026_i_gastos_por_fyf.pdf,0.92724582,1/1/2026 a 4/5/2026 (acumulado_parcial) promedio ponderado por dias | 2026-01:31d 2026-02:28d 2026-03:31d 2026-04:30d 2026-05:4d,2724067586.70,6371397001.74,,6371397001.74,2724067586.70,2358827031.11
2026,I,1/1/2026,4/5/2026,acumulado_parcial,funcion,3,SERVICIOS SOCIALES,3.4,EDUCACION Y CULTURAL,14224628518.00,,14224628518.00,5496002845.08,5155143904.43,2026_i_gastos_por_fyf.pdf,0.92724582,1/1/2026 a 4/5/2026 (acumulado_parcial) promedio ponderado por dias | 2026-01:31d 2026-02:28d 2026-03:31d 2026-04:30d 2026-05:4d,5096145664.81,13189727334.37,,13189727334.37,5096145664.81,4780085636.88
2026,I,1/1/2026,4/5/2026,acumulado_parcial,funcion,3,SERVICIOS SOCIALES,3.5,CIENCIA Y TECNICA,7062820021.00,,7062820021.00,3666677320.27,3164255352.44,2026_i_gastos_por_fyf.pdf,0.92724582,1/1/2026 a 4/5/2026 (acumulado_parcial) promedio ponderado por dias | 2026-01:31d 2026-02:28d 2026-03:31d 2026-04:30d 2026-05:4d,3399911218.51,6548970341.88,,6548970341.88,3399911218.51,2934042548.96
2026,I,1/1/2026,4/5/2026,acumulado_parcial,funcion,3,SERVICIOS SOCIALES,3.6,TRABAJO,89596717.00,,89596717.00,7114312.00,6814312.00,2026_i_gastos_por_fyf.pdf,0.92724582,1/1/2026 a 4/5/2026 (acumulado_parcial) promedio ponderado por dias | 2026-01:31d 2026-02:28d 2026-03:31d 2026-04:30d 2026-05:4d,6596716.06,83078181.32,,83078181.32,6596716.06,6318542.32
2026,I,1/1/2026,4/5/2026,acumulado_parcial,funcion,3,SERVICIOS SOCIALES,3.7,VIVIENDA,12305984022.00,,12305984022.00,4025188963.19,3835521082.69,2026_i_gastos_por_fyf.pdf,0.92724582,1/1/2026 a 4/5/2026 (acumulado_parcial) promedio ponderado por dias | 2026-01:31d 2026-02:28d 2026-03:31d 2026-04:30d 2026-05:4d,3732339640.83,11410672245.39,,11410672245.39,3732339640.83,3556470891.45
2026,I,1/1/2026,4/5/2026,acumulado_parcial,funcion,3,SERVICIOS SOCIALES,3.8,AGUA POTABLE Y ALCANTARILLADO,3295103663.00,200504356.56,3495608019.56,1812046252.92,1088687057.33,2026_i_gastos_por_fyf.pdf,0.92724582,1/1/2026 a 4/5/2026 (acumulado_parcial) promedio ponderado por dias | 2026-01:31d 2026-02:28d 2026-03:31d 2026-04:30d 2026-05:4d,1680212313.67,3055371097.98,185916826.51,3241287924.50,1680212313.67,1009480523.20
2026,I,1/1/2026,4/5/2026,acumulado_parcial,funcion,3,SERVICIOS SOCIALES,3.9,URBANISMO,80756292737.00,244727080.02,81001019817.02,35333701949.59,29184057640.52,2026_i_gastos_por_fyf.pdf,0.92724582,1/1/2026 a 4/5/2026 (acumulado_parcial) promedio ponderado por dias | 2026-01:31d 2026-02:28d 2026-03:31d 2026-04:30d 2026-05:4d,32763027437.88,74880934879.08,226922161.99,75107857041.07,32763027437.88,27060795457.81
2026,I,1/1/2026,4/5/2026,acumulado_parcial,finalidad,3,SERVICIOS SOCIALES,,,208631701410.00,468848210.78,209100549620.78,91501590091.29,79720552703.23,2026_i_gastos_por_fyf.pdf,0.92724582,1/1/2026 a 4/5/2026 (acumulado_parcial) promedio ponderado por dias | 2026-01:31d 2026-02:28d 2026-03:31d 2026-04:30d 2026-05:4d,84844466935.50,193452873051.91,434737543.66,193887610595.57,84844466935.50,73920549262.16
2026,I,1/1/2026,4/5/2026,acumulado_parcial,funcion,4,SERVICIOS ECONOMICOS,4.2,COMUNICACIONES,2379167834.00,,2379167834.00,812965059.53,729308902.24,2026_i_gastos_por_fyf.pdf,0.92724582,1/1/2026 a 4/5/2026 (acumulado_parcial) promedio ponderado por dias | 2026-01:31d 2026-02:28d 2026-03:31d 2026-04:30d 2026-05:4d,753818453.26,2206073429.15,,2206073429.15,753818453.26,676248631.09
2026,I,1/1/2026,4/5/2026,acumulado_parcial,funcion,4,SERVICIOS ECONOMICOS,4.3,TRANSPORTE,27216968668.00,799495643.44,28016464311.44,11796373691.74,11281690854.12,2026_i_gastos_por_fyf.pdf,0.92724582,1/1/2026 a 4/5/2026 (acumulado_parcial) promedio ponderado por dias | 2026-01:31d 2026-02:28d 2026-03:31d 2026-04:30d 2026-05:4d,10938138196.82,25236820430.47,741328993.49,25978149423.96,10938138196.82,10460900687.01
2026,I,1/1/2026,4/5/2026,acumulado_parcial,funcion,4,SERVICIOS ECONOMICOS,4.4,ECOLOGIA Y MEDIO AMBIENTE,1764749645.00,,1764749645.00,926351120.91,913607962.03,2026_i_gastos_por_fyf.pdf,0.92724582,1/1/2026 a 4/5/2026 (acumulado_parcial) promedio ponderado por dias | 2026-01:31d 2026-02:28d 2026-03:31d 2026-04:30d 2026-05:4d,858955204.72,1636356731.67,,1636356731.67,858955204.72,847139163.91
2026,I,1/1/2026,4/5/2026,acumulado_parcial,funcion,4,SERVICIOS ECONOMICOS,4.7,"COMERCIO, TURISMO Y OTROS SERVICIOS",2772048861.00,,2772048861.00,1231169899.55,1202928193.29,2026_i_gastos_por_fyf.pdf,0.92724582,1/1/2026 a 4/5/2026 (acumulado_parcial) promedio ponderado por dias | 2026-01:31d 2026-02:28d 2026-03:31d 2026-04:30d 2026-05:4d,1141597143.07,2570370719.20,,2570370719.20,1141597143.07,1115410138.99
2026,I,1/1/2026,4/5/2026,acumulado_parcial,finalidad,4,SERVICIOS ECONOMICOS,,,34132935008.00,799495643.44,34932430651.44,14766859771.73,14127535911.68,2026_i_gastos_por_fyf.pdf,0.92724582,1/1/2026 a 4/5/2026 (acumulado_parcial) promedio ponderado por dias | 2026-01:31d 2026-02:28d 2026-03:31d 2026-04:30d 2026-05:4d,13692508997.86,31649621310.50,741328993.49,32390950303.99,13692508997.86,13099698621.01
2026,I,1/1/2026,4/5/2026,acumulado_parcial,funcion,5,DEUDA PUBLICA,5.1,SERVICIOS DE LA DEUDA PUBLICA (INTERESES Y GAST,11349231120.00,,11349231120.00,3962273837.09,3962273837.09,2026_i_gastos_por_fyf.pdf,0.92724582,1/1/2026 a 4/5/2026 (acumulado_parcial) promedio ponderado por dias | 2026-01:31d 2026-02:28d 2026-03:31d 2026-04:30d 2026-05:4d,3674001853.14,10523527116.23,,10523527116.23,3674001853.14,3674001853.14
2026,I,1/1/2026,4/5/2026,acumulado_parcial,finalidad,5,DEUDA PUBLICA,,,11349231120.00,,11349231120.00,3962273837.09,3962273837.09,2026_i_gastos_por_fyf.pdf,0.92724582,1/1/2026 a 4/5/2026 (acumulado_parcial) promedio ponderado por dias | 2026-01:31d 2026-02:28d 2026-03:31d 2026-04:30d 2026-05:4d,3674001853.14,10523527116.23,,10523527116.23,3674001853.14,3674001853.14
2026,I,1/1/2026,4/5/2026,acumulado_parcial,funcion,9,A CLASIFICAR,9.1,A CLASIFICAR,1401430173.00,,1401430173.00,,,2026_i_gastos_por_fyf.pdf,0.92724582,1/1/2026 a 4/5/2026 (acumulado_parcial) promedio ponderado por dias | 2026-01:31d 2026-02:28d 2026-03:31d 2026-04:30d 2026-05:4d,,1299470269.94,,1299470269.94,,
2026,I,1/1/2026,4/5/2026,acumulado_parcial,finalidad,9,A CLASIFICAR,,,1401430173.00,,1401430173.00,,,2026_i_gastos_por_fyf.pdf,0.92724582,1/1/2026 a 4/5/2026 (acumulado_parcial) promedio ponderado por dias | 2026-01:31d 2026-02:28d 2026-03:31d 2026-04:30d 2026-05:4d,,1299470269.94,,1299470269.94,,
2026,II,1/4/2026,30/6/2026,trimestre,funcion,1,ADMINISTRACION GUBERNAMENTAL,1.1,LEGISLATIVA,,,,940923592.10,1064988144.39,2026_ii_gastos_por_fyf.pdf,0.87260293,1/4/2026 a 30/6/2026 (trimestre) promedio ponderado por dias | 2026-04:30d 2026-05:31d 2026-06:30d,821052683.37,,,,821052683.37,929311775.21
2026,II,1/4/2026,30/6/2026,trimestre,funcion,1,ADMINISTRACION GUBERNAMENTAL,1.2,JUDICIAL,,,,177055354.11,198737884.18,2026_ii_gastos_por_fyf.pdf,0.87260293,1/4/2026 a 30/6/2026 (trimestre) promedio ponderado por dias | 2026-04:30d 2026-05:31d 2026-06:30d,154499020.77,,,,154499020.77,173419260.04
2026,II,1/4/2026,30/6/2026,trimestre,funcion,1,ADMINISTRACION GUBERNAMENTAL,1.3,DIRECCION SUPERIOR EJECUTIVA,,253341447.47,253341447.47,6411149828.24,7687110269.75,2026_ii_gastos_por_fyf.pdf,0.87260293,1/4/2026 a 30/6/2026 (trimestre) promedio ponderado por dias | 2026-04:30d 2026-05:31d 2026-06:30d,5594388124.79,,221066489.35,221066489.35,5594388124.79,6707794944.62
2026,II,1/4/2026,30/6/2026,trimestre,funcion,1,ADMINISTRACION GUBERNAMENTAL,1.5,RELACIONES INTERIORES,,42488000.00,42488000.00,746098210.72,799548360.33,2026_ii_gastos_por_fyf.pdf,0.87260293,1/4/2026 a 30/6/2026 (trimestre) promedio ponderado por dias | 2026-04:30d 2026-05:31d 2026-06:30d,651047484.74,,37075153.29,37075153.29,651047484.74,697688241.90
2026,II,1/4/2026,30/6/2026,trimestre,funcion,1,ADMINISTRACION GUBERNAMENTAL,1.6,ADMINISTRACION FISCAL,,2317000.00,2317000.00,552820224.37,564908173.48,2026_ii_gastos_por_fyf.pdf,0.87260293,1/4/2026 a 30/6/2026 (trimestre) promedio ponderado por dias | 2026-04:30d 2026-05:31d 2026-06:30d,482392547.55,,2021820.99,2021820.99,482392547.55,492940527.36
2026,II,1/4/2026,30/6/2026,trimestre,funcion,1,ADMINISTRACION GUBERNAMENTAL,1.7,CONTROL DE LA GESTION PUBLICA,,901000.00,901000.00,66612153.12,67720042.80,2026_ii_gastos_por_fyf.pdf,0.87260293,1/4/2026 a 30/6/2026 (trimestre) promedio ponderado por dias | 2026-04:30d 2026-05:31d 2026-06:30d,58125959.99,,786215.24,786215.24,58125959.99,59092707.77
2026,II,1/4/2026,30/6/2026,trimestre,finalidad,1,ADMINISTRACION GUBERNAMENTAL,,,,299047447.47,299047447.47,8894659362.66,10383012874.93,2026_ii_gastos_por_fyf.pdf,0.87260293,1/4/2026 a 30/6/2026 (trimestre) promedio ponderado por dias | 2026-04:30d 2026-05:31d 2026-06:30d,7761505821.21,,260949678.87,260949678.87,7761505821.21,9060247456.89
2026,II,1/4/2026,30/6/2026,trimestre,funcion,2,SERVICIOS DE SEGURIDAD,2.1,SEGURIDAD INTERNA,,2864214000.00,2864214000.00,8368162862.10,8781748496.93,2026_ii_gastos_por_fyf.pdf,0.87260293,1/4/2026 a 30/6/2026 (trimestre) promedio ponderado por dias | 2026-04:30d 2026-05:31d 2026-06:30d,7302083432.19,,2499321528.55,2499321528.55,7302083432.19,7662979468.94
2026,II,1/4/2026,30/6/2026,trimestre,finalidad,2,SERVICIOS DE SEGURIDAD,,,,2864214000.00,2864214000.00,8368162862.10,8781748496.93,2026_ii_gastos_por_fyf.pdf,0.87260293,1/4/2026 a 30/6/2026 (trimestre) promedio ponderado por dias | 2026-04:30d 2026-05:31d 2026-06:30d,7302083432.19,,2499321528.55,2499321528.55,7302083432.19,7662979468.94
2026,II,1/4/2026,30/6/2026,trimestre,funcion,3,SERVICIOS SOCIALES,3.1,SALUD,,78274726.00,78274726.00,20450688533.62,22836244023.69,2026_ii_gastos_por_fyf.pdf,0.87260293,1/4/2026 a 30/6/2026 (trimestre) promedio ponderado por dias | 2026-04:30d 2026-05:31d 2026-06:30d,17845330734.95,,68302755.25,68302755.25,17845330734.95,19926973445.27
2026,II,1/4/2026,30/6/2026,trimestre,funcion,3,SERVICIOS SOCIALES,3.2,PROMOCION Y ASISTENCIA SOCIAL,,305524018.22,305524018.22,2019971890.02,1811997418.81,2026_ii_gastos_por_fyf.pdf,0.87260293,1/4/2026 a 30/6/2026 (trimestre) promedio ponderado por dias | 2026-04:30d 2026-05:31d 2026-06:30d,1762633389.75,,266601153.48,266601153.48,1762633389.75,1581154256.81
2026,II,1/4/2026,30/6/2026,trimestre,funcion,3,SERVICIOS SOCIALES,3.4,EDUCACION Y CULTURAL,,851696414.31,851696414.31,2423541075.27,2657646051.40,2026_ii_gastos_por_fyf.pdf,0.87260293,1/4/2026 a 30/6/2026 (trimestre) promedio ponderado por dias | 2026-04:30d 2026-05:31d 2026-06:30d,2114789043.26,,743192786.60,743192786.60,2114789043.26,2319069731.35
2026,II,1/4/2026,30/6/2026,trimestre,funcion,3,SERVICIOS SOCIALES,3.5,CIENCIA Y TECNICA,,6400000.00,6400000.00,2456591057.75,2260883457.08,2026_ii_gastos_por_fyf.pdf,0.87260293,1/4/2026 a 30/6/2026 (trimestre) promedio ponderado por dias | 2026-04:30d 2026-05:31d 2026-06:30d,2143628554.80,,5584658.75,5584658.75,2143628554.80,1972853529.04
2026,II,1/4/2026,30/6/2026,trimestre,funcion,3,SERVICIOS SOCIALES,3.6,TRABAJO,,32722581.46,32722581.46,5235714.29,5235714.29,2026_ii_gastos_por_fyf.pdf,0.87260293,1/4/2026 a 30/6/2026 (trimestre) promedio ponderado por dias | 2026-04:30d 2026-05:31d 2026-06:30d,4568699.63,,28553820.46,28553820.46,4568699.63,4568699.63
2026,II,1/4/2026,30/6/2026,trimestre,funcion,3,SERVICIOS SOCIALES,3.7,VIVIENDA,,453560535.09,453560535.09,2382593714.07,3865281245.49,2026_ii_gastos_por_fyf.pdf,0.87260293,1/4/2026 a 30/6/2026 (trimestre) promedio ponderado por dias | 2026-04:30d 2026-05:31d 2026-06:30d,2079058255.90,,395778251.85,395778251.85,2079058255.90,3372855740.09
2026,II,1/4/2026,30/6/2026,trimestre,funcion,3,SERVICIOS SOCIALES,3.8,AGUA POTABLE Y ALCANTARILLADO,,219247356.56,219247356.56,2129484893.34,1492097078.92,2026_ii_gastos_por_fyf.pdf,0.87260293,1/4/2026 a 30/6/2026 (trimestre) promedio ponderado por dias | 2026-04:30d 2026-05:31d 2026-06:30d,1858194757.32,,191315885.73,191315885.73,1858194757.32,1302008282.91
2026,II,1/4/2026,30/6/2026,trimestre,funcion,3,SERVICIOS SOCIALES,3.9,URBANISMO,,399001715.66,399001715.66,17786201926.06,21003448435.56,2026_ii_gastos_por_fyf.pdf,0.87260293,1/4/2026 a 30/6/2026 (trimestre) promedio ponderado por dias | 2026-04:30d 2026-05:31d 2026-06:30d,15520291914.25,,348170066.16,348170066.16,15520291914.25,18327670644.97
2026,II,1/4/2026,30/6/2026,trimestre,finalidad,3,SERVICIOS SOCIALES,,,,2346427347.30,2346427347.30,49654308804.42,55932833425.24,2026_ii_gastos_por_fyf.pdf,0.87260293,1/4/2026 a 30/6/2026 (trimestre) promedio ponderado por dias | 2026-04:30d 2026-05:31d 2026-06:30d,43328495349.86,,2047499378.29,2047499378.29,43328495349.86,48807154330.07
2026,II,1/4/2026,30/6/2026,trimestre,funcion,4,SERVICIOS ECONOMICOS,4.2,COMUNICACIONES,,66219000.00,66219000.00,540566819.96,555104900.37,2026_ii_gastos_por_fyf.pdf,0.87260293,1/4/2026 a 30/6/2026 (trimestre) promedio ponderado por dias | 2026-04:30d 2026-05:31d 2026-06:30d,471700190.96,,57782893.42,57782893.42,471700190.96,484386162.52
2026,II,1/4/2026,30/6/2026,trimestre,funcion,4,SERVICIOS ECONOMICOS,4.3,TRANSPORTE,,1508785240.33,1508785240.33,2687024608.45,3813026812.13,2026_ii_gastos_por_fyf.pdf,0.87260293,1/4/2026 a 30/6/2026 (trimestre) promedio ponderado por dias | 2026-04:30d 2026-05:31d 2026-06:30d,2344705546.32,,1316570421.45,1316570421.45,2344705546.32,3327258368.43
2026,II,1/4/2026,30/6/2026,trimestre,funcion,4,SERVICIOS ECONOMICOS,4.4,ECOLOGIA Y MEDIO AMBIENTE,,11808000.00,11808000.00,516409428.69,546785392.44,2026_ii_gastos_por_fyf.pdf,0.87260293,1/4/2026 a 30/6/2026 (trimestre) promedio ponderado por dias | 2026-04:30d 2026-05:31d 2026-06:30d,450620380.55,,10303695.40,10303695.40,450620380.55,477126535.52
2026,II,1/4/2026,30/6/2026,trimestre,funcion,4,SERVICIOS ECONOMICOS,4.7,"COMERCIO, TURISMO Y OTROS SERVICIOS",,29421000.00,29421000.00,485926181.85,536224345.83,2026_ii_gastos_por_fyf.pdf,0.87260293,1/4/2026 a 30/6/2026 (trimestre) promedio ponderado por dias | 2026-04:30d 2026-05:31d 2026-06:30d,424020610.05,,25672850.80,25672850.80,424020610.05,467910935.31
2026,II,1/4/2026,30/6/2026,trimestre,finalidad,4,SERVICIOS ECONOMICOS,,,,1616233240.33,1616233240.33,4229927038.95,5451141450.77,2026_ii_gastos_por_fyf.pdf,0.87260293,1/4/2026 a 30/6/2026 (trimestre) promedio ponderado por dias | 2026-04:30d 2026-05:31d 2026-06:30d,3691046727.87,,1410329861.08,1410329861.08,3691046727.87,4756682001.79
2026,II,1/4/2026,30/6/2026,trimestre,funcion,5,DEUDA PUBLICA,5.1,SERVICIOS DE LA DEUDA PUBLICA (INTERESES Y GAST,,-4750969973.64,-4750969973.64,2727162.50,2727162.50,2026_ii_gastos_por_fyf.pdf,0.87260293,1/4/2026 a 30/6/2026 (trimestre) promedio ponderado por dias | 2026-04:30d 2026-05:31d 2026-06:30d,2379729.99,,-4145710319.34,-4145710319.34,2379729.99,2379729.99
2026,II,1/4/2026,30/6/2026,trimestre,finalidad,5,DEUDA PUBLICA,,,,-4750969973.64,-4750969973.64,2727162.50,2727162.50,2026_ii_gastos_por_fyf.pdf,0.87260293,1/4/2026 a 30/6/2026 (trimestre) promedio ponderado por dias | 2026-04:30d 2026-05:31d 2026-06:30d,2379729.99,,-4145710319.34,-4145710319.34,2379729.99,2379729.99
