fuente,anio,trimestre,periodo_desde,periodo_hasta,periodo_tipo,fila,motivo
2024_ii_gastos_por_objeto_1.pdf,2024,II,1/4/2024,30/6/2024,trimestre,1 GASTOS EN PERSONAL,devengado > credito_vigente: 18489138542.51 vs 381379216.00 (diferencia 18107759326.51)
2024_ii_gastos_por_objeto_1.pdf,2024,II,1/4/2024,30/6/2024,trimestre,2 BIENES DE CONSUMO,devengado > credito_vigente: 4508837712.73 vs 77202201.07 (diferencia 4431635511.66)
2024_ii_gastos_por_objeto_1.pdf,2024,II,1/4/2024,30/6/2024,trimestre,3 SERVICIOS NO PERSONALES,devengado > credito_vigente: 17478515957.66 vs 350000.00 (diferencia 17478165957.66)
2024_ii_gastos_por_objeto_1.pdf,2024,II,1/4/2024,30/6/2024,trimestre,4 BIENES DE USO,devengado > credito_vigente: 285148118.60 vs -14757232.37 (diferencia 299905350.97)
2024_ii_gastos_por_objeto_1.pdf,2024,II,1/4/2024,30/6/2024,trimestre,5 TRANSFERENCIAS,devengado > credito_vigente: 775615020.27 vs -532890550.68 (diferencia 1308505570.95)
2024_ii_gastos_por_objeto_1.pdf,2024,II,1/4/2024,30/6/2024,trimestre,7 SERVICIO DE LA DEUDA Y DISMINUCION DE OTROS PASIVOS,devengado > credito_vigente: 1036881898.09 vs 115397761.57 (diferencia 921484136.52)
2024_iii_gastos_por_objeto.pdf,2024,III,1/7/2024,30/9/2024,trimestre,1 GASTOS EN PERSONAL,"credito_vigente vacio, no se puede validar la fila"
2024_iii_gastos_por_objeto.pdf,2024,III,1/7/2024,30/9/2024,trimestre,2 BIENES DE CONSUMO,"credito_vigente vacio, no se puede validar la fila"
2024_iii_gastos_por_objeto.pdf,2024,III,1/7/2024,30/9/2024,trimestre,3 SERVICIOS NO PERSONALES,devengado > credito_vigente: 21431433671.69 vs 1545075887.52 (diferencia 19886357784.17)
2024_iii_gastos_por_objeto.pdf,2024,III,1/7/2024,30/9/2024,trimestre,4 BIENES DE USO,"credito_vigente vacio, no se puede validar la fila"
2024_iii_gastos_por_objeto.pdf,2024,III,1/7/2024,30/9/2024,trimestre,5 TRANSFERENCIAS,"credito_vigente vacio, no se puede validar la fila"
2024_iii_gastos_por_objeto.pdf,2024,III,1/7/2024,30/9/2024,trimestre,7 SERVICIO DE LA DEUDA Y DISMINUCION DE OTROS PASIVOS,"credito_vigente vacio, no se puede validar la fila"
2025_i_gastos_por_objeto.pdf,2025,I,2/1/2025,31/3/2025,trimestre,7 SERVICIO DE LA DEUDA Y DISMINUCION DE OTROS PASIVOS,devengado > credito_vigente: 14841336372.07 vs 3950000000.00 (diferencia 10891336372.07)
2025_ii_gastos_por_objeto.pdf,2025,II,1/4/2025,30/6/2025,trimestre,1 GASTOS EN PERSONAL,devengado > credito_vigente: 32772229038.18 vs 879800000.00 (diferencia 31892429038.18)
2025_ii_gastos_por_objeto.pdf,2025,II,1/4/2025,30/6/2025,trimestre,2 BIENES DE CONSUMO,devengado > credito_vigente: 6484462007.38 vs 39827516.00 (diferencia 6444634491.38)
2025_ii_gastos_por_objeto.pdf,2025,II,1/4/2025,30/6/2025,trimestre,3 SERVICIOS NO PERSONALES,devengado > credito_vigente: 26651365104.89 vs 229736007.70 (diferencia 26421629097.19)
2025_ii_gastos_por_objeto.pdf,2025,II,1/4/2025,30/6/2025,trimestre,4 BIENES DE USO,devengado > credito_vigente: 11085079076.24 vs 530133030.89 (diferencia 10554946045.35)
2025_ii_gastos_por_objeto.pdf,2025,II,1/4/2025,30/6/2025,trimestre,5 TRANSFERENCIAS,devengado > credito_vigente: 1466214011.11 vs -105175037.43 (diferencia 1571389048.54)
2026_i_gastos_por_objeto.pdf,2026,I,1/1/2026,31/3/2026,trimestre,6 ACTIVOS FINANCIEROS,"credito_vigente vacio, no se puede validar la fila"
2026_ii_gastos_por_objeto.pdf,2026,II,1/4/2026,30/6/2026,trimestre,1 GASTOS EN PERSONAL,devengado > credito_vigente: 25952993895.04 vs 852951200.00 (diferencia 25100042695.04)
2026_ii_gastos_por_objeto.pdf,2026,II,1/4/2026,30/6/2026,trimestre,2 BIENES DE CONSUMO,devengado > credito_vigente: 5951729259.03 vs 535505300.00 (diferencia 5416223959.03)
2026_ii_gastos_por_objeto.pdf,2026,II,1/4/2026,30/6/2026,trimestre,3 SERVICIOS NO PERSONALES,devengado > credito_vigente: 31426250500.63 vs 3242138926.27 (diferencia 28184111574.36)
2026_ii_gastos_por_objeto.pdf,2026,II,1/4/2026,30/6/2026,trimestre,4 BIENES DE USO,devengado > credito_vigente: 5535397293.30 vs 2311183946.37 (diferencia 3224213346.93)
2026_ii_gastos_por_objeto.pdf,2026,II,1/4/2026,30/6/2026,trimestre,5 TRANSFERENCIAS,devengado > credito_vigente: 2272537120.13 vs 175942662.46 (diferencia 2096594457.67)
2026_ii_gastos_por_objeto.pdf,2026,II,1/4/2026,30/6/2026,trimestre,7 SERVICIO DE LA DEUDA Y DISMINUCION DE OTROS PASIVOS,devengado > credito_vigente: 10877162.50 vs -4742769973.64 (diferencia 4753647136.14)
2024_ii_recursos.pdf,2024,II,1/4/2024,30/6/2024,trimestre,1.1 INGRESOS TRIBUTARIOS,"vigente vacio, no se puede validar la fila"
2024_ii_recursos.pdf,2024,II,1/4/2024,30/6/2024,trimestre,1.2 INGRESOS NO TRIBUTARIOS,"vigente vacio, no se puede validar la fila"
2024_ii_recursos.pdf,2024,II,1/4/2024,30/6/2024,trimestre,1.6 RENTAS DE LA PROPIEDAD,"vigente vacio, no se puede validar la fila"
2024_ii_recursos.pdf,2024,II,1/4/2024,30/6/2024,trimestre,1.7 TRANSFERENCIAS CORRIENTES,devengado > vigente: 1483132930.21 vs 26681395.59 (diferencia 1456451534.62)
2024_ii_recursos.pdf,2024,II,1/4/2024,30/6/2024,trimestre,2.1 RECURSOS PROPIOS DE CAPITAL,"vigente vacio, no se puede validar la fila"
2024_iii_recursos.pdf,2024,III,1/7/2024,30/9/2024,trimestre,1.1 INGRESOS TRIBUTARIOS,devengado > vigente: 17618820023.13 vs 1545075887.52 (diferencia 16073744135.61)
2024_iii_recursos.pdf,2024,III,1/7/2024,30/9/2024,trimestre,1.2 INGRESOS NO TRIBUTARIOS,"vigente vacio, no se puede validar la fila"
2024_iii_recursos.pdf,2024,III,1/7/2024,30/9/2024,trimestre,1.6 RENTAS DE LA PROPIEDAD,"vigente vacio, no se puede validar la fila"
2024_iii_recursos.pdf,2024,III,1/7/2024,30/9/2024,trimestre,1.7 TRANSFERENCIAS CORRIENTES,"vigente vacio, no se puede validar la fila"
2024_iii_recursos.pdf,2024,III,1/7/2024,30/9/2024,trimestre,2.1 RECURSOS PROPIOS DE CAPITAL,"vigente vacio, no se puede validar la fila"
2024_iv_recursos_-_anual.pdf,2024,IV,2/1/2024,30/12/2024,acumulado_anual,1.2 INGRESOS NO TRIBUTARIOS,devengado > vigente: 149487765221.99 vs 132281290736.40 (diferencia 17206474485.59)
2024_iv_recursos_-_anual.pdf,2024,IV,2/1/2024,30/12/2024,acumulado_anual,1.6 RENTAS DE LA PROPIEDAD,devengado > vigente: 10463837655.63 vs 7211226898.00 (diferencia 3252610757.63)
2025_ii_recursos.pdf,2025,II,1/4/2025,30/6/2025,trimestre,1.1 INGRESOS TRIBUTARIOS,"vigente vacio, no se puede validar la fila"
2025_ii_recursos.pdf,2025,II,1/4/2025,30/6/2025,trimestre,1.2 INGRESOS NO TRIBUTARIOS,"vigente vacio, no se puede validar la fila"
2025_ii_recursos.pdf,2025,II,1/4/2025,30/6/2025,trimestre,1.6 RENTAS DE LA PROPIEDAD,"vigente vacio, no se puede validar la fila"
2025_ii_recursos.pdf,2025,II,1/4/2025,30/6/2025,trimestre,1.7 TRANSFERENCIAS CORRIENTES,devengado > vigente: 3262743049.72 vs 572472434.40 (diferencia 2690270615.32)
2025_ii_recursos.pdf,2025,II,1/4/2025,30/6/2025,trimestre,2.1 RECURSOS PROPIOS DE CAPITAL,"vigente vacio, no se puede validar la fila"
2025_iii_recursos_1.pdf,2025,III,1/7/2025,30/9/2025,trimestre,1.1 INGRESOS TRIBUTARIOS,"vigente vacio, no se puede validar la fila"
2025_iii_recursos_1.pdf,2025,III,1/7/2025,30/9/2025,trimestre,1.2 INGRESOS NO TRIBUTARIOS,"vigente vacio, no se puede validar la fila"
2025_iii_recursos_1.pdf,2025,III,1/7/2025,30/9/2025,trimestre,1.6 RENTAS DE LA PROPIEDAD,"vigente vacio, no se puede validar la fila"
2025_iii_recursos_1.pdf,2025,III,1/7/2025,30/9/2025,trimestre,1.7 TRANSFERENCIAS CORRIENTES,devengado > vigente: 2793024143.33 vs 847291471.73 (diferencia 1945732671.60)
2025_iii_recursos_1.pdf,2025,III,1/7/2025,30/9/2025,trimestre,2.1 RECURSOS PROPIOS DE CAPITAL,"vigente vacio, no se puede validar la fila"
2025_iv_recursos.pdf,2025,IV,2/1/2025,30/12/2025,acumulado_anual,1.2 INGRESOS NO TRIBUTARIOS,devengado > vigente: 231353461519.90 vs 183543500224.00 (diferencia 47809961295.90)
2025_iv_recursos.pdf,2025,IV,2/1/2025,30/12/2025,acumulado_anual,1.6 RENTAS DE LA PROPIEDAD,devengado > vigente: 10579672550.98 vs 10371707226.00 (diferencia 207965324.98)
2025_iv_recursos.pdf,2025,IV,2/1/2025,30/12/2025,acumulado_anual,1.7 TRANSFERENCIAS CORRIENTES,devengado > vigente: 9835743866.10 vs 9480102735.56 (diferencia 355641130.54)
2026_ii_recursos.pdf,2026,II,1/4/2026,30/6/2026,trimestre,1.1 INGRESOS TRIBUTARIOS,devengado > vigente: 29999102578.84 vs 468122415.66 (diferencia 29530980163.18)
2026_ii_recursos.pdf,2026,II,1/4/2026,30/6/2026,trimestre,1.2 INGRESOS NO TRIBUTARIOS,"vigente vacio, no se puede validar la fila"
2026_ii_recursos.pdf,2026,II,1/4/2026,30/6/2026,trimestre,1.6 RENTAS DE LA PROPIEDAD,"vigente vacio, no se puede validar la fila"
2026_ii_recursos.pdf,2026,II,1/4/2026,30/6/2026,trimestre,1.7 TRANSFERENCIAS CORRIENTES,devengado > vigente: 2484395791.98 vs 71532590.00 (diferencia 2412863201.98)
2026_ii_recursos.pdf,2026,II,1/4/2026,30/6/2026,trimestre,2.1 RECURSOS PROPIOS DE CAPITAL,"vigente vacio, no se puede validar la fila"
2024_ii_gastos_por_fyf.pdf,2024,II,1/4/2024,30/6/2024,trimestre,1.1 LEGISLATIVA,"credito_vigente vacio, no se puede validar la fila"
2024_ii_gastos_por_fyf.pdf,2024,II,1/4/2024,30/6/2024,trimestre,1.3 DIRECCION SUPERIOR EJECUTIVA,"credito_vigente vacio, no se puede validar la fila"
2024_ii_gastos_por_fyf.pdf,2024,II,1/4/2024,30/6/2024,trimestre,1 ADMINISTRACION GUBERNAMENTAL,"credito_vigente vacio, no se puede validar la fila"
2024_ii_gastos_por_fyf.pdf,2024,II,1/4/2024,30/6/2024,trimestre,2.1 SEGURIDAD INTERNA,"credito_vigente vacio, no se puede validar la fila"
2024_ii_gastos_por_fyf.pdf,2024,II,1/4/2024,30/6/2024,trimestre,2 SERVICIOS DE SEGURIDAD,"credito_vigente vacio, no se puede validar la fila"
2024_ii_gastos_por_fyf.pdf,2024,II,1/4/2024,30/6/2024,trimestre,3.1 SALUD,"credito_vigente vacio, no se puede validar la fila"
2024_ii_gastos_por_fyf.pdf,2024,II,1/4/2024,30/6/2024,trimestre,3.2 PROMOCION Y ASISTENCIA SOCIAL,devengado > credito_vigente: 972284182.04 vs -1031207.00 (diferencia 973315389.04)
2024_ii_gastos_por_fyf.pdf,2024,II,1/4/2024,30/6/2024,trimestre,3.4 EDUCACION Y CULTURAL,"credito_vigente vacio, no se puede validar la fila"
2024_ii_gastos_por_fyf.pdf,2024,II,1/4/2024,30/6/2024,trimestre,3.7 VIVIENDA,devengado > credito_vigente: 31645395.42 vs 20417972.72 (diferencia 11227422.70)
2024_ii_gastos_por_fyf.pdf,2024,II,1/4/2024,30/6/2024,trimestre,3.8 AGUA POTABLE Y ALCANTARILLADO,"credito_vigente vacio, no se puede validar la fila"
2024_ii_gastos_por_fyf.pdf,2024,II,1/4/2024,30/6/2024,trimestre,3.9 URBANISMO,devengado > credito_vigente: 14129435505.86 vs -101040131.70 (diferencia 14230475637.56)
2024_ii_gastos_por_fyf.pdf,2024,II,1/4/2024,30/6/2024,trimestre,3 SERVICIOS SOCIALES,devengado > credito_vigente: 30091186447.00 vs -81653365.98 (diferencia 30172839812.98)
2024_ii_gastos_por_fyf.pdf,2024,II,1/4/2024,30/6/2024,trimestre,4.3 TRANSPORTE,"credito_vigente vacio, no se puede validar la fila"
2024_ii_gastos_por_fyf.pdf,2024,II,1/4/2024,30/6/2024,trimestre,4.4 ECOLOGIA Y MEDIO AMBIENTE,devengado > credito_vigente: 446721616.00 vs -7063000.00 (diferencia 453784616.00)
2024_ii_gastos_por_fyf.pdf,2024,II,1/4/2024,30/6/2024,trimestre,4.5 AGRICULTURA,"credito_vigente vacio, no se puede validar la fila"
2024_ii_gastos_por_fyf.pdf,2024,II,1/4/2024,30/6/2024,trimestre,"4.7 COMERCIO, TURISMO Y OTROS SERVICIOS","credito_vigente vacio, no se puede validar la fila"
2024_ii_gastos_por_fyf.pdf,2024,II,1/4/2024,30/6/2024,trimestre,4 SERVICIOS ECONOMICOS,devengado > credito_vigente: 943658101.82 vs -7063000.00 (diferencia 950721101.82)
2024_ii_gastos_por_fyf.pdf,2024,II,1/4/2024,30/6/2024,trimestre,5.1 SERVICIOS DE LA DEUDA PUBLICA (INTERESES Y GAST,devengado > credito_vigente: 1035175466.09 vs 115397761.57 (diferencia 919777704.52)
2024_ii_gastos_por_fyf.pdf,2024,II,1/4/2024,30/6/2024,trimestre,5 DEUDA PUBLICA,devengado > credito_vigente: 1035175466.09 vs 115397761.57 (diferencia 919777704.52)
2024_iii_gastos_por_fyf.pdf,2024,III,1/7/2024,30/9/2024,trimestre,1.1 LEGISLATIVA,"credito_vigente vacio, no se puede validar la fila"
2024_iii_gastos_por_fyf.pdf,2024,III,1/7/2024,30/9/2024,trimestre,1.3 DIRECCION SUPERIOR EJECUTIVA,"credito_vigente vacio, no se puede validar la fila"
2024_iii_gastos_por_fyf.pdf,2024,III,1/7/2024,30/9/2024,trimestre,1 ADMINISTRACION GUBERNAMENTAL,"credito_vigente vacio, no se puede validar la fila"
2024_iii_gastos_por_fyf.pdf,2024,III,1/7/2024,30/9/2024,trimestre,2.1 SEGURIDAD INTERNA,"credito_vigente vacio, no se puede validar la fila"
2024_iii_gastos_por_fyf.pdf,2024,III,1/7/2024,30/9/2024,trimestre,2 SERVICIOS DE SEGURIDAD,"credito_vigente vacio, no se puede validar la fila"
2024_iii_gastos_por_fyf.pdf,2024,III,1/7/2024,30/9/2024,trimestre,3.1 SALUD,"credito_vigente vacio, no se puede validar la fila"
2024_iii_gastos_por_fyf.pdf,2024,III,1/7/2024,30/9/2024,trimestre,3.2 PROMOCION Y ASISTENCIA SOCIAL,"credito_vigente vacio, no se puede validar la fila"
2024_iii_gastos_por_fyf.pdf,2024,III,1/7/2024,30/9/2024,trimestre,3.4 EDUCACION Y CULTURAL,"credito_vigente vacio, no se puede validar la fila"
2024_iii_gastos_por_fyf.pdf,2024,III,1/7/2024,30/9/2024,trimestre,3.7 VIVIENDA,"credito_vigente vacio, no se puede validar la fila"
2024_iii_gastos_por_fyf.pdf,2024,III,1/7/2024,30/9/2024,trimestre,3.8 AGUA POTABLE Y ALCANTARILLADO,"credito_vigente vacio, no se puede validar la fila"
2024_iii_gastos_por_fyf.pdf,2024,III,1/7/2024,30/9/2024,trimestre,3.9 URBANISMO,devengado > credito_vigente: 17155072084.30 vs 1545075887.52 (diferencia 15609996196.78)
2024_iii_gastos_por_fyf.pdf,2024,III,1/7/2024,30/9/2024,trimestre,3 SERVICIOS SOCIALES,devengado > credito_vigente: 33739651350.90 vs 1545075887.52 (diferencia 32194575463.38)
2024_iii_gastos_por_fyf.pdf,2024,III,1/7/2024,30/9/2024,trimestre,4.3 TRANSPORTE,"credito_vigente vacio, no se puede validar la fila"
2024_iii_gastos_por_fyf.pdf,2024,III,1/7/2024,30/9/2024,trimestre,4.4 ECOLOGIA Y MEDIO AMBIENTE,"credito_vigente vacio, no se puede validar la fila"
2024_iii_gastos_por_fyf.pdf,2024,III,1/7/2024,30/9/2024,trimestre,4.5 AGRICULTURA,"credito_vigente vacio, no se puede validar la fila"
2024_iii_gastos_por_fyf.pdf,2024,III,1/7/2024,30/9/2024,trimestre,"4.7 COMERCIO, TURISMO Y OTROS SERVICIOS","credito_vigente vacio, no se puede validar la fila"
2024_iii_gastos_por_fyf.pdf,2024,III,1/7/2024,30/9/2024,trimestre,4 SERVICIOS ECONOMICOS,"credito_vigente vacio, no se puede validar la fila"
2024_iii_gastos_por_fyf.pdf,2024,III,1/7/2024,30/9/2024,trimestre,5.1 SERVICIOS DE LA DEUDA PUBLICA (INTERESES Y GAST,"credito_vigente vacio, no se puede validar la fila"
2024_iii_gastos_por_fyf.pdf,2024,III,1/7/2024,30/9/2024,trimestre,5 DEUDA PUBLICA,"credito_vigente vacio, no se puede validar la fila"
2025_i_gastos_por_fyf.pdf,2025,I,2/1/2025,31/3/2025,trimestre,3.6 TRABAJO,"credito_vigente vacio, no se puede validar la fila"
2025_i_gastos_por_fyf.pdf,2025,I,2/1/2025,31/3/2025,trimestre,5.1 SERVICIOS DE LA DEUDA PUBLICA (INTERESES Y GAST,devengado > credito_vigente: 14840732515.87 vs 3950000000.00 (diferencia 10890732515.87)
2025_i_gastos_por_fyf.pdf,2025,I,2/1/2025,31/3/2025,trimestre,5 DEUDA PUBLICA,devengado > credito_vigente: 14840732515.87 vs 3950000000.00 (diferencia 10890732515.87)
2025_ii_gastos_por_fyf.pdf,2025,II,1/4/2025,30/6/2025,trimestre,1.1 LEGISLATIVA,"credito_vigente vacio, no se puede validar la fila"
2025_ii_gastos_por_fyf.pdf,2025,II,1/4/2025,30/6/2025,trimestre,1.2 JUDICIAL,devengado > credito_vigente: 216523304.70 vs -71145491.00 (diferencia 287668795.70)
2025_ii_gastos_por_fyf.pdf,2025,II,1/4/2025,30/6/2025,trimestre,1.3 DIRECCION SUPERIOR EJECUTIVA,devengado > credito_vigente: 8891551387.16 vs -316714196.00 (diferencia 9208265583.16)
2025_ii_gastos_por_fyf.pdf,2025,II,1/4/2025,30/6/2025,trimestre,1.5 RELACIONES CON LA COMUNIDAD,devengado > credito_vigente: 906737894.79 vs -130415553.00 (diferencia 1037153447.79)
2025_ii_gastos_por_fyf.pdf,2025,II,1/4/2025,30/6/2025,trimestre,1.6 ADMINISTRACION FISCAL,devengado > credito_vigente: 472987076.89 vs -175000.00 (diferencia 473162076.89)
2025_ii_gastos_por_fyf.pdf,2025,II,1/4/2025,30/6/2025,trimestre,1.7 CONTROL DE LA GESTION PUBLICA,devengado > credito_vigente: 81056447.86 vs -57514784.00 (diferencia 138571231.86)
2025_ii_gastos_por_fyf.pdf,2025,II,1/4/2025,30/6/2025,trimestre,1 ADMINISTRACION GUBERNAMENTAL,devengado > credito_vigente: 11897587078.75 vs -575965024.00 (diferencia 12473552102.75)
2025_ii_gastos_por_fyf.pdf,2025,II,1/4/2025,30/6/2025,trimestre,2.1 SEGURIDAD INTERNA,devengado > credito_vigente: 5839719743.63 vs 560100532.00 (diferencia 5279619211.63)
2025_ii_gastos_por_fyf.pdf,2025,II,1/4/2025,30/6/2025,trimestre,2 SERVICIOS DE SEGURIDAD,devengado > credito_vigente: 5839719743.63 vs 560100532.00 (diferencia 5279619211.63)
2025_ii_gastos_por_fyf.pdf,2025,II,1/4/2025,30/6/2025,trimestre,3.1 SALUD,devengado > credito_vigente: 21927011851.38 vs 223962564.86 (diferencia 21703049286.52)
2025_ii_gastos_por_fyf.pdf,2025,II,1/4/2025,30/6/2025,trimestre,3.2 PROMOCION Y ASISTENCIA SOCIAL,devengado > credito_vigente: 1318086236.66 vs 351637252.39 (diferencia 966448984.27)
2025_ii_gastos_por_fyf.pdf,2025,II,1/4/2025,30/6/2025,trimestre,3.4 EDUCACION Y CULTURAL,devengado > credito_vigente: 3839218979.55 vs 901700163.86 (diferencia 2937518815.69)
2025_ii_gastos_por_fyf.pdf,2025,II,1/4/2025,30/6/2025,trimestre,3.5 CIENCIA Y TECNICA,devengado > credito_vigente: 3018798629.81 vs 266739190.00 (diferencia 2752059439.81)
2025_ii_gastos_por_fyf.pdf,2025,II,1/4/2025,30/6/2025,trimestre,3.7 VIVIENDA Y URBANISMO,devengado > credito_vigente: 2545209046.10 vs -267329912.39 (diferencia 2812538958.49)
2025_ii_gastos_por_fyf.pdf,2025,II,1/4/2025,30/6/2025,trimestre,3.8 AGUA POTABLE Y ALCANTARILLADO,devengado > credito_vigente: 743805743.59 vs 49395000.00 (diferencia 694410743.59)
2025_ii_gastos_por_fyf.pdf,2025,II,1/4/2025,30/6/2025,trimestre,3.9 URBANISMO,devengado > credito_vigente: 17527078726.53 vs -694112785.91 (diferencia 18221191512.44)
2025_ii_gastos_por_fyf.pdf,2025,II,1/4/2025,30/6/2025,trimestre,3 SERVICIOS SOCIALES,devengado > credito_vigente: 50938270671.62 vs 890341954.27 (diferencia 50047928717.35)
2025_ii_gastos_por_fyf.pdf,2025,II,1/4/2025,30/6/2025,trimestre,4.3 TRANSPORTE,devengado > credito_vigente: 9004456467.25 vs 772994876.89 (diferencia 8231461590.36)
2025_ii_gastos_por_fyf.pdf,2025,II,1/4/2025,30/6/2025,trimestre,4.4 ECOLOGIA Y MEDIO AMBIENTE,devengado > credito_vigente: 149307823.35 vs -21535400.00 (diferencia 170843223.35)
2025_ii_gastos_por_fyf.pdf,2025,II,1/4/2025,30/6/2025,trimestre,"4.7 COMERCIO, TURISMO Y OTROS SERVICIOS",devengado > credito_vigente: 630007453.20 vs -51615422.00 (diferencia 681622875.20)
2025_ii_gastos_por_fyf.pdf,2025,II,1/4/2025,30/6/2025,trimestre,4 SERVICIOS ECONOMICOS,devengado > credito_vigente: 9783771743.80 vs 699844054.89 (diferencia 9083927688.91)
2025_iii_gastos_por_fyf.pdf,2025,III,1/7/2025,30/9/2025,trimestre,1.1 LEGISLATIVA,"credito_vigente vacio, no se puede validar la fila"
2025_iii_gastos_por_fyf.pdf,2025,III,1/7/2025,30/9/2025,trimestre,1.2 JUDICIAL,devengado > credito_vigente: 214352591.05 vs 8410000.00 (diferencia 205942591.05)
2025_iii_gastos_por_fyf.pdf,2025,III,1/7/2025,30/9/2025,trimestre,1.3 DIRECCION SUPERIOR EJECUTIVA,devengado > credito_vigente: 10354082507.42 vs 10750000.00 (diferencia 10343332507.42)
2025_iii_gastos_por_fyf.pdf,2025,III,1/7/2025,30/9/2025,trimestre,1.5 RELACIONES CON LA COMUNIDAD,devengado > credito_vigente: 1598559268.36 vs 23778000.00 (diferencia 1574781268.36)
2025_iii_gastos_por_fyf.pdf,2025,III,1/7/2025,30/9/2025,trimestre,1.6 ADMINISTRACION FISCAL,devengado > credito_vigente: 698292622.86 vs 7270000.00 (diferencia 691022622.86)
2025_iii_gastos_por_fyf.pdf,2025,III,1/7/2025,30/9/2025,trimestre,1.7 CONTROL DE LA GESTION PUBLICA,devengado > credito_vigente: 71542558.34 vs 6900000.00 (diferencia 64642558.34)
2025_iii_gastos_por_fyf.pdf,2025,III,1/7/2025,30/9/2025,trimestre,1 ADMINISTRACION GUBERNAMENTAL,devengado > credito_vigente: 14168511073.88 vs 57108000.00 (diferencia 14111403073.88)
2025_iii_gastos_por_fyf.pdf,2025,III,1/7/2025,30/9/2025,trimestre,2.1 SEGURIDAD INTERNA,devengado > credito_vigente: 8953365490.90 vs 405500000.00 (diferencia 8547865490.90)
2025_iii_gastos_por_fyf.pdf,2025,III,1/7/2025,30/9/2025,trimestre,2 SERVICIOS DE SEGURIDAD,devengado > credito_vigente: 8953365490.90 vs 405500000.00 (diferencia 8547865490.90)
2025_iii_gastos_por_fyf.pdf,2025,III,1/7/2025,30/9/2025,trimestre,3.1 SALUD,devengado > credito_vigente: 23404685028.15 vs -1460717870.50 (diferencia 24865402898.65)
2025_iii_gastos_por_fyf.pdf,2025,III,1/7/2025,30/9/2025,trimestre,3.2 PROMOCION Y ASISTENCIA SOCIAL,devengado > credito_vigente: 2104354425.48 vs 115147000.00 (diferencia 1989207425.48)
2025_iii_gastos_por_fyf.pdf,2025,III,1/7/2025,30/9/2025,trimestre,3.4 EDUCACION Y CULTURAL,devengado > credito_vigente: 4614062393.08 vs 1495501728.10 (diferencia 3118560664.98)
2025_iii_gastos_por_fyf.pdf,2025,III,1/7/2025,30/9/2025,trimestre,3.5 CIENCIA Y TECNICA,devengado > credito_vigente: 3617005369.69 vs 1175000.00 (diferencia 3615830369.69)
2025_iii_gastos_por_fyf.pdf,2025,III,1/7/2025,30/9/2025,trimestre,3.6 TRABAJO,devengado > credito_vigente: 52275241.82 vs 22350000.00 (diferencia 29925241.82)
2025_iii_gastos_por_fyf.pdf,2025,III,1/7/2025,30/9/2025,trimestre,3.7 VIVIENDA Y URBANISMO,devengado > credito_vigente: 4043914581.90 vs 141700000.00 (diferencia 3902214581.90)
2025_iii_gastos_por_fyf.pdf,2025,III,1/7/2025,30/9/2025,trimestre,3.8 AGUA POTABLE Y ALCANTARILLADO,devengado > credito_vigente: 823016136.13 vs -336245000.00 (diferencia 1159261136.13)
2025_iii_gastos_por_fyf.pdf,2025,III,1/7/2025,30/9/2025,trimestre,3.9 URBANISMO,devengado > credito_vigente: 22803957479.88 vs 594112516.94 (diferencia 22209844962.94)
2025_iii_gastos_por_fyf.pdf,2025,III,1/7/2025,30/9/2025,trimestre,3 SERVICIOS SOCIALES,devengado > credito_vigente: 61463270656.13 vs 573023374.54 (diferencia 60890247281.59)
2025_iii_gastos_por_fyf.pdf,2025,III,1/7/2025,30/9/2025,trimestre,4.3 TRANSPORTE,devengado > credito_vigente: 11633614105.92 vs -213054902.81 (diferencia 11846669008.73)
2025_iii_gastos_por_fyf.pdf,2025,III,1/7/2025,30/9/2025,trimestre,4.4 ECOLOGIA Y MEDIO AMBIENTE,"credito_vigente vacio, no se puede validar la fila"
2025_iii_gastos_por_fyf.pdf,2025,III,1/7/2025,30/9/2025,trimestre,"4.7 COMERCIO, TURISMO Y OTROS SERVICIOS",devengado > credito_vigente: 642626301.44 vs 24715000.00 (diferencia 617911301.44)
2025_iii_gastos_por_fyf.pdf,2025,III,1/7/2025,30/9/2025,trimestre,4 SERVICIOS ECONOMICOS,devengado > credito_vigente: 12830754712.14 vs -188339902.81 (diferencia 13019094614.95)
2025_iii_gastos_por_fyf.pdf,2025,III,1/7/2025,30/9/2025,trimestre,5.1 SERVICIOS DE LA DEUDA PUBLICA (INTERESES Y GAST,"credito_vigente vacio, no se puede validar la fila"
2025_iii_gastos_por_fyf.pdf,2025,III,1/7/2025,30/9/2025,trimestre,5 DEUDA PUBLICA,"credito_vigente vacio, no se puede validar la fila"
2025_iv_gastos_por_fyf.pdf,2025,IV,2/1/2025,30/12/2025,acumulado_anual,3.2 PROMOCION Y ASISTENCIA SOCIAL,devengado > credito_vigente: 5914489308.16 vs 5873189440.23 (diferencia 41299867.93)
2025_iv_gastos_por_fyf.pdf,2025,IV,2/1/2025,30/12/2025,acumulado_anual,3.4 EDUCACION Y CULTURAL,devengado > credito_vigente: 13986341015.32 vs 13949613665.76 (diferencia 36727349.56)
2026_ii_gastos_por_fyf.pdf,2026,II,1/4/2026,30/6/2026,trimestre,1.1 LEGISLATIVA,"credito_vigente vacio, no se puede validar la fila"
2026_ii_gastos_por_fyf.pdf,2026,II,1/4/2026,30/6/2026,trimestre,1.2 JUDICIAL,"credito_vigente vacio, no se puede validar la fila"
2026_ii_gastos_por_fyf.pdf,2026,II,1/4/2026,30/6/2026,trimestre,1.3 DIRECCION SUPERIOR EJECUTIVA,devengado > credito_vigente: 6411149828.24 vs 253341447.47 (diferencia 6157808380.77)
2026_ii_gastos_por_fyf.pdf,2026,II,1/4/2026,30/6/2026,trimestre,1.5 RELACIONES INTERIORES,devengado > credito_vigente: 746098210.72 vs 42488000.00 (diferencia 703610210.72)
2026_ii_gastos_por_fyf.pdf,2026,II,1/4/2026,30/6/2026,trimestre,1.6 ADMINISTRACION FISCAL,devengado > credito_vigente: 552820224.37 vs 2317000.00 (diferencia 550503224.37)
2026_ii_gastos_por_fyf.pdf,2026,II,1/4/2026,30/6/2026,trimestre,1.7 CONTROL DE LA GESTION PUBLICA,devengado > credito_vigente: 66612153.12 vs 901000.00 (diferencia 65711153.12)
2026_ii_gastos_por_fyf.pdf,2026,II,1/4/2026,30/6/2026,trimestre,1 ADMINISTRACION GUBERNAMENTAL,devengado > credito_vigente: 8894659362.66 vs 299047447.47 (diferencia 8595611915.19)
2026_ii_gastos_por_fyf.pdf,2026,II,1/4/2026,30/6/2026,trimestre,2.1 SEGURIDAD INTERNA,devengado > credito_vigente: 8368162862.10 vs 2864214000.00 (diferencia 5503948862.10)
2026_ii_gastos_por_fyf.pdf,2026,II,1/4/2026,30/6/2026,trimestre,2 SERVICIOS DE SEGURIDAD,devengado > credito_vigente: 8368162862.10 vs 2864214000.00 (diferencia 5503948862.10)
2026_ii_gastos_por_fyf.pdf,2026,II,1/4/2026,30/6/2026,trimestre,3.1 SALUD,devengado > credito_vigente: 20450688533.62 vs 78274726.00 (diferencia 20372413807.62)
2026_ii_gastos_por_fyf.pdf,2026,II,1/4/2026,30/6/2026,trimestre,3.2 PROMOCION Y ASISTENCIA SOCIAL,devengado > credito_vigente: 2019971890.02 vs 305524018.22 (diferencia 1714447871.80)
2026_ii_gastos_por_fyf.pdf,2026,II,1/4/2026,30/6/2026,trimestre,3.4 EDUCACION Y CULTURAL,devengado > credito_vigente: 2423541075.27 vs 851696414.31 (diferencia 1571844660.96)
2026_ii_gastos_por_fyf.pdf,2026,II,1/4/2026,30/6/2026,trimestre,3.5 CIENCIA Y TECNICA,devengado > credito_vigente: 2456591057.75 vs 6400000.00 (diferencia 2450191057.75)
2026_ii_gastos_por_fyf.pdf,2026,II,1/4/2026,30/6/2026,trimestre,3.7 VIVIENDA,devengado > credito_vigente: 2382593714.07 vs 453560535.09 (diferencia 1929033178.98)
2026_ii_gastos_por_fyf.pdf,2026,II,1/4/2026,30/6/2026,trimestre,3.8 AGUA POTABLE Y ALCANTARILLADO,devengado > credito_vigente: 2129484893.34 vs 219247356.56 (diferencia 1910237536.78)
2026_ii_gastos_por_fyf.pdf,2026,II,1/4/2026,30/6/2026,trimestre,3.9 URBANISMO,devengado > credito_vigente: 17786201926.06 vs 399001715.66 (diferencia 17387200210.40)
2026_ii_gastos_por_fyf.pdf,2026,II,1/4/2026,30/6/2026,trimestre,3 SERVICIOS SOCIALES,devengado > credito_vigente: 49654308804.42 vs 2346427347.30 (diferencia 47307881457.12)
2026_ii_gastos_por_fyf.pdf,2026,II,1/4/2026,30/6/2026,trimestre,4.2 COMUNICACIONES,devengado > credito_vigente: 540566819.96 vs 66219000.00 (diferencia 474347819.96)
2026_ii_gastos_por_fyf.pdf,2026,II,1/4/2026,30/6/2026,trimestre,4.3 TRANSPORTE,devengado > credito_vigente: 2687024608.45 vs 1508785240.33 (diferencia 1178239368.12)
2026_ii_gastos_por_fyf.pdf,2026,II,1/4/2026,30/6/2026,trimestre,4.4 ECOLOGIA Y MEDIO AMBIENTE,devengado > credito_vigente: 516409428.69 vs 11808000.00 (diferencia 504601428.69)
2026_ii_gastos_por_fyf.pdf,2026,II,1/4/2026,30/6/2026,trimestre,"4.7 COMERCIO, TURISMO Y OTROS SERVICIOS",devengado > credito_vigente: 485926181.85 vs 29421000.00 (diferencia 456505181.85)
2026_ii_gastos_por_fyf.pdf,2026,II,1/4/2026,30/6/2026,trimestre,4 SERVICIOS ECONOMICOS,devengado > credito_vigente: 4229927038.95 vs 1616233240.33 (diferencia 2613693798.62)
2026_ii_gastos_por_fyf.pdf,2026,II,1/4/2026,30/6/2026,trimestre,5.1 SERVICIOS DE LA DEUDA PUBLICA (INTERESES Y GAST,devengado > credito_vigente: 2727162.50 vs -4750969973.64 (diferencia 4753697136.14)
2026_ii_gastos_por_fyf.pdf,2026,II,1/4/2026,30/6/2026,trimestre,5 DEUDA PUBLICA,devengado > credito_vigente: 2727162.50 vs -4750969973.64 (diferencia 4753697136.14)
2024_ii_stock_de_deuda_0.pdf,2024,II,,,,1 DEUDA CONSOLIDADA,"suma de los rubros 1.x (saldo) = 1978298657.00, '1. DEUDA CONSOLIDADA' dice 1978298656.00 (diferencia 1.00)"
2025_i_stock_de_deuda.pdf,2025,I,,,,1 DEUDA CONSOLIDADA,"suma de los rubros 1.x (saldo) = 3554732362.00, '1. DEUDA CONSOLIDADA' dice 3554732361.00 (diferencia 1.00)"
2025_ii_stock_de_deuda.pdf,2025,II,,,,1 DEUDA CONSOLIDADA,"suma de los rubros 1.x (saldo) = 4067205427.00, '1. DEUDA CONSOLIDADA' dice 4067205428.00 (diferencia -1.00)"
2025_iv_stock_de_deuda.pdf,2025,IV,,,,1 DEUDA CONSOLIDADA,"suma de los rubros 1.x (saldo) = 4983984393.00, '1. DEUDA CONSOLIDADA' dice 4983984394.00 (diferencia -1.00)"
informe_arsi_presupuesto_2020.pdf,2020,,,,,gastos_por_objeto,"suma de los objetos del gasto = 17591205467.00, total_gastos del documento = 17501205467.00 (diferencia 90000000.00)"
rendicion2010.pdf,2010,,,,,gastos_por_caracter,"suma de los gastos por caracter = 625205909.00, total_gastos del documento = 625205910.74 (diferencia -1.74)"
rendicion2010.pdf,2010,,,,,recursos_por_origen,"suma de los origenes de recursos = 558384592.29, total_recursos_origen del documento = 588384592.29 (diferencia -30000000.00)"
