anio,concepto,subconcepto,monto,fuente,pagina,coef_deflactor,base_coef,monto_constante_dic2025,monto_const_dic2025
2011,gastos_por_objeto,bienes_de_consumo,38138000.00,presupuesto2011.pdf,28,433.37416669,"anual 2011, promedio de 12 meses ponderado por dias",16528023969.22,16528023969.22
2011,gastos_por_objeto,bienes_de_uso,32374500.00,presupuesto2011.pdf,28,433.37416669,"anual 2011, promedio de 12 meses ponderado por dias",14030271959.51,14030271959.51
2011,gastos_por_objeto,gastos_en_personal,287142307.00,presupuesto2011.pdf,28,433.37416669,"anual 2011, promedio de 12 meses ponderado por dias",124440058017.57,124440058017.57
2011,gastos_por_objeto,servicio_de_la_deuda,22977360.00,presupuesto2011.pdf,28,433.37416669,"anual 2011, promedio de 12 meses ponderado por dias",9957794242.74,9957794242.74
2011,gastos_por_objeto,servicios_no_personales,211681833.00,presupuesto2011.pdf,28,433.37416669,"anual 2011, promedio de 12 meses ponderado por dias",91737437979.79,91737437979.79
2011,gastos_por_objeto,transferencias,38240400.00,presupuesto2011.pdf,28,433.37416669,"anual 2011, promedio de 12 meses ponderado por dias",16572401483.89,16572401483.89
2011,recursos_por_origen,municipal,397985000.00,presupuesto2011.pdf,4,433.37416669,"anual 2011, promedio de 12 meses ponderado por dias",172476417730.12,172476417730.12
2011,recursos_por_origen,nacional,6144000.00,presupuesto2011.pdf,4,433.37416669,"anual 2011, promedio de 12 meses ponderado por dias",2662650880.14,2662650880.14
2011,recursos_por_origen,otros,13115000.00,presupuesto2011.pdf,4,433.37416669,"anual 2011, promedio de 12 meses ponderado por dias",5683702196.14,5683702196.14
2011,recursos_por_origen,provincial,213310400.00,presupuesto2011.pdf,4,433.37416669,"anual 2011, promedio de 12 meses ponderado por dias",92443216846.31,92443216846.31
2011,total_gastos,,630554400.00,presupuesto2011.pdf,28,433.37416669,"anual 2011, promedio de 12 meses ponderado por dias",273265987652.71,273265987652.71
2011,total_recursos,,630554400.00,presupuesto2011.pdf,4,433.37416669,"anual 2011, promedio de 12 meses ponderado por dias",273265987652.71,273265987652.71
2012,gastos_por_objeto,bienes_de_consumo,50362200.00,presupuesto2012municipalidaddesanisidro.pdf,20,350.37108754,"anual 2012, promedio de 12 meses ponderado por dias",17645458784.91,17645458784.91
2012,gastos_por_objeto,bienes_de_uso,47541500.00,presupuesto2012municipalidaddesanisidro.pdf,20,350.37108754,"anual 2012, promedio de 12 meses ponderado por dias",16657167058.28,16657167058.28
2012,gastos_por_objeto,gastos_en_personal,403515393.00,presupuesto2012municipalidaddesanisidro.pdf,20,350.37108754,"anual 2012, promedio de 12 meses ponderado por dias",141380127084.54,141380127084.54
2012,gastos_por_objeto,servicio_de_la_deuda,81510100.00,presupuesto2012municipalidaddesanisidro.pdf,20,350.37108754,"anual 2012, promedio de 12 meses ponderado por dias",28558782382.49,28558782382.49
2012,gastos_por_objeto,servicios_no_personales,375273307.00,presupuesto2012municipalidaddesanisidro.pdf,20,350.37108754,"anual 2012, promedio de 12 meses ponderado por dias",131484916698.32,131484916698.32
2012,gastos_por_objeto,transferencias,87919000.00,presupuesto2012municipalidaddesanisidro.pdf,20,350.37108754,"anual 2012, promedio de 12 meses ponderado por dias",30804275645.43,30804275645.43
2012,recursos_por_origen,municipal,648626500.00,presupuesto2012municipalidaddesanisidro.pdf,16,350.37108754,"anual 2012, promedio de 12 meses ponderado por dias",227259972212.26,227259972212.26
2012,recursos_por_origen,nacional,37525000.00,presupuesto2012municipalidaddesanisidro.pdf,16,350.37108754,"anual 2012, promedio de 12 meses ponderado por dias",13147675059.94,13147675059.94
2012,recursos_por_origen,otros,16015000.00,presupuesto2012municipalidaddesanisidro.pdf,16,350.37108754,"anual 2012, promedio de 12 meses ponderado por dias",5611192966.95,5611192966.95
2012,recursos_por_origen,provincial,343955000.00,presupuesto2012municipalidaddesanisidro.pdf,16,350.37108754,"anual 2012, promedio de 12 meses ponderado por dias",120511887414.82,120511887414.82
2012,total_gastos,,1046121500.00,presupuesto2012municipalidaddesanisidro.pdf,20,350.37108754,"anual 2012, promedio de 12 meses ponderado por dias",366530727653.98,366530727653.98
2012,total_recursos,,1046121500.00,presupuesto2012municipalidaddesanisidro.pdf,16,350.37108754,"anual 2012, promedio de 12 meses ponderado por dias",366530727653.98,366530727653.98
2013,gastos_por_objeto,bienes_de_consumo,90297500.00,msipresupuesto2013v2.pdf,17,278.37489741,"anual 2013, promedio de 12 meses ponderado por dias",25136557298.88,25136557298.88
2013,gastos_por_objeto,bienes_de_uso,41162000.00,msipresupuesto2013v2.pdf,17,278.37489741,"anual 2013, promedio de 12 meses ponderado por dias",11458467527.19,11458467527.19
2013,gastos_por_objeto,gastos_en_personal,469900000.00,msipresupuesto2013v2.pdf,17,278.37489741,"anual 2013, promedio de 12 meses ponderado por dias",130808364292.96,130808364292.96
2013,gastos_por_objeto,servicio_de_la_deuda,99484000.00,msipresupuesto2013v2.pdf,17,278.37489741,"anual 2013, promedio de 12 meses ponderado por dias",27693848293.94,27693848293.94
2013,gastos_por_objeto,servicios_no_personales,437532500.00,msipresupuesto2013v2.pdf,17,278.37489741,"anual 2013, promedio de 12 meses ponderado por dias",121798064801.04,121798064801.04
2013,gastos_por_objeto,transferencias,111014000.00,msipresupuesto2013v2.pdf,17,278.37489741,"anual 2013, promedio de 12 meses ponderado por dias",30903510861.07,30903510861.07
2013,recursos_por_origen,municipal,816605000.00,msipresupuesto2013v2.pdf,14,278.37489741,"anual 2013, promedio de 12 meses ponderado por dias",227322333099.49,227322333099.49
2013,recursos_por_origen,nacional,39790000.00,msipresupuesto2013v2.pdf,14,278.37489741,"anual 2013, promedio de 12 meses ponderado por dias",11076537167.94,11076537167.94
2013,recursos_por_origen,otros,19465000.00,msipresupuesto2013v2.pdf,14,278.37489741,"anual 2013, promedio de 12 meses ponderado por dias",5418567378.09,5418567378.09
2013,recursos_por_origen,provincial,373530000.00,msipresupuesto2013v2.pdf,14,278.37489741,"anual 2013, promedio de 12 meses ponderado por dias",103981375429.56,103981375429.56
2013,total_gastos,,1249390000.00,msipresupuesto2013v2.pdf,17,278.37489741,"anual 2013, promedio de 12 meses ponderado por dias",347798813075.08,347798813075.08
2013,total_recursos,,1249390000.00,msipresupuesto2013v2.pdf,13,278.37489741,"anual 2013, promedio de 12 meses ponderado por dias",347798813075.08,347798813075.08
2018,gastos_por_objeto,bienes_de_consumo,458736490.00,_presupuesto2018.pdf.pdf,16,66.71812642,"anual 2018, promedio de 12 meses ponderado por dias",30606039133.29,30606039133.29
2018,gastos_por_objeto,bienes_de_uso,388169080.00,_presupuesto2018.pdf.pdf,16,66.71812642,"anual 2018, promedio de 12 meses ponderado por dias",25897913751.78,25897913751.78
2018,gastos_por_objeto,gastos_en_personal,1917956547.00,_presupuesto2018.pdf.pdf,16,66.71812642,"anual 2018, promedio de 12 meses ponderado por dias",127962467370.81,127962467370.81
2018,gastos_por_objeto,servicio_de_la_deuda,578000003.00,_presupuesto2018.pdf.pdf,16,66.71812642,"anual 2018, promedio de 12 meses ponderado por dias",38563077270.91,38563077270.91
2018,gastos_por_objeto,servicios_no_personales,2174919800.00,_presupuesto2018.pdf.pdf,16,66.71812642,"anual 2018, promedio de 12 meses ponderado por dias",145106574169.76,145106574169.76
2018,gastos_por_objeto,transferencias,481171000.00,_presupuesto2018.pdf.pdf,16,66.71812642,"anual 2018, promedio de 12 meses ponderado por dias",32102827607.64,32102827607.64
2018,recursos_por_origen,municipal,3892152920.00,_presupuesto2018.pdf.pdf,3,66.71812642,"anual 2018, promedio de 12 meses ponderado por dias",259677150562.53,259677150562.53
2018,recursos_por_origen,nacional,37100000.00,_presupuesto2018.pdf.pdf,3,66.71812642,"anual 2018, promedio de 12 meses ponderado por dias",2475242490.18,2475242490.18
2018,recursos_por_origen,otros,67150000.00,_presupuesto2018.pdf.pdf,3,66.71812642,"anual 2018, promedio de 12 meses ponderado por dias",4480122189.10,4480122189.10
2018,recursos_por_origen,provincial,2002550000.00,_presupuesto2018.pdf.pdf,3,66.71812642,"anual 2018, promedio de 12 meses ponderado por dias",133606384062.37,133606384062.37
2018,total_gastos,,5998952920.00,_presupuesto2018.pdf.pdf,16,66.71812642,"anual 2018, promedio de 12 meses ponderado por dias",400238899304.19,400238899304.19
2018,total_recursos,,5998952920.00,_presupuesto2018.pdf.pdf,3,66.71812642,"anual 2018, promedio de 12 meses ponderado por dias",400238899304.19,400238899304.19
2019,gastos_por_objeto,bienes_de_consumo,598464400.00,informe_arsi_presupuesto_2019.pdf,7,43.44823107,"anual 2019, promedio de 12 meses ponderado por dias",26002219538.37,26002219538.37
2019,gastos_por_objeto,bienes_de_uso,584867000.00,informe_arsi_presupuesto_2019.pdf,7,43.44823107,"anual 2019, promedio de 12 meses ponderado por dias",25411436561.22,25411436561.22
2019,gastos_por_objeto,gastos_en_personal,3386909852.00,informe_arsi_presupuesto_2019.pdf,7,43.44823107,"anual 2019, promedio de 12 meses ponderado por dias",147155241862.96,147155241862.96
2019,gastos_por_objeto,servicio_de_la_deuda,704300000.00,informe_arsi_presupuesto_2019.pdf,7,43.44823107,"anual 2019, promedio de 12 meses ponderado por dias",30600589142.60,30600589142.60
2019,gastos_por_objeto,servicios_no_personales,2797154748.00,informe_arsi_presupuesto_2019.pdf,7,43.44823107,"anual 2019, promedio de 12 meses ponderado por dias",121531425829.65,121531425829.65
2019,gastos_por_objeto,transferencias,507387000.00,informe_arsi_presupuesto_2019.pdf,7,43.44823107,"anual 2019, promedio de 12 meses ponderado por dias",22045067617.91,22045067617.91
2019,recursos_por_origen,municipal,5689741000.00,informe_arsi_presupuesto_2019.pdf,4,43.44823107,"anual 2019, promedio de 12 meses ponderado por dias",247209181696.45,247209181696.45
2019,recursos_por_origen,nacional,112930000.00,informe_arsi_presupuesto_2019.pdf,4,43.44823107,"anual 2019, promedio de 12 meses ponderado por dias",4906608734.74,4906608734.74
2019,recursos_por_origen,otros,139971000.00,informe_arsi_presupuesto_2019.pdf,4,43.44823107,"anual 2019, promedio de 12 meses ponderado por dias",6081492351.10,6081492351.10
2019,recursos_por_origen,provincial,2636441000.00,informe_arsi_presupuesto_2019.pdf,4,43.44823107,"anual 2019, promedio de 12 meses ponderado por dias",114548697770.42,114548697770.42
2019,total_gastos,,8579083000.00,informe_arsi_presupuesto_2019.pdf,7,43.44823107,"anual 2019, promedio de 12 meses ponderado por dias",372745980552.71,372745980552.71
2019,total_recursos,,8579083000.00,informe_arsi_presupuesto_2019.pdf,4,43.44823107,"anual 2019, promedio de 12 meses ponderado por dias",372745980552.71,372745980552.71
2020,gastos_por_objeto,bienes_de_consumo,1722062500.00,informe_arsi_presupuesto_2020.pdf,7,30.60988824,"anual 2020, promedio de 12 meses ponderado por dias",52712140667.30,52712140667.30
2020,gastos_por_objeto,bienes_de_uso,1103666200.00,informe_arsi_presupuesto_2020.pdf,7,30.60988824,"anual 2020, promedio de 12 meses ponderado por dias",33783099036.27,33783099036.27
2020,gastos_por_objeto,gastos_en_personal,5427255884.00,informe_arsi_presupuesto_2020.pdf,7,30.60988824,"anual 2020, promedio de 12 meses ponderado por dias",166127696059.12,166127696059.12
2020,gastos_por_objeto,servicio_de_la_deuda,1436772000.00,informe_arsi_presupuesto_2020.pdf,7,30.60988824,"anual 2020, promedio de 12 meses ponderado por dias",43979430346.36,43979430346.36
2020,gastos_por_objeto,servicios_no_personales,7184102883.00,informe_arsi_presupuesto_2020.pdf,7,30.60988824,"anual 2020, promedio de 12 meses ponderado por dias",219904586353.29,219904586353.29
2020,gastos_por_objeto,transferencias,717346000.00,informe_arsi_presupuesto_2020.pdf,7,30.60988824,"anual 2020, promedio de 12 meses ponderado por dias",21957880889.41,21957880889.41
2020,recursos_por_origen,municipal,12922293467.00,informe_arsi_presupuesto_2020.pdf,4,30.60988824,"anual 2020, promedio de 12 meses ponderado por dias",395549958829.35,395549958829.35
2020,recursos_por_origen,nacional,42925000.00,informe_arsi_presupuesto_2020.pdf,4,30.60988824,"anual 2020, promedio de 12 meses ponderado por dias",1313929452.70,1313929452.70
2020,recursos_por_origen,otros,294127000.00,informe_arsi_presupuesto_2020.pdf,4,30.60988824,"anual 2020, promedio de 12 meses ponderado por dias",9003194598.37,9003194598.37
2020,recursos_por_origen,provincial,4241860000.00,informe_arsi_presupuesto_2020.pdf,4,30.60988824,"anual 2020, promedio de 12 meses ponderado por dias",129842860529.73,129842860529.73
2020,total_gastos,,17501205467.00,informe_arsi_presupuesto_2020.pdf,7,30.60988824,"anual 2020, promedio de 12 meses ponderado por dias",535709943410.15,535709943410.15
2020,total_recursos,,17501205467.00,informe_arsi_presupuesto_2020.pdf,4,30.60988824,"anual 2020, promedio de 12 meses ponderado por dias",535709943410.15,535709943410.15
2021,gastos_por_objeto,bienes_de_consumo,2867332200.00,informe_arsi_presupuesto_2021.pdf,7,20.61411810,"anual 2021, promedio de 12 meses ponderado por dias",59107524602.73,59107524602.73
2021,gastos_por_objeto,bienes_de_uso,1173347000.00,informe_arsi_presupuesto_2021.pdf,7,20.61411810,"anual 2021, promedio de 12 meses ponderado por dias",24187513630.28,24187513630.28
2021,gastos_por_objeto,gastos_en_personal,6970700193.00,informe_arsi_presupuesto_2021.pdf,7,20.61411810,"anual 2021, promedio de 12 meses ponderado por dias",143694837018.19,143694837018.19
2021,gastos_por_objeto,servicio_de_la_deuda,1963485000.00,informe_arsi_presupuesto_2021.pdf,7,20.61411810,"anual 2021, promedio de 12 meses ponderado por dias",40475511677.58,40475511677.58
2021,gastos_por_objeto,servicios_no_personales,10180121500.00,informe_arsi_presupuesto_2021.pdf,7,20.61411810,"anual 2021, promedio de 12 meses ponderado por dias",209854226873.35,209854226873.35
2021,gastos_por_objeto,transferencias,1083719000.00,informe_arsi_presupuesto_2021.pdf,7,20.61411810,"anual 2021, promedio de 12 meses ponderado por dias",22339911453.21,22339911453.21
2021,recursos_por_origen,municipal,17147818893.00,informe_arsi_presupuesto_2021.pdf,4,20.61411810,"anual 2021, promedio de 12 meses ponderado por dias",353487163817.71,353487163817.71
2021,recursos_por_origen,nacional,367411000.00,informe_arsi_presupuesto_2021.pdf,4,20.61411810,"anual 2021, promedio de 12 meses ponderado por dias",7573853745.24,7573853745.24
2021,recursos_por_origen,otros,390227000.00,informe_arsi_presupuesto_2021.pdf,4,20.61411810,"anual 2021, promedio de 12 meses ponderado por dias",8044185463.81,8044185463.81
2021,recursos_por_origen,provincial,6333248000.00,informe_arsi_presupuesto_2021.pdf,4,20.61411810,"anual 2021, promedio de 12 meses ponderado por dias",130554322228.59,130554322228.59
2021,total_gastos,,24238704893.00,informe_arsi_presupuesto_2021.pdf,7,20.61411810,"anual 2021, promedio de 12 meses ponderado por dias",499659525255.35,499659525255.35
2021,total_recursos,,24238704893.00,informe_arsi_presupuesto_2021.pdf,4,20.61411810,"anual 2021, promedio de 12 meses ponderado por dias",499659525255.35,499659525255.35
2023,recursos_por_origen,municipal,40055970000.00,presentacion_power_point_presupuesto_2023_1.pdf,15,5.11303032,"anual 2023, promedio de 12 meses ponderado por dias",204807389107.01,204807389107.01
2023,recursos_por_origen,nacional,1869628124.00,presentacion_power_point_presupuesto_2023_1.pdf,15,5.11303032,"anual 2023, promedio de 12 meses ponderado por dias",9559465285.14,9559465285.14
2023,recursos_por_origen,otros,800125000.00,presentacion_power_point_presupuesto_2023_1.pdf,15,5.11303032,"anual 2023, promedio de 12 meses ponderado por dias",4091063384.79,4091063384.79
2023,recursos_por_origen,provincial,16103506876.00,presentacion_power_point_presupuesto_2023_1.pdf,15,5.11303032,"anual 2023, promedio de 12 meses ponderado por dias",82337718915.32,82337718915.32
2023,total_gastos,,58829230000.00,presentacion_power_point_presupuesto_2023_1.pdf,2,5.11303032,"anual 2023, promedio de 12 meses ponderado por dias",300795636692.25,300795636692.25
2023,total_recursos,,58829230000.00,presentacion_power_point_presupuesto_2023_1.pdf,2,5.11303032,"anual 2023, promedio de 12 meses ponderado por dias",300795636692.25,300795636692.25
2024,gastos_por_objeto,bienes_de_consumo,14660846625.00,2024_presupuesto_de_recursos_y_gastos_por_rubro_y_objeto.pdf,,1.60104499,"anual 2024, promedio de 12 meses ponderado por dias",23472675038.11,23472675038.11
2024,gastos_por_objeto,bienes_de_uso,8795950330.10,2024_presupuesto_de_recursos_y_gastos_por_rubro_y_objeto.pdf,,1.60104499,"anual 2024, promedio de 12 meses ponderado por dias",14082712208.30,14082712208.30
2024,gastos_por_objeto,gastos_en_personal,65806703756.03,2024_presupuesto_de_recursos_y_gastos_por_rubro_y_objeto.pdf,,1.60104499,"anual 2024, promedio de 12 meses ponderado por dias",105359493357.01,105359493357.01
2024,gastos_por_objeto,servicio_de_la_deuda,6634161493.00,2024_presupuesto_de_recursos_y_gastos_por_rubro_y_objeto.pdf,,1.60104499,"anual 2024, promedio de 12 meses ponderado por dias",10621591021.22,10621591021.22
2024,gastos_por_objeto,servicios_no_personales,55280183253.00,2024_presupuesto_de_recursos_y_gastos_por_rubro_y_objeto.pdf,,1.60104499,"anual 2024, promedio de 12 meses ponderado por dias",88506060443.50,88506060443.50
2024,gastos_por_objeto,transferencias,4793320209.87,2024_presupuesto_de_recursos_y_gastos_por_rubro_y_objeto.pdf,,1.60104499,"anual 2024, promedio de 12 meses ponderado por dias",7674321307.48,7674321307.48
2024,total_recursos,,155971165667.00,2024_presupuesto_de_recursos_y_gastos_por_rubro_y_objeto.pdf,2,1.60104499,"anual 2024, promedio de 12 meses ponderado por dias",249716853375.61,249716853375.61
2024,recursos_por_origen,municipal,118942461026.00,presupuesto_2024_hcd.pdf,3,1.60104499,"anual 2024, promedio de 12 meses ponderado por dias",190432231323.95,190432231323.95
2024,recursos_por_origen,nacional,1697019103.50,presupuesto_2024_hcd.pdf,3,1.60104499,"anual 2024, promedio de 12 meses ponderado por dias",2717003933.59,2717003933.59
2024,recursos_por_origen,otros,1600250000.00,presupuesto_2024_hcd.pdf,3,1.60104499,"anual 2024, promedio de 12 meses ponderado por dias",2562072245.25,2562072245.25
2024,recursos_por_origen,provincial,33731435537.50,presupuesto_2024_hcd.pdf,3,1.60104499,"anual 2024, promedio de 12 meses ponderado por dias",54005545872.82,54005545872.82
2024,total_recursos,,155971165667.00,presupuesto_2024_hcd.pdf,3,1.60104499,"anual 2024, promedio de 12 meses ponderado por dias",249716853375.61,249716853375.61
2025,gastos_por_objeto,bienes_de_consumo,17057360033.00,presupuesto_2025_msi.pdf,,1.12817252,"anual 2025, promedio de 12 meses ponderado por dias",19243644852.98,19243644852.98
2025,gastos_por_objeto,bienes_de_uso,52796213849.00,presupuesto_2025_msi.pdf,,1.12817252,"anual 2025, promedio de 12 meses ponderado por dias",59563237624.49,59563237624.49
2025,gastos_por_objeto,gastos_en_personal,97684606849.00,presupuesto_2025_msi.pdf,,1.12817252,"anual 2025, promedio de 12 meses ponderado por dias",110205089074.05,110205089074.05
2025,gastos_por_objeto,servicio_de_la_deuda,3950000000.00,presupuesto_2025_msi.pdf,,1.12817252,"anual 2025, promedio de 12 meses ponderado por dias",4456281454.00,4456281454.00
2025,gastos_por_objeto,servicios_no_personales,89703662679.00,presupuesto_2025_msi.pdf,,1.12817252,"anual 2025, promedio de 12 meses ponderado por dias",101201207177.80,101201207177.80
2025,gastos_por_objeto,transferencias,6518689424.00,presupuesto_2025_msi.pdf,,1.12817252,"anual 2025, promedio de 12 meses ponderado por dias",7354206274.57,7354206274.57
2025,total_gastos,,267710532834.00,presupuesto_2025_msi.pdf,10,1.12817252,"anual 2025, promedio de 12 meses ponderado por dias",302023666457.88,302023666457.88
2025,total_recursos,,267710532834.00,presupuesto_2025_msi.pdf,3,1.12817252,"anual 2025, promedio de 12 meses ponderado por dias",302023666457.88,302023666457.88
