anio,bloque,orden,concepto,medida,monto,fuente
2024,ahorro_inversion,I,ingresos_corrientes,oficial,215023499681.17,sef_msi_-_2024.pdf
2024,ahorro_inversion,II,gastos_corrientes,oficial,175851118112.13,sef_msi_-_2024.pdf
2024,ahorro_inversion,III,ahorro_corriente,oficial,39172381569.04,sef_msi_-_2024.pdf
2024,ahorro_inversion,IV,recursos_de_capital,oficial,178900.89,sef_msi_-_2024.pdf
2024,ahorro_inversion,V,gastos_de_capital,oficial,12018592487.47,sef_msi_-_2024.pdf
2024,ahorro_inversion,VI,ingresos_totales,oficial,215023678582.06,sef_msi_-_2024.pdf
2024,ahorro_inversion,VII,gastos_totales,oficial,187869710599.60,sef_msi_-_2024.pdf
2024,ahorro_inversion,VIII,resultado_financiero,oficial,27153967982.46,sef_msi_-_2024.pdf
2024,ahorro_inversion,IX,fuentes_financieras,oficial,14985308114.71,sef_msi_-_2024.pdf
2024,ahorro_inversion,X,aplicaciones_financieras,oficial,42139276097.17,sef_msi_-_2024.pdf
2024,recursos_por_origen,,ORIGEN MUNICIPAL-DE LIBRE DISPONIBILIDAD,vigente,139660064962.95,sef_msi_-_2024.pdf
2024,recursos_por_origen,,ORIGEN MUNICIPAL-DE LIBRE DISPONIBILIDAD,devengado,159144675851.31,sef_msi_-_2024.pdf
2024,recursos_por_origen,,ORIGEN MUNICIPAL-DE LIBRE DISPONIBILIDAD,percibido,144222652544.71,sef_msi_-_2024.pdf
2024,recursos_por_origen,,ORIGEN MUNICIPAL-AFECTADOS,vigente,884527808.54,sef_msi_-_2024.pdf
2024,recursos_por_origen,,ORIGEN MUNICIPAL-AFECTADOS,devengado,807105927.20,sef_msi_-_2024.pdf
2024,recursos_por_origen,,ORIGEN MUNICIPAL-AFECTADOS,percibido,807105927.20,sef_msi_-_2024.pdf
2024,recursos_por_origen,,ORIGEN PROVINCIAL-DE LIBRE DISPONIBILIDAD,vigente,63243215430.97,sef_msi_-_2024.pdf
2024,recursos_por_origen,,ORIGEN PROVINCIAL-DE LIBRE DISPONIBILIDAD,devengado,62501653102.33,sef_msi_-_2024.pdf
2024,recursos_por_origen,,ORIGEN PROVINCIAL-DE LIBRE DISPONIBILIDAD,percibido,62501653102.33,sef_msi_-_2024.pdf
2024,recursos_por_origen,,ORIGEN PROVINCIAL-AFECTADOS,vigente,5267875137.28,sef_msi_-_2024.pdf
2024,recursos_por_origen,,ORIGEN PROVINCIAL-AFECTADOS,devengado,3480661898.15,sef_msi_-_2024.pdf
2024,recursos_por_origen,,ORIGEN PROVINCIAL-AFECTADOS,percibido,3480661898.15,sef_msi_-_2024.pdf
2024,recursos_por_origen,,ORIGEN NACIONAL-DE LIBRE DISPONIBILIDAD,vigente,49974199.03,sef_msi_-_2024.pdf
2024,recursos_por_origen,,ORIGEN NACIONAL-AFECTADOS,vigente,1915906133.71,sef_msi_-_2024.pdf
2024,recursos_por_origen,,ORIGEN NACIONAL-AFECTADOS,devengado,83821347.79,sef_msi_-_2024.pdf
2024,recursos_por_origen,,ORIGEN NACIONAL-AFECTADOS,percibido,83821347.79,sef_msi_-_2024.pdf
2024,recursos_por_origen,,OTROS ORIGENES-DE LIBRE DISPONIBILIDAD,vigente,3986101430.12,sef_msi_-_2024.pdf
2024,recursos_por_origen,,OTROS ORIGENES-DE LIBRE DISPONIBILIDAD,devengado,3927783761.88,sef_msi_-_2024.pdf
2024,recursos_por_origen,,OTROS ORIGENES-DE LIBRE DISPONIBILIDAD,percibido,3927783761.88,sef_msi_-_2024.pdf
2024,recursos_por_origen,,OTROS ORIGENES-AFECTADOS,vigente,3240000.00,sef_msi_-_2024.pdf
2024,gastos_por_objeto,,GASTOS EN PERSONAL,devengado,76545060506.18,sef_msi_-_2024.pdf
2024,gastos_por_objeto,,GASTOS EN PERSONAL,pagado,74420499453.03,sef_msi_-_2024.pdf
2024,gastos_por_objeto,,BIENES DE CONSUMO,devengado,17749966900.97,sef_msi_-_2024.pdf
2024,gastos_por_objeto,,BIENES DE CONSUMO,pagado,16532006112.36,sef_msi_-_2024.pdf
2024,gastos_por_objeto,,SERVICIOS NO PERSONALES,devengado,76494770707.49,sef_msi_-_2024.pdf
2024,gastos_por_objeto,,SERVICIOS NO PERSONALES,pagado,67117813453.74,sef_msi_-_2024.pdf
2024,gastos_por_objeto,,BIENES DE USO,devengado,12017661992.18,sef_msi_-_2024.pdf
2024,gastos_por_objeto,,BIENES DE USO,pagado,10289028308.23,sef_msi_-_2024.pdf
2024,gastos_por_objeto,,TRANSFERENCIAS,devengado,5062250492.78,sef_msi_-_2024.pdf
2024,gastos_por_objeto,,TRANSFERENCIAS,pagado,4525055157.53,sef_msi_-_2024.pdf
2024,gastos_por_objeto,,SERVICIO DE LA DEUDA Y DISMINUCIÓN DE OTROS PASIVOS,devengado,7702833847.62,sef_msi_-_2024.pdf
2024,gastos_por_objeto,,SERVICIO DE LA DEUDA Y DISMINUCIÓN DE OTROS PASIVOS,pagado,7702833847.62,sef_msi_-_2024.pdf
2024,gastos_por_programa,1.1.1.01.01.000 - 16,DEFENSA AL CONSUMIDOR,devengado,171337663.03,sef_msi_-_2024.pdf
2024,gastos_por_programa,1.1.1.01.01.000 - 34,JUZGADO DE FALTAS,devengado,519658111.27,sef_msi_-_2024.pdf
2024,gastos_por_programa,1.1.1.01.01.000 - 49,CEMENTERIOS,devengado,545696488.85,sef_msi_-_2024.pdf
2024,gastos_por_programa,1.1.1.01.03.000 - 18,TRANSITO,devengado,2159983144.45,sef_msi_-_2024.pdf
2024,gastos_por_programa,1.1.1.01.03.000 - 19,PREVENCION CIUDADANA,devengado,16776776370.83,sef_msi_-_2024.pdf
2024,gastos_por_programa,1.1.1.01.03.000 - 31,BROMATOLOGIA,devengado,153669664.26,sef_msi_-_2024.pdf
2024,gastos_por_programa,1.1.1.01.03.000 - 35,INSPECCION GENERAL,devengado,1037931539.12,sef_msi_-_2024.pdf
2024,gastos_por_programa,1.1.1.01.03.000 - 36,PLANEAMIENTO URBANO,devengado,1300371721.34,sef_msi_-_2024.pdf
2024,gastos_por_programa,1.1.1.01.03.000 - 37,SEMAFORIZACION Y SEÑALAMIENTO VIAL,devengado,627655083.50,sef_msi_-_2024.pdf
2024,gastos_por_programa,1.1.1.01.03.000 - 59,INSTITUTO FORMACION Y DOCENCIA SEG.URBAN,devengado,16899437.66,sef_msi_-_2024.pdf
2024,gastos_por_programa,1.1.1.01.03.000 - 64,DEFENSA CIVIL,devengado,184953598.93,sef_msi_-_2024.pdf
2024,gastos_por_programa,1.1.1.01.06.000 - 21,PROMOCION DE LA EDUCACION,devengado,3575116495.01,sef_msi_-_2024.pdf
2024,gastos_por_programa,1.1.1.01.06.000 - 22,CULTURA Y CIUDAD,devengado,1664450920.08,sef_msi_-_2024.pdf
2024,gastos_por_programa,1.1.1.01.06.000 - 23,PROMOCION DEL DEPORTE,devengado,3791693402.07,sef_msi_-_2024.pdf
2024,gastos_por_programa,1.1.1.01.06.000 - 32,DESARROLLO HUMANO Y SOCIAL,devengado,1734849559.87,sef_msi_-_2024.pdf
2024,gastos_por_programa,1.1.1.01.06.000 - 33,FONDO DE FORTALECIMIENTO SOCIAL,devengado,447255517.38,sef_msi_-_2024.pdf
2024,gastos_por_programa,1.1.1.01.06.000 - 37,AYUDA A INDIGENTES,devengado,3349447.04,sef_msi_-_2024.pdf
2024,gastos_por_programa,1.1.1.01.06.000 - 38,AYUDA SOCIAL A PERSONAS,devengado,1481861809.96,sef_msi_-_2024.pdf
2024,gastos_por_programa,1.1.1.01.06.000 - 39,EDUCACION AMBIENTAL,devengado,128093342.30,sef_msi_-_2024.pdf
2024,gastos_por_programa,1.1.1.01.06.000 - 48,ATENCION A MENORES,devengado,1007837387.77,sef_msi_-_2024.pdf
2024,gastos_por_programa,1.1.1.01.06.000 - 54,TERCERA EDAD,devengado,958708687.59,sef_msi_-_2024.pdf
2024,gastos_por_programa,1.1.1.01.06.000 - 57,CENTRO DES. Y FORTALECIM. N.A.F,devengado,208870417.81,sef_msi_-_2024.pdf
2024,gastos_por_programa,1.1.1.01.06.000 - 58,DIRECCION GRAL. DE LA MUJER,devengado,230880638.99,sef_msi_-_2024.pdf
2024,gastos_por_programa,1.1.1.01.06.000 - 62,FONDO EDUCATIVO,devengado,1985183457.66,sef_msi_-_2024.pdf
2024,gastos_por_programa,1.1.1.01.06.000 - 63,OTROS PROGRAMAS PROVINCIALES,devengado,96737329.46,sef_msi_-_2024.pdf
2024,gastos_por_programa,1.1.1.01.06.000 - 70,CONVENIO POTENCIAR TRABAJO I,devengado,110000.00,sef_msi_-_2024.pdf
2024,gastos_por_programa,1.1.1.01.06.000 - 71,II CONVENIO POTENCIAR TRABAJO II,devengado,3272320.00,sef_msi_-_2024.pdf
2024,gastos_por_programa,1.1.1.01.07.000 - 24,"CONSERVACION, SEÑALAM., Y CONST. DE LA V",devengado,8297309755.44,sef_msi_-_2024.pdf
2024,gastos_por_programa,1.1.1.01.07.000 - 55,PROGRAMA DE CONST. Y REFACC. DE VIVIEND,devengado,53957755.67,sef_msi_-_2024.pdf
2024,gastos_por_programa,1.1.1.01.07.000 - 56,ARGENTINA UNIDA POR INTEGRACION B. POPUL,devengado,15610387.00,sef_msi_-_2024.pdf
2024,gastos_por_programa,1.1.1.01.07.000 - 66,RENABAP LA CAVA Y CAVA CHICA,devengado,17033529.35,sef_msi_-_2024.pdf
2024,gastos_por_programa,1.1.1.01.08.000 - 25,BARRIDO Y LIMPIEZA DE CALLES,devengado,6836864877.41,sef_msi_-_2024.pdf
2024,gastos_por_programa,1.1.1.01.08.000 - 26,RECOLECCION Y ELIMINACION DE RESIDUOS,devengado,35371184844.06,sef_msi_-_2024.pdf
2024,gastos_por_programa,1.1.1.01.08.000 - 50,PARQUES Y PASEOS,devengado,3698842596.98,sef_msi_-_2024.pdf
2024,gastos_por_programa,1.1.1.01.08.000 - 52,CONTROL DE VECTORES,devengado,157200489.71,sef_msi_-_2024.pdf
2024,gastos_por_programa,1.1.1.01.08.000 - 54,ALUMBRADO PUBLICO,devengado,6860451765.02,sef_msi_-_2024.pdf
2024,gastos_por_programa,1.1.1.01.08.000 - 60,POLITICA AMBIENTAL DE SAN ISIDRO,devengado,807105927.20,sef_msi_-_2024.pdf
2024,gastos_por_programa,1.1.1.01.09.000 - 27,HOSPITAL CENTRAL DE SAN ISIDRO,devengado,29995349227.61,sef_msi_-_2024.pdf
2024,gastos_por_programa,1.1.1.01.09.000 - 28,HOSPITAL MATERNO INFANTIL,devengado,11690605476.19,sef_msi_-_2024.pdf
2024,gastos_por_programa,1.1.1.01.09.000 - 29,HOSPITAL CIUDAD DE BOULOGNE,devengado,5831001551.57,sef_msi_-_2024.pdf
2024,gastos_por_programa,1.1.1.01.09.000 - 30,CENTROS DE ATENCION PRIMARIA,devengado,2819121912.74,sef_msi_-_2024.pdf
2024,gastos_por_programa,1.1.1.01.09.000 - 45,PLAN NACER - SUMAR,devengado,60268444.00,sef_msi_-_2024.pdf
2024,gastos_por_programa,1.1.1.01.09.000 - 56,CENTRO DE ESTIMULACION TEMPRANA,devengado,281590030.75,sef_msi_-_2024.pdf
2024,gastos_por_programa,1.1.1.01.09.000 - 61,ZOONOSIS,devengado,242557791.90,sef_msi_-_2024.pdf
2024,gastos_por_programa,,Actividades Centrales,devengado,30610688993.06,sef_msi_-_2024.pdf
2024,gastos_por_programa,,Actividades Centrales,devengado,3408558963.71,sef_msi_-_2024.pdf
2024,gastos_por_programa,,Partidas no asignables a programas,devengado,7702833847.62,sef_msi_-_2024.pdf
2025,ahorro_inversion,I,ingresos_corrientes,oficial,301154665135.71,situacion_economico_financiera_2025_anual.pdf
2025,ahorro_inversion,II,gastos_corrientes,oficial,251403592133.29,situacion_economico_financiera_2025_anual.pdf
2025,ahorro_inversion,III,ahorro_corriente,oficial,49751073002.42,situacion_economico_financiera_2025_anual.pdf
2025,ahorro_inversion,IV,recursos_de_capital,oficial,2030100797.22,situacion_economico_financiera_2025_anual.pdf
2025,ahorro_inversion,V,gastos_de_capital,oficial,57832237847.26,situacion_economico_financiera_2025_anual.pdf
2025,ahorro_inversion,VI,ingresos_totales,oficial,303184765932.93,situacion_economico_financiera_2025_anual.pdf
2025,ahorro_inversion,VII,gastos_totales,oficial,309235829980.55,situacion_economico_financiera_2025_anual.pdf
2025,ahorro_inversion,VIII,resultado_financiero,oficial,-6051064047.62,situacion_economico_financiera_2025_anual.pdf
2025,ahorro_inversion,IX,fuentes_financieras,oficial,21119189472.52,situacion_economico_financiera_2025_anual.pdf
2025,ahorro_inversion,X,aplicaciones_financieras,oficial,15068125424.90,situacion_economico_financiera_2025_anual.pdf
2025,recursos_por_origen,,ORIGEN MUNICIPAL-DE LIBRE DISPONIBILIDAD,vigente,223501816834.00,situacion_economico_financiera_2025_anual.pdf
2025,recursos_por_origen,,ORIGEN MUNICIPAL-DE LIBRE DISPONIBILIDAD,devengado,243559603349.09,situacion_economico_financiera_2025_anual.pdf
2025,recursos_por_origen,,ORIGEN MUNICIPAL-DE LIBRE DISPONIBILIDAD,percibido,207565454181.72,situacion_economico_financiera_2025_anual.pdf
2025,recursos_por_origen,,ORIGEN MUNICIPAL-AFECTADOS,vigente,499109293.09,situacion_economico_financiera_2025_anual.pdf
2025,recursos_por_origen,,ORIGEN MUNICIPAL-AFECTADOS,devengado,403631519.01,situacion_economico_financiera_2025_anual.pdf
2025,recursos_por_origen,,ORIGEN MUNICIPAL-AFECTADOS,percibido,403631519.01,situacion_economico_financiera_2025_anual.pdf
2025,recursos_por_origen,,ORIGEN PROVINCIAL-DE LIBRE DISPONIBILIDAD,vigente,86170765257.00,situacion_economico_financiera_2025_anual.pdf
2025,recursos_por_origen,,ORIGEN PROVINCIAL-DE LIBRE DISPONIBILIDAD,devengado,79683151665.59,situacion_economico_financiera_2025_anual.pdf
2025,recursos_por_origen,,ORIGEN PROVINCIAL-DE LIBRE DISPONIBILIDAD,percibido,79683151665.59,situacion_economico_financiera_2025_anual.pdf
2025,recursos_por_origen,,ORIGEN PROVINCIAL-AFECTADOS,vigente,8762354585.23,situacion_economico_financiera_2025_anual.pdf
2025,recursos_por_origen,,ORIGEN PROVINCIAL-AFECTADOS,devengado,8010779659.00,situacion_economico_financiera_2025_anual.pdf
2025,recursos_por_origen,,ORIGEN PROVINCIAL-AFECTADOS,percibido,8010779659.00,situacion_economico_financiera_2025_anual.pdf
2025,recursos_por_origen,,ORIGEN NACIONAL-AFECTADOS,vigente,280003550.47,situacion_economico_financiera_2025_anual.pdf
2025,recursos_por_origen,,ORIGEN NACIONAL-AFECTADOS,devengado,190050533.83,situacion_economico_financiera_2025_anual.pdf
2025,recursos_por_origen,,ORIGEN NACIONAL-AFECTADOS,percibido,190050533.83,situacion_economico_financiera_2025_anual.pdf
2025,recursos_por_origen,,OTROS ORIGENES-DE LIBRE DISPONIBILIDAD,vigente,6953009557.00,situacion_economico_financiera_2025_anual.pdf
2025,recursos_por_origen,,OTROS ORIGENES-DE LIBRE DISPONIBILIDAD,devengado,7331698373.78,situacion_economico_financiera_2025_anual.pdf
2025,recursos_por_origen,,OTROS ORIGENES-DE LIBRE DISPONIBILIDAD,percibido,7331698373.78,situacion_economico_financiera_2025_anual.pdf
2025,gastos_por_objeto,,GASTOS EN PERSONAL,devengado,111589523524.90,situacion_economico_financiera_2025_anual.pdf
2025,gastos_por_objeto,,GASTOS EN PERSONAL,pagado,111589098111.35,situacion_economico_financiera_2025_anual.pdf
2025,gastos_por_objeto,,BIENES DE CONSUMO,devengado,22096325434.19,situacion_economico_financiera_2025_anual.pdf
2025,gastos_por_objeto,,BIENES DE CONSUMO,pagado,21172074679.54,situacion_economico_financiera_2025_anual.pdf
2025,gastos_por_objeto,,SERVICIOS NO PERSONALES,devengado,110490801688.94,situacion_economico_financiera_2025_anual.pdf
2025,gastos_por_objeto,,SERVICIOS NO PERSONALES,pagado,108490699482.82,situacion_economico_financiera_2025_anual.pdf
2025,gastos_por_objeto,,BIENES DE USO,devengado,57815709350.26,situacion_economico_financiera_2025_anual.pdf
2025,gastos_por_objeto,,BIENES DE USO,pagado,56982808238.59,situacion_economico_financiera_2025_anual.pdf
2025,gastos_por_objeto,,TRANSFERENCIAS,devengado,7243469982.26,situacion_economico_financiera_2025_anual.pdf
2025,gastos_por_objeto,,TRANSFERENCIAS,pagado,7024805363.56,situacion_economico_financiera_2025_anual.pdf
2025,gastos_por_objeto,,ACTIVOS FINANCIEROS,devengado,170095389.11,situacion_economico_financiera_2025_anual.pdf
2025,gastos_por_objeto,,ACTIVOS FINANCIEROS,pagado,170095389.11,situacion_economico_financiera_2025_anual.pdf
2025,gastos_por_objeto,,SERVICIO DE LA DEUDA Y DISMINUCIÓN DE OTROS PASIVOS,devengado,14898030035.79,situacion_economico_financiera_2025_anual.pdf
2025,gastos_por_objeto,,SERVICIO DE LA DEUDA Y DISMINUCIÓN DE OTROS PASIVOS,pagado,14898030035.79,situacion_economico_financiera_2025_anual.pdf
2025,gastos_por_programa,1.1.1.01.02.000 - 56,INSTALACION DE FIBRA OPTICA,devengado,785907014.14,situacion_economico_financiera_2025_anual.pdf
2025,gastos_por_programa,1.1.1.01.07.000 - 46,GESTION OPERATIVA DE LA SEGURIDAD MUNICIPAL,devengado,15301632123.02,situacion_economico_financiera_2025_anual.pdf
2025,gastos_por_programa,1.1.1.01.07.000 - 47,FORMACION Y DOCENCIA PARA LA SEGURIDAD URBANA,devengado,38670108.52,situacion_economico_financiera_2025_anual.pdf
2025,gastos_por_programa,1.1.1.01.07.000 - 48,DEFENSA CIVIL,devengado,325707338.13,situacion_economico_financiera_2025_anual.pdf
2025,gastos_por_programa,1.1.1.01.07.000 - 57,FONDO MUNIC.DE FORTALECIM. DE LA SEGURIDAD,devengado,1466028503.54,situacion_economico_financiera_2025_anual.pdf
2025,gastos_por_programa,1.1.1.01.08.000 - 19,SERVICIO DE LIMPIEZA DEL MUNICIPIO,devengado,49270113057.86,situacion_economico_financiera_2025_anual.pdf
2025,gastos_por_programa,1.1.1.01.08.000 - 21,PREVENCION DE LA ZOONOSIS,devengado,478834037.19,situacion_economico_financiera_2025_anual.pdf
2025,gastos_por_programa,1.1.1.01.08.001 - 20,CONTROL DE VECTORES Y SERV. DE DESINFECCION,devengado,228760493.57,situacion_economico_financiera_2025_anual.pdf
2025,gastos_por_programa,1.1.1.01.08.001 - 23,MANTENIMIENTO Y REPOSICION DEL ARBOLADO PUBLICO,devengado,7406224850.59,situacion_economico_financiera_2025_anual.pdf
2025,gastos_por_programa,1.1.1.01.08.001 - 24,MANTENIMIENTO DE LOS CEMENTERIOS MUNICIPALES,devengado,844659007.48,situacion_economico_financiera_2025_anual.pdf
2025,gastos_por_programa,1.1.1.01.08.001 - 49,MANTENIMIENTO Y EMBELLECIMIENTO DEL MUNICIPIO,devengado,14654788589.44,situacion_economico_financiera_2025_anual.pdf
2025,gastos_por_programa,1.1.1.01.08.002 - 26,GESTION DE LA POLITICA DE MOVILIDAD,devengado,4687565674.51,situacion_economico_financiera_2025_anual.pdf
2025,gastos_por_programa,1.1.1.01.08.002 - 27,SEMAFORIZACION Y SEÑALAMIENTO VIAL,devengado,1654162406.41,situacion_economico_financiera_2025_anual.pdf
2025,gastos_por_programa,1.1.1.01.08.003 - 28,FORMULACION Y EJECUCION DE LAS OBRAS PUBLICAS,devengado,4022778122.04,situacion_economico_financiera_2025_anual.pdf
2025,gastos_por_programa,1.1.1.01.08.003 - 30,INFRAESTRUCTURA HIDRAULICA Y PLUVIAL,devengado,3155501322.14,situacion_economico_financiera_2025_anual.pdf
2025,gastos_por_programa,1.1.1.01.08.003 - 32,INFRAESTRUCTURA EDUCATIVA,devengado,130038480.00,situacion_economico_financiera_2025_anual.pdf
2025,gastos_por_programa,1.1.1.01.08.003 - 33,INFRAESTRUCTURA HABITACIONAL,devengado,335387189.32,situacion_economico_financiera_2025_anual.pdf
2025,gastos_por_programa,1.1.1.01.08.003 - 35,CONSTRUCCION DE INFRAESTRUCTURA DEPORTIVA,devengado,2688842043.13,situacion_economico_financiera_2025_anual.pdf
2025,gastos_por_programa,1.1.1.01.09.001 - 40,ASISTENCIA SOCIAL A PERSONAS / FAMILIAS,devengado,2576201433.45,situacion_economico_financiera_2025_anual.pdf
2025,gastos_por_programa,1.1.1.01.09.001 - 41,ASIST. A PERSONAS CON DISCAPACIDAD Y CONTENCION FLIAR,devengado,65940164.09,situacion_economico_financiera_2025_anual.pdf
2025,gastos_por_programa,1.1.1.01.09.001 - 42,ABORDAJE A BARRIOS POPULARES,devengado,159295234.00,situacion_economico_financiera_2025_anual.pdf
2025,gastos_por_programa,1.1.1.01.09.001 - 43,ABORDAJE DE LAS ADICCIONES,devengado,28354162.22,situacion_economico_financiera_2025_anual.pdf
2025,gastos_por_programa,1.1.1.01.09.003 - 45,PROMOCION Y DESARROLLO DEL DEPORTE MUNICIPAL,devengado,1124425152.90,situacion_economico_financiera_2025_anual.pdf
2025,gastos_por_programa,1.1.1.01.10.000 - 35,PRIMERA INFANCIA,devengado,950077082.75,situacion_economico_financiera_2025_anual.pdf
2025,gastos_por_programa,1.1.1.01.10.001 - 36,DESARROLLO DE LA EDUCACION,devengado,2672841872.04,situacion_economico_financiera_2025_anual.pdf
2025,gastos_por_programa,1.1.1.01.10.001 - 37,FONDO EDUCATIVO,devengado,3931014306.67,situacion_economico_financiera_2025_anual.pdf
2025,gastos_por_programa,1.1.1.01.10.002 - 38,PROMOCION Y DESARROLLO DE LA CULTURA Y TURISMO,devengado,1360428014.72,situacion_economico_financiera_2025_anual.pdf
2025,gastos_por_programa,1.1.1.01.10.003 - 39,APOYO Y PROMOCION AL EMPLEO,devengado,170314500.62,situacion_economico_financiera_2025_anual.pdf
2025,gastos_por_programa,1.1.1.01.11.000 - 51,DELEGACIONES MUNICIPALES,devengado,1226345945.78,situacion_economico_financiera_2025_anual.pdf
2025,gastos_por_programa,1.1.1.01.11.000 - 52,DEFENSA DEL CONSUMIDOR,devengado,320785232.83,situacion_economico_financiera_2025_anual.pdf
2025,gastos_por_programa,1.1.1.01.11.000 - 53,AGENCIA DE FISCALIZACION Y CONTROL,devengado,2216003645.85,situacion_economico_financiera_2025_anual.pdf
2025,gastos_por_programa,1.1.1.01.11.000 - 54,JUZGADO DE FALTAS,devengado,726703843.49,situacion_economico_financiera_2025_anual.pdf
2025,gastos_por_programa,1.1.1.01.11.000 - 55,RELACIONES CON LA COMUNIDAD,devengado,2492910535.30,situacion_economico_financiera_2025_anual.pdf
2025,gastos_por_programa,1.1.1.01.13.000 - 16,SERVICIOS HOSPITALARIOS DE SALUD,devengado,65659014059.79,situacion_economico_financiera_2025_anual.pdf
2025,gastos_por_programa,1.1.1.01.13.000 - 17,ATENCION PRIMARIA DE LA SALUD,devengado,4796306547.54,situacion_economico_financiera_2025_anual.pdf
2025,gastos_por_programa,,Actividades Centrales,devengado,71956061529.76,situacion_economico_financiera_2025_anual.pdf
2025,gastos_por_programa,,Actividades Centrales,devengado,4571068290.21,situacion_economico_financiera_2025_anual.pdf
2025,gastos_por_programa,,Partidas no asignables a programas,devengado,14898030035.79,situacion_economico_financiera_2025_anual.pdf
