circ,secc,fraccion,manzana,iust_promedio,valores_listados
1,A,,1,240,240
1,A,,100,420,360|480
1,A,,13,240,240
1,A,,14,240,240
1,A,,15,240,240
1,A,,17,240,240
1,A,,18,240,240
1,A,,19,240,240
1,A,,2,240,240
1,A,,20,240,240
1,A,,21,240,240
1,A,,22,240,240
1,A,,23,240,240
1,A,,24,240,240
1,A,,25,240,240
1,A,,26,240,240
1,A,,27,240,240
1,A,,28,240,240
1,A,,29,240,240
1,A,,3,240,240
1,A,,30,240,240
1,A,,31,240,240
1,A,,32,240,240
1,A,,33,240,240
1,A,,34,240,240
1,A,,35,240,240
1,A,,36,240,240
1,A,,37,240,240
1,A,,38,240,240
1,A,,39,240,240
1,A,,4,240,240
1,A,,40,240,240
1,A,,41,240,240
1,A,,42,240,240
1,A,,43,240,240
1,A,,45,240,240
1,A,,46,240,240
1,A,,47,240,240
1,A,,48,240,240
1,A,,49,240,240
1,A,,50,240,240
1,A,,51,240,240
1,A,,52,240,240
1,A,,53,240,240
1,A,,54,240,240
1,A,,55,240,240
1,A,,56,240,240
1,A,,57,240,240
1,A,,58,240,240
1,A,,59,240,240
1,A,,60,240,240
1,A,,61,240,240
1,A,,62,240,240
1,A,,64,270,240|300
1,A,,65,300,300
1,A,,68,300,300
1,A,,7,240,240
1,A,,71,390,300|480
1,A,,72,390,300|480
1,A,,73,480,480
1,A,,74,390,300|480
1,A,,75,480,480
1,A,,75A,300,300
1,A,,76,390,300|480
1,A,,8,240,240
1,A,,80,480,480
1,A,,81,480,480
1,A,,82,480,480
1,A,,83,480,480
1,A,,85,480,480
1,A,,89,480,480
1,A,,9,240,240
1,A,,90,390,300|480
1,A,,91,390,300|480
1,A,,92,390,300|480
1,A,,93,390,300|480
1,A,,94,480,480
1,A,,95,480,480
1,A,,96,480,480
1,A,,97,480,480
1,A,,98,480,480
1,A,,99,480,480
1,A,1,,240,240
1,A,10,,245,190|300
1,A,3,,270,240|300
1,A,5,,240,240
1,A,6,,300,300
1,A,6A,,390,300|480
1,A,6B,,390,300|480
1,A,7,,380,300|360|480
1,A,8,,300,300
1,A,9,,300,300
1,B,,39,300,300
1,B,,40,300,300
1,B,,41,300,300
1,B,,42,300,300
1,B,,43,390,300|480
1,B,,44,480,480
1,B,,45,690,480|900
1,B,,46,690,480|900
1,B,,47,690,480|900
1,B,,48,390,300|480
1,B,,49,480,480
1,B,,50,480,480
1,B,,51,300,300
1,B,,52,300,300
1,B,,53,300,300
1,B,,54,300,300
1,B,,55,390,300|480
1,B,,56,480,480
1,B,,57,480,480
1,B,,58,690,480|900
1,B,,59,690,480|900
1,B,,60,690,480|900
1,B,,61,480,480
1,B,,62,900,900
1,B,,63,300,300
1,B,,64,300,300
1,B,,65,300,300
1,B,,66,300,300
1,B,,67,390,300|480
1,B,,68,480,480
1,B,,69,480,480
1,B,,70,690,480|900
1,B,,71,690,480|900
1,B,,72,480,480
1,B,,73,900,900
1,B,,74,480,480
1,B,,75,480,480
1,B,,76,480,480
1,B,,77,690,480|900
1,B,,78,690,480|900
1,B,,79,480,480
1,B,,80,900,900
1,B,,81,300,300
1,B,,82,300,300
1,B,,83,480,480
1,B,,84,690,480|900
1,B,,85,690,480|900
1,B,,86,480,480
1,B,,87,390,300|480
1,B,,88,390,300|480
1,B,,90,390,300|480
1,B,,91,390,300|480
1,B,,92,390,300|480
1,B,,93,480,480
1,B,,94,480,480
1,B,,95,690,480|900
1,B,,96,690,480|900
1,B,,97,480,480
1,B,,98,690,480|900
2,A,,1,420,360|480
2,A,,12,360,360
2,A,,13,360,360
2,A,,14,360,360
2,A,,15,360,360
2,A,,16,360,360
2,A,,17,360,360
2,A,,2,420,360|480
2,A,,20,360,360
2,A,,21,360,360
2,A,,22,360,360
2,A,,23,360,360
2,A,,24,360,360
2,A,,25,360,360
2,A,,26,360,360
2,A,,27,360,360
2,A,,28,360,360
2,A,,3,420,360|480
2,A,,32,360,360
2,A,,33,360,360
2,A,,34,360,360
2,A,,35,360,360
2,A,,36,360,360
2,A,,37,360,360
2,A,,38,360,360
2,A,,39,360,360
2,A,,4,420,360|480
2,A,,40,360,360
2,A,,41,360,360
2,A,,42,360,360
2,A,,43,360,360
2,A,,44,360,360
2,A,,45,360,360
2,A,,46,360,360
2,A,,47,360,360
2,A,,48,360,360
2,A,,49,360,360
2,A,,5,420,360|480
2,A,,6,420,360|480
2,A,,7,420,360|480
2,A,,8,420,360|480
2,A,,9,420,360|480
2,B,,100,240,240
2,B,,104,240,240
2,B,,105,270,240|300
2,B,,106,270,240|300
2,B,,107,270,240|300
2,B,,108,270,240|300
2,B,,109,270,240|300
2,B,,110,270,240|300
2,B,,111,240,240
2,B,,114,270,240|300
2,B,,116,270,240|300
2,B,,117,300,300
2,B,,50,240,240
2,B,,51,240,240
2,B,,52,240,240
2,B,,53,240,240
2,B,,54,240,240
2,B,,55,240,240
2,B,,56,240,240
2,B,,57,240,240
2,B,,58,240,240
2,B,,59,240,240
2,B,,60,240,240
2,B,,61,240,240
2,B,,62,240,240
2,B,,63,240,240
2,B,,64,240,240
2,B,,65,240,240
2,B,,66,240,240
2,B,,67,240,240
2,B,,68,240,240
2,B,,69,240,240
2,B,,70,240,240
2,B,,71,240,240
2,B,,72,240,240
2,B,,73,240,240
2,B,,74,240,240
2,B,,75,240,240
2,B,,76,240,240
2,B,,77,240,240
2,B,,78,240,240
2,B,,79,240,240
2,B,,80,240,240
2,B,,81A,240,240
2,B,,81B,240,240
2,B,,82,240,240
2,B,,84,240,240
2,B,,85,240,240
2,B,,86,240,240
2,B,,87,240,240
2,B,,88,240,240
2,B,,89,240,240
2,B,,90,240,240
2,B,,91,240,240
2,B,,92,240,240
2,B,,93,240,240
2,B,,94,240,240
2,B,,95A,240,240
2,B,,95B,240,240
2,B,,97,240,240
2,B,,98,240,240
2,B,,99,240,240
2,B,1,,270,240|300
2,C,,10,300,300
2,C,,11,300,300
2,C,,12,300,300
2,C,,13,300,300
2,C,,14,300,300
2,C,,15,300,300
2,C,,16,300,300
2,C,,17,300,300
2,C,,18,300,300
2,C,,19,300,300
2,C,,2,420,360|480
2,C,,20,300,300
2,C,,21,300,300
2,C,,22,300,300
2,C,,23,300,300
2,C,,24,300,300
2,C,,25,300,300
2,C,,26,300,300
2,C,,27,300,300
2,C,,28,300,300
2,C,,29,300,300
2,C,,3,420,360|480
2,C,,30,300,300
2,C,,31,300,300
2,C,,32,300,300
2,C,,33,330,300|360
2,C,,34,300,300
2,C,,35,300,300
2,C,,36,300,300
2,C,,37,330,300|360
2,C,,38,300,300
2,C,,39,300,300
2,C,,40,300,300
2,C,,41,300,300
2,C,,42,300,300
2,C,,43,300,300
2,C,,44,300,300
2,C,,45,300,300
2,C,,46,300,300
2,C,,47,300,300
2,C,,5,300,300
2,C,,6,300,300
2,C,,8,300,300
2,C,,9,300,300
2,C,1,,420,360|480
3,A,,1,240,240
3,A,,10,240,240
3,A,,2,240,240
3,A,,26,480,480
3,A,,3,240,240
3,A,,36A,300,300
3,A,,38,300,300
3,A,,4,240,240
3,A,,44,480,480
3,A,,45,480,480
3,A,,5,240,240
3,A,,50,480,480
3,A,,51,480,480
3,A,,55,480,480
3,A,,56,480,480
3,A,,57,480,480
3,A,,58,480,480
3,A,,59,480,480
3,A,,6,240,240
3,A,,60,480,480
3,A,,61,480,480
3,A,,62,480,480
3,A,,63,480,480
3,A,,64,480,480
3,A,,65,480,480
3,A,,66,480,480
3,A,,67,480,480
3,A,,68,690,480|900
3,A,,69,420,360|480
3,A,,7,240,240
3,A,,70,480,480
3,A,,71,480,480
3,A,,72,480,480
3,A,,73,480,480
3,A,,74,480,480
3,A,,75,480,480
3,A,,76,480,480
3,A,,77,480,480
3,A,,78,480,480
3,A,,79,690,480|900
3,A,,8,240,240
3,A,,80,480,480
3,A,,81,690,480|900
3,A,,82,690,480|900
3,A,,83,580,360|480|900
3,A,,84,690,480|900
3,A,,85,690,480|900
3,A,,86,690,480|900
3,A,,87,690,480|900
3,A,,88,690,480|900
3,A,,89,480,480
3,A,,90,690,480|900
3,A,1,,240,240
3,A,2,,240,240
3,A,3,,240,240
3,A,4,,480,480
3,A,5,,390,300|480
3,A,6,,480,480
3,A,7,,480,480
3,A,8,,480,480
3,B,,14,480,480
3,B,,15,480,480
3,B,,26,480,480
3,B,,27,480,480
3,B,,28,480,480
3,B,,30,480,480
3,B,,31,480,480
3,B,,32,480,480
3,B,,34,480,480
3,B,,36,480,480
3,B,,37,480,480
3,B,,38,480,480
3,B,,39,480,480
3,B,,40,480,480
3,B,,41,480,480
3,B,,42,480,480
3,B,,43,480,480
3,B,,44,480,480
3,B,,45,480,480
3,B,,46,480,480
3,B,,47,480,480
3,B,,48,690,480|900
3,B,,49,480,480
3,B,,50,480,480
3,B,,52,480,480
3,B,,53,480,480
3,B,,54,480,480
3,B,,55,480,480
3,B,,56,480,480
3,B,,57,480,480
3,B,,58,480,480
3,B,,59,480,480
3,B,,60,480,480
3,B,,61,690,480|900
3,B,,62,690,480|900
3,B,,63,690,480|900
3,B,,64,690,480|900
3,B,,66,690,480|900
3,B,,69,690,480|900
3,B,,70,690,480|900
3,B,,71,690,480|900
3,B,,72,690,480|900
3,B,,73,690,480|900
3,B,,74,690,480|900
3,B,,75,690,480|900
3,B,,76,690,480|900
3,B,,77,690,480|900
3,B,1,,480,480
3,B,2,,480,480
3,B,3,,690,480|900
3,B,4,,480,480
3,B,5,,480,480
3,B,6,,480,480
3,B,9,,480,480
3,C,,100,480,480
3,C,,101,480,480
3,C,,102,480,480
3,C,,103,480,480
3,C,,104,480,480
3,C,,105,480,480
3,C,,106,480,480
3,C,,107,480,480
3,C,,108,480,480
3,C,,109,480,480
3,C,,110,480,480
3,C,,111,480,480
3,C,,112,480,480
3,C,,113,480,480
3,C,,118,480,480
3,C,,119,480,480
3,C,,120,480,480
3,C,,121,480,480
3,C,,122,480,480
3,C,,123,480,480
3,C,,124,480,480
3,C,,125,480,480
3,C,,126,480,480
3,C,,127,480,480
3,C,,129,480,480
3,C,,130,480,480
3,C,,131,480,480
3,C,,132,480,480
3,C,,133,480,480
3,C,,134,480,480
3,C,,135,480,480
3,C,,136,480,480
3,C,,137,480,480
3,C,,138,480,480
3,C,,139,480,480
3,C,,140,480,480
3,C,,141,480,480
3,C,,142,480,480
3,C,,143,480,480
3,C,,144,480,480
3,C,,145,480,480
3,C,,146,480,480
3,C,,147,480,480
3,C,,148,480,480
3,C,,149,480,480
3,C,,150,480,480
3,C,,151,480,480
3,C,,152,480,480
3,C,,152A,480,480
3,C,,153,330,300|360
3,C,,154,360,360
3,C,,155,900,900
3,C,,156,900,900
3,C,,157,300,300
3,C,,158,300,300
3,C,,159,900,900
3,C,,160,300,300
3,C,,161,300,300
3,C,,162,390,300|480
3,C,,163,390,300|480
3,C,,164,390,300|480
3,C,,165,390,300|480
3,C,,166,390,300|480
3,C,,167,390,300|480
3,C,,168,390,300|480
3,C,,169,380,300|360|480
3,C,,170,420,360|480
3,C,,171,690,480|900
3,C,,172,690,480|900
3,C,,173,390,300|480
3,C,,174,390,300|480
3,C,,85,690,480|900
3,C,,86,690,480|900
3,C,,90,690,480|900
3,C,,91,690,480|900
3,C,,92,690,480|900
3,C,,93,690,480|900
3,C,,94,690,480|900
3,C,,95,480,480
3,C,,96,690,480|900
3,C,,97,690,480|900
3,C,,98,480,480
3,C,,99,480,480
3,C,1,,480,480
3,D,,159,690,480|900
3,D,,160,690,480|900
3,D,,161,690,480|900
3,D,,162,690,480|900
3,D,,163,690,480|900
3,D,,164,690,480|900
3,D,,165,690,480|900
3,D,,166,690,480|900
3,D,,167,690,480|900
3,D,,168,690,480|900
3,D,,169,690,480|900
3,D,,170,690,480|900
3,D,,171,690,480|900
3,D,,172,690,480|900
3,D,,173,480,480
3,D,,174A,480,480
3,D,,174B,480,480
3,D,,175,480,480
3,D,,176,480,480
3,D,,177,690,480|900
3,D,,178,580,360|480|900
3,D,,179,480,480
3,D,,180,480,480
3,D,,181,480,480
3,D,,182,480,480
3,D,,183,480,480
3,D,,184,480,480
3,D,,185,480,480
3,D,,186,480,480
3,D,,187,480,480
3,D,,188,480,480
3,D,,189,480,480
3,D,,191,480,480
3,D,,192,480,480
3,D,,193,480,480
3,D,,194,420,360|480
3,D,,195,480,480
3,D,,196,480,480
3,D,,197,480,480
3,D,,198,480,480
3,D,,199,480,480
3,D,,200,480,480
3,D,,201,480,480
3,D,,202,480,480
3,D,,203,480,480
3,D,,204,480,480
3,D,,205,480,480
3,D,,206,480,480
3,D,,207,480,480
3,D,,208,480,480
3,D,,209,480,480
3,D,,211,480,480
3,D,,212,480,480
3,D,,213,480,480
3,D,,214,480,480
3,D,,215,480,480
3,D,,216,480,480
3,D,,217,480,480
3,D,,218,480,480
3,D,,219,480,480
3,D,,220,480,480
3,D,,221,480,480
3,D,,222,480,480
3,D,,223,480,480
3,D,,224,480,480
3,D,,225,480,480
3,D,,226,420,360|480
3,D,,227,480,480
3,D,,228,480,480
3,D,,229,480,480
3,D,,230,480,480
3,D,,231,480,480
3,D,,232,480,480
3,D,,233,480,480
3,D,,234,480,480
3,D,,235,480,480
3,D,,236,480,480
3,D,,237,480,480
3,D,,238,480,480
3,D,,239,480,480
3,D,,240,480,480
3,D,,241,480,480
3,D,,243,480,480
3,D,,244,480,480
3,D,,245,480,480
3,D,,246,480,480
3,D,,247,480,480
3,D,,248,480,480
3,D,,249,480,480
3,D,,250,480,480
3,D,,251,480,480
3,D,,252,480,480
3,D,,253,480,480
3,D,,254,480,480
3,D,,255,480,480
3,D,,256,480,480
3,D,,257,480,480
3,D,,258,420,360|480
3,D,,259,480,480
3,D,,260,480,480
3,D,,261,480,480
3,D,,262,480,480
3,D,,263,480,480
3,D,,264,480,480
3,D,,265,690,480|900
3,D,,266,690,480|900
3,D,,267,480,480
3,D,,268,480,480
3,D,,269,480,480
3,D,,270,480,480
3,D,,271,480,480
3,D,,272,480,480
3,D,,273,480,480
3,D,,274,690,480|900
3,D,,275,690,480|900
3,D,,276,480,480
3,D,,277,480,480
3,D,,278,480,480
3,D,,279,480,480
3,D,,280,480,480
3,D,,281,480,480
3,D,,283,480,480
3,D,,284,900,900
3,E,,290,300,300
3,E,,291,300,300
3,E,,292,300,300
3,E,,293,300,300
3,E,,294,900,900
3,E,,295,900,900
3,E,,296,900,900
3,E,,297,900,900
3,E,,298,900,900
3,E,,299,360,360
3,E,,300,330,300|360
3,E,,301,330,300|360
3,E,,302,360,360
3,E,,303,360,360
3,E,,304,330,300|360
3,E,,305,360,360
3,E,,306,330,300|360
3,E,,307,330,300|360
3,E,,308,360,360
3,E,,309,360,360
3,E,,310,330,300|360
3,E,,311,300,300
3,E,,312,300,300
3,E,,313,300,300
3,E,,314,300,300
3,E,,315,900,900
3,E,,316,900,900
3,E,,317,900,900
3,E,,318,900,900
3,E,,319,900,900
3,E,,320,360,360
3,E,,321,330,300|360
3,E,,322,330,300|360
3,E,,323,360,360
3,E,,324,360,360
3,E,,325,360,360
3,E,,326,330,300|360
3,E,,327,390,300|480
3,E,,328,390,300|480
3,E,,329,390,300|480
3,E,,330,390,300|480
3,E,,331,690,480|900
3,E,,332,690,480|900
3,E,,333,690,480|900
3,E,,334,690,480|900
3,E,,335,690,480|900
3,E,,336,420,360|480
3,E,,337,380,300|360|480
3,E,,338,380,300|360|480
3,E,,339,360,360
3,E,,340,360,360
3,E,,341,360,360
3,E,,342,360,360
3,E,,343,330,300|360
3,E,,344,420,360|480
3,E,,345,420,360|480
3,E,,346,420,360|480
3,E,,347,380,300|360|480
3,F,,347,390,300|480
3,F,,348,390,300|480
3,F,,349,390,300|480
3,F,,350,390,300|480
3,F,,351,390,300|480
3,F,,352,300,300
3,F,,353,300,300
3,F,,354,300,300
3,F,,355,300,300
3,F,,356,300,300
3,F,,357,300,300
3,F,,358,300,300
3,F,,359,300,300
3,F,,360,300,300
3,F,,361,300,300
3,F,,362,300,300
3,F,,363,300,300
3,F,,364,300,300
3,F,,365,300,300
3,F,,366,300,300
3,F,,367,300,300
3,F,,368,300,300
3,F,,369,300,300
3,F,,370,300,300
3,F,,371,300,300
3,F,,372,300,300
3,F,,373,300,300
3,F,,374,300,300
3,F,,375,300,300
3,F,,376,300,300
3,F,,377,300,300
3,F,,378,300,300
3,F,,379A,300,300
3,F,,379B,300,300
3,F,,380,300,300
3,F,,381,300,300
3,F,,382,300,300
3,F,,383,300,300
3,F,,384,300,300
3,F,,385,300,300
3,F,,386,300,300
3,F,,387,300,300
3,F,,388,300,300
3,F,,389,300,300
3,F,,390,300,300
3,F,,391,300,300
3,F,,392,510,300|720
3,F,,393,300,300
3,F,,394,300,300
3,F,,395,300,300
3,F,,396,300,300
3,F,,397,510,300|720
3,F,,398,300,300
3,F,,399,300,300
3,F,,400,300,300
3,F,,401,300,300
3,F,,402,510,300|720
3,F,,403,300,300
3,F,,404,300,300
3,F,,405,300,300
3,F,,406,300,300
3,F,,407,300,300
3,F,,408,510,300|720
3,F,,409,300,300
3,F,,410,300,300
3,F,,411,300,300
3,F,,412,300,300
3,F,,413,300,300
3,F,,414,510,300|720
3,F,,415,300,300
3,F,,416,300,300
3,F,,417,300,300
3,F,,418,300,300
3,F,,419,300,300
3,F,,420,300,300
3,F,,421,510,300|720
3,F,,422A,300,300
3,F,,422B,300,300
3,F,,423,300,300
3,F,,424,300,300
3,F,,425,300,300
3,F,,426,510,300|720
3,F,,427,300,300
3,F,,428,300,300
3,F,,429,300,300
3,F,,430,300,300
3,G,,431,390,300|480
3,G,,432,390,300|480
3,G,,433,390,300|480
3,G,,434,390,300|480
3,G,,435,390,300|480
3,G,,436,300,300
3,G,,437,300,300
3,G,,438,300,300
3,G,,439,300,300
3,G,,440,300,300
3,G,,441,300,300
3,G,,442,300,300
3,G,,443,300,300
3,G,,444,300,300
3,G,,445,300,300
3,G,,446,300,300
3,G,,447,300,300
3,G,,448,300,300
3,G,,449,300,300
3,G,,450,300,300
3,G,,451,300,300
3,G,,452,300,300
3,G,,453,300,300
3,G,,454,300,300
3,G,,455,300,300
3,G,,456,300,300
3,G,,457,300,300
3,G,,458,300,300
3,G,,459,300,300
3,G,,460,300,300
3,G,,461,300,300
3,G,,462,300,300
3,G,,463,300,300
3,G,,464,300,300
3,G,,466,300,300
3,G,,467,300,300
3,G,,468,300,300
3,G,,469,300,300
3,G,,470,300,300
3,G,,471,300,300
3,G,,472,300,300
3,G,,473,300,300
3,G,,474,300,300
3,G,,475,300,300
3,G,,476,300,300
3,G,,477,300,300
3,G,,478,300,300
3,G,,479,300,300
3,G,,480,300,300
3,G,,481,300,300
3,G,,482,300,300
3,G,,483,300,300
3,G,,484,300,300
3,G,,485,300,300
3,G,,486,300,300
3,G,,487,300,300
3,G,,488,300,300
3,G,,489,300,300
3,G,,490,300,300
3,G,,491,300,300
3,G,,492,300,300
3,G,,493,300,300
3,G,,494,300,300
3,G,,495,300,300
3,G,,496,300,300
3,G,,497,300,300
3,G,,498,300,300
3,G,,499,300,300
3,G,,500,300,300
3,G,,501,300,300
3,G,,502,300,300
3,G,,503,300,300
3,G,,504,300,300
3,G,,505,300,300
3,G,,506,300,300
3,G,,507,300,300
3,G,,508,300,300
3,G,,509,300,300
3,G,,510,300,300
3,G,,511,300,300
3,G,,512,300,300
3,G,,513,300,300
3,G,,514,300,300
3,G,,515,300,300
3,G,,516,300,300
3,G,,517,300,300
3,H,,514,390,300|480
3,H,,515,390,300|480
3,H,,516,390,300|480
3,H,,517,390,300|480
3,H,,518,390,300|480
3,H,,519,390,300|480
3,H,,520,300,300
3,H,,521,390,300|480
3,H,,522,390,300|480
3,H,,523,300,300
3,H,,524,300,300
3,H,,525,300,300
3,H,,526,300,300
3,H,,527,300,300
3,H,,528,300,300
3,H,,529,300,300
3,H,,530,300,300
3,H,,531,300,300
3,H,,532,300,300
3,H,,533,300,300
3,H,,534,300,300
3,H,,535,300,300
3,H,,536,300,300
3,H,,537,300,300
3,H,,538,300,300
3,H,,539,300,300
3,H,,540,300,300
3,H,,541,300,300
3,H,,542,300,300
3,H,,543,300,300
3,H,,544,300,300
3,H,,545,300,300
3,H,,546,300,300
3,H,,547,300,300
3,H,,548,300,300
3,H,,549,300,300
3,H,,550,300,300
3,H,,551,300,300
3,H,,552,300,300
3,H,,553,300,300
3,H,,554,300,300
3,H,,555,300,300
3,H,,556,300,300
3,H,,557A,300,300
3,H,,557B,300,300
3,H,,558,300,300
3,H,,559A,300,300
3,H,,559B,300,300
3,H,,559C,300,300
3,H,,560,300,300
3,H,,561,300,300
3,H,,562,300,300
3,H,,563,300,300
3,H,,564,300,300
3,H,,565,300,300
3,H,,566,300,300
3,H,,567,300,300
3,H,,568,300,300
3,H,,569,300,300
3,H,,570,300,300
3,H,,571,300,300
3,H,,572,300,300
3,H,,573,300,300
3,H,,574,300,300
3,H,,575,300,300
3,H,,576,300,300
3,H,,577,300,300
3,H,,578,300,300
3,H,,579,300,300
3,H,,580,300,300
3,H,,581,300,300
3,H,,582,300,300
3,H,,583,300,300
3,H,,584,300,300
3,H,,585,300,300
3,H,,586,300,300
3,H,,587,300,300
3,H,,588,300,300
3,H,,589,300,300
3,H,,590,300,300
3,H,,591,300,300
3,H,,592,300,300
3,H,,593,300,300
3,H,,594,300,300
3,H,,595,300,300
3,H,,596,300,300
3,H,,597,300,300
3,H,,603,300,300
3,H,,604,300,300
3,H,,605,300,300
3,H,,606,300,300
3,H,,607,300,300
3,H,,608,300,300
3,H,,609,300,300
3,H,,610,300,300
3,H,,611,300,300
3,H,,612,300,300
3,H,,613,300,300
3,H,,614,300,300
3,H,1,,300,300
3,H,2,,300,300
3,J,,579,390,300|480
3,J,,580,390,300|480
3,J,,581,300,300
3,J,,582,300,300
3,J,,583,390,300|480
3,J,,584,390,300|480
3,J,,587,300,300
3,J,,588,300,300
3,J,,589,300,300
3,J,,590,300,300
3,J,,591,390,300|480
3,J,,592,390,300|480
3,J,,593,300,300
3,J,,594,300,300
3,J,,595,300,300
3,J,,596,300,300
3,J,,597,300,300
3,J,,598,300,300
3,J,,599,300,300
3,J,,600,300,300
3,J,,601,300,300
3,J,,602,300,300
3,J,,603,300,300
3,J,,604,300,300
3,J,,605,300,300
3,J,,606,300,300
3,J,,607,300,300
3,J,,608,300,300
3,J,,609,300,300
3,J,,610,300,300
3,J,,611,300,300
3,J,,612,300,300
3,J,,613,300,300
3,J,,614,300,300
3,J,,615,300,300
3,J,,616,300,300
3,J,,617,300,300
3,J,,618,300,300
3,J,,619A,300,300
3,J,,619B,300,300
3,J,,620,300,300
3,J,,621,300,300
3,J,,622,300,300
3,J,,623,300,300
3,J,,624,300,300
3,J,,625,300,300
3,J,,626,300,300
3,J,,627,300,300
3,J,,628,300,300
3,J,,629,300,300
3,J,,630,300,300
3,J,,631,300,300
3,J,,632,300,300
3,J,,633,300,300
3,J,,634,300,300
3,J,,635,300,300
3,J,,636,300,300
3,J,,637,300,300
3,J,,638,300,300
3,J,,639,300,300
3,J,,640,300,300
3,J,,641,300,300
3,J,,642,300,300
3,J,,643,300,300
3,J,,644,300,300
3,J,,645,300,300
3,J,,646,300,300
3,J,,647,300,300
3,J,,649,300,300
3,J,,650,300,300
3,J,,651,300,300
3,J,,652,300,300
3,J,,653,300,300
3,J,,654,300,300
3,J,,655,300,300
3,J,,656,300,300
3,J,,657,300,300
3,J,,658,300,300
3,J,,659,300,300
3,J,,660,300,300
3,J,,661,300,300
3,J,,662,300,300
3,J,,663,300,300
3,J,,664,300,300
3,J,,665,300,300
3,J,,666,300,300
3,J,,667,300,300
3,J,,668,300,300
3,J,,669,300,300
3,J,,670,300,300
3,J,,671,300,300
3,J,,672,300,300
3,J,,673A,300,300
3,J,,673B,300,300
3,J,,674A,300,300
3,J,,674B,300,300
3,J,,675A,300,300
3,J,,675B,300,300
3,J,,675C,300,300
3,J,,676,300,300
3,J,,677,300,300
3,J,,678,300,300
3,J,,679,300,300
3,J,,680,300,300
3,J,,681,300,300
3,J,,682,300,300
3,J,,683,300,300
3,J,,684,300,300
3,J,,685,300,300
3,J,,686,300,300
3,J,,687,300,300
3,J,,688,300,300
3,J,,689,300,300
3,J,,690,300,300
3,J,,691,300,300
3,J,1,,390,300|480
3,K,1,,300,300
3,K,2,,300,300
4,A,,10,300,300
4,A,,11,300,300
4,A,,12,300,300
4,A,,13,300,300
4,A,,14,300,300
4,A,,15,300,300
4,A,,17,300,300
4,A,,18,300,300
4,A,,2,300,300
4,A,,21,300,300
4,A,,22,300,300
4,A,,3,300,300
4,A,,38,240,240
4,A,,39,240,240
4,A,,4,300,300
4,A,,40,240,240
4,A,,42,240,240
4,A,,43,240,240
4,A,,44,240,240
4,A,,46,240,240
4,A,,47,240,240
4,A,,5,300,300
4,A,,51,190,190
4,A,,56,190,190
4,A,,58,190,190
4,A,,59,190,190
4,A,,60A,190,190
4,A,,60B,190,190
4,A,,62,190,190
4,A,,65,190,190
4,A,,67,190,190
4,A,,7,300,300
4,A,,70,245,190|300
4,A,,72,245,190|300
4,A,,8,300,300
4,A,,9,300,300
4,A,1,,300,300
4,A,2A,,300,300
4,A,2E,,190,190
4,B,,10,270,240|300
4,B,,11,270,240|300
4,B,,12,270,240|300
4,B,,13,270,240|300
4,B,,14,240,240
4,B,,15,240,240
4,B,,16,240,240
4,B,,17,240,240
4,B,,18,240,240
4,B,,19,240,240
4,B,,20,240,240
4,B,,21,240,240
4,B,,22,240,240
4,B,,23,240,240
4,B,,24,240,240
4,B,,25,240,240
4,B,,28,240,240
4,B,,29,240,240
4,B,,32,240,240
4,B,,33,240,240
4,B,,36,240,240
4,B,,37,240,240
4,B,,38,240,240
4,B,,39,240,240
4,B,,40,240,240
4,B,,41,240,240
4,B,,42,240,240
4,B,,43,240,240
4,B,,44,240,240
4,B,,45,240,240
4,B,,46,240,240
4,B,,47,240,240
4,B,,48,240,240
4,B,,49,240,240
4,B,,50,240,240
4,B,,51,240,240
4,B,,52,240,240
4,B,,53,240,240
4,B,,54,240,240
4,B,,55,240,240
4,B,,56,240,240
4,B,,57,240,240
4,B,,58,240,240
4,B,,59,240,240
4,B,,60,240,240
4,B,,61,240,240
4,B,,62,240,240
4,B,,63,240,240
4,B,,64,240,240
4,B,,65,240,240
4,B,,66,240,240
4,B,,67,240,240
4,B,,68,240,240
4,B,,69,240,240
4,B,,70,240,240
4,B,,71,240,240
4,B,,72,240,240
4,B,,76,190,190
4,B,,77,190,190
4,B,,78,245,190|300
4,B,,79,245,190|300
4,B,,80,245,190|300
4,B,,81,245,190|300
4,B,1,,240,240
4,C,,1,270,240|300
4,C,,10,240,240
4,C,,100,240,240
4,C,,101,240,240
4,C,,102,240,240
4,C,,104,300,240|360
4,C,,105,360,360
4,C,,106,240,240
4,C,,11,240,240
4,C,,12,240,240
4,C,,13,240,240
4,C,,17,240,240
4,C,,18,240,240
4,C,,19,240,240
4,C,,2,270,240|300
4,C,,20,240,240
4,C,,21,240,240
4,C,,22,240,240
4,C,,25,240,240
4,C,,26,240,240
4,C,,27,240,240
4,C,,28,240,240
4,C,,29,240,240
4,C,,3,270,240|300
4,C,,34,240,240
4,C,,35,240,240
4,C,,36,240,240
4,C,,4,270,240|300
4,C,,43,240,240
4,C,,44,240,240
4,C,,45,240,240
4,C,,46,240,240
4,C,,49,240,240
4,C,,5,270,240|300
4,C,,50,240,240
4,C,,51,240,240
4,C,,52,240,240
4,C,,53,240,240
4,C,,54,240,240
4,C,,55,240,240
4,C,,56,240,240
4,C,,57,240,240
4,C,,58,240,240
4,C,,59,240,240
4,C,,6,270,240|300
4,C,,60,240,240
4,C,,61,240,240
4,C,,62,240,240
4,C,,63,240,240
4,C,,64,240,240
4,C,,65,240,240
4,C,,66,240,240
4,C,,67,240,240
4,C,,68,240,240
4,C,,69,240,240
4,C,,70,240,240
4,C,,71,240,240
4,C,,72,240,240
4,C,,73,240,240
4,C,,74,240,240
4,C,,75,240,240
4,C,,76,240,240
4,C,,77,240,240
4,C,,78,240,240
4,C,,8,240,240
4,C,,81,240,240
4,C,,82,240,240
4,C,,83,240,240
4,C,,84,240,240
4,C,,85,240,240
4,C,,9,240,240
4,C,,91,240,240
4,C,,92,240,240
4,C,,93,360,360
4,C,,94,240,240
4,C,,97,240,240
4,C,,99,240,240
4,C,1,,270,240|300
4,C,2,,240,240
4,D,,1,420,240|300|720
4,D,,11,480,240|720
4,D,,12,240,240
4,D,,13,240,240
4,D,,14,270,240|300
4,D,,16,480,240|720
4,D,,17,240,240
4,D,,18,240,240
4,D,,2,270,240|300
4,D,,21,480,240|720
4,D,,22,240,240
4,D,,24,240,240
4,D,,26,480,240|720
4,D,,27,240,240
4,D,,29,240,240
4,D,,3,270,240|300
4,D,,30,240,240
4,D,,31,480,240|720
4,D,,32,240,240
4,D,,34,240,240
4,D,,35,240,240
4,D,,36,480,240|720
4,D,,37,240,240
4,D,,38,240,240
4,D,,39,240,240
4,D,,40,240,240
4,D,,41,480,240|720
4,D,,42,240,240
4,D,,43,240,240
4,D,,46,480,240|720
4,D,,47,240,240
4,D,,48,240,240
4,D,,51,480,240|720
4,D,,52,240,240
4,D,,53,240,240
4,D,,56,480,240|720
4,D,,57,240,240
4,D,,58,240,240
4,D,,59,240,240
4,D,,6,480,240|720
4,D,,61,480,240|720
4,D,,62,240,240
4,D,,63,240,240
4,D,,64,240,240
4,D,,66,480,240|720
4,D,,67,240,240
4,D,,68,240,240
4,D,,69,240,240
4,D,,7,240,240
4,D,,71,480,240|720
4,D,,72,240,240
4,D,,73,240,240
4,D,,74,240,240
4,D,,76,480,240|720
4,D,,77,240,240
4,D,,78,240,240
4,D,,79,240,240
4,D,,81,480,240|720
4,D,,82,240,240
4,D,,83,240,240
4,D,,84,240,240
4,D,,86,480,240|720
4,D,,87,240,240
4,D,,88,240,240
4,D,,91,440,240|360|720
4,D,,92,300,240|360
4,D,2,,270,240|300
4,D,3,,240,240
4,D,6,,240,240
4,D,7,,300,240|360
4,E,,81,360,360
4,E,,82,360,360
4,E,,83,360,360
4,E,,84,360,360
4,E,,85,360,360
4,E,,86,360,360
4,E,,87,360,360
4,E,,88,360,360
4,E,,89,360,360
4,E,1,,300,300
4,E,2A,,360,360
4,E,2B,,360,360
4,E,2C,,360,360
4,E,2E,,360,360
5,A,,1,330,300|360
5,A,,10,300,300
5,A,,11,300,300
5,A,,12,300,300
5,A,,13,330,300|360
5,A,,14,300,300
5,A,,15,300,300
5,A,,16,300,300
5,A,,17,300,300
5,A,,18,330,300|360
5,A,,19,330,300|360
5,A,,2,330,300|360
5,A,,20,300,300
5,A,,22,330,300|360
5,A,,23,330,300|360
5,A,,24,360,360
5,A,,25,330,300|360
5,A,,3,330,300|360
5,A,,34,160,160
5,A,,35,160,160
5,A,,36,160,160
5,A,,37,190,190
5,A,,39,160,160
5,A,,4,330,300|360
5,A,,40,160,160
5,A,,41,160,160
5,A,,42,160,160
5,A,,43,160,160
5,A,,44,190,190
5,A,,45,190,190
5,A,,46,190,190
5,A,,48,160,160
5,A,,49,160,160
5,A,,5,330,300|360
5,A,,50,160,160
5,A,,51,160,160
5,A,,52,160,160
5,A,,53,190,190
5,A,,54,190,190
5,A,,55,190,190
5,A,,56,230,160|300
5,A,,57,160,160
5,A,,58,160,160
5,A,,59,160,160
5,A,,6,330,300|360
5,A,,60,160,160
5,A,,61,160,160
5,A,,63,190,190
5,A,,64,190,190
5,A,,65,230,160|300
5,A,,66,160,160
5,A,,67,160,160
5,A,,68,160,160
5,A,,69,160,160
5,A,,7,330,300|360
5,A,,70,160,160
5,A,,71,160,160
5,A,,73,190,190
5,A,,74,190,190
5,A,,75,230,160|300
5,A,,76,160,160
5,A,,77,160,160
5,A,,78,160,160
5,A,,79,160,160
5,A,,80,160,160
5,A,,81,160,160
5,A,,83,190,190
5,A,,84,190,190
5,A,,9,300,300
5,A,1,,330,300|360
5,A,2,,360,360
5,A,4,,190,190
5,A,5,,160,160
5,B,,100,245,190|300
5,B,,101,245,190|300
5,B,,102,190,190
5,B,,103,190,190
5,B,,104,190,190
5,B,,105,190,190
5,B,,106,190,190
5,B,,107,190,190
5,B,,108,190,190
5,B,,109,190,190
5,B,,110,190,190
5,B,,111,190,190
5,B,,112,190,190
5,B,,113,190,190
5,B,,114,245,190|300
5,B,,115,245,190|300
5,B,,116,190,190
5,B,,117,190,190
5,B,,118,190,190
5,B,,119,190,190
5,B,,120,190,190
5,B,,121,190,190
5,B,,122,190,190
5,B,,123,190,190
5,B,,124,190,190
5,B,,125,190,190
5,B,,128,190,190
5,B,,129,190,190
5,B,,13,245,190|300
5,B,,17,245,190|300
5,B,,18,245,190|300
5,B,,19,245,190|300
5,B,,1A,330,300|360
5,B,,1B,330,300|360
5,B,,20,245,190|300
5,B,,21,245,190|300
5,B,,29,190,190
5,B,,3,330,300|360
5,B,,30,245,190|300
5,B,,4,360,360
5,B,,46,245,190|300
5,B,,47,190,190
5,B,,48,190,190
5,B,,49,190,190
5,B,,50,190,190
5,B,,51,190,190
5,B,,52,190,190
5,B,,53,190,190
5,B,,54,190,190
5,B,,55,190,190
5,B,,62,245,190|300
5,B,,63,190,190
5,B,,64,190,190
5,B,,65,190,190
5,B,,67,190,190
5,B,,68,190,190
5,B,,69,190,190
5,B,,70,190,190
5,B,,71A,190,190
5,B,,71B,190,190
5,B,,72,190,190
5,B,,73B,190,190
5,B,,74A,190,190
5,B,,74B,190,190
5,B,,75A,245,190|300
5,B,,75B,245,190|300
5,B,,75C,190,190
5,B,,76C,245,190|300
5,B,,77A,190,190
5,B,,77B,190,190
5,B,,78,190,190
5,B,,79A,245,190|300
5,B,,79B,190,190
5,B,,79C,190,190
5,B,,79D,190,190
5,B,,80B,190,190
5,B,,81,190,190
5,B,,82,190,190
5,B,,83,190,190
5,B,,84,190,190
5,B,,85,190,190
5,B,,86,245,190|300
5,B,,87,245,190|300
5,B,,88,190,190
5,B,,89,190,190
5,B,,90,190,190
5,B,,91,190,190
5,B,,92,190,190
5,B,,93,190,190
5,B,,94,190,190
5,B,,95,190,190
5,B,,96,190,190
5,B,,97,190,190
5,B,,98,190,190
5,B,,99,190,190
5,B,1,,190,190
5,B,2,,300,300
5,B,4,,190,190
5,B,5,,190,190
5,C,,100,190,190
5,C,,101,190,190
5,C,,107,160,160
5,C,,108,160,160
5,C,,109,190,190
5,C,,110,190,190
5,C,,111,190,190
5,C,,117,160,160
5,C,,118,160,160
5,C,,119,190,190
5,C,,120,190,190
5,C,,121,190,190
5,C,,127,160,160
5,C,,128,160,160
5,C,,129,190,190
5,C,,130,190,190
5,C,,131,190,190
5,C,,137,160,160
5,C,,138,160,160
5,C,,139,190,190
5,C,,140,190,190
5,C,,141,190,190
5,C,,142,230,160|300
5,C,,143,160,160
5,C,,144,160,160
5,C,,145,160,160
5,C,,146,160,160
5,C,,147,160,160
5,C,,148,160,160
5,C,,149,160,160
5,C,,150,190,190
5,C,,151,190,190
5,C,,152,190,190
5,C,,153,230,160|300
5,C,,154,160,160
5,C,,155,160,160
5,C,,156,160,160
5,C,,157,160,160
5,C,,158,160,160
5,C,,159,160,160
5,C,,160A,160,160
5,C,,160B,160,160
5,C,,161,190,190
5,C,,162,190,190
5,C,,163,190,190
5,C,,164,230,160|300
5,C,,165,160,160
5,C,,166,160,160
5,C,,167,160,160
5,C,,168,160,160
5,C,,169,160,160
5,C,,170,160,160
5,C,,171,160,160
5,C,,172,190,190
5,C,,173,190,190
5,C,,174,190,190
5,C,,175,230,160|300
5,C,,176,160,160
5,C,,177,160,160
5,C,,178,160,160
5,C,,179,160,160
5,C,,180,160,160
5,C,,181,160,160
5,C,,182,160,160
5,C,,183,160,160
5,C,,184,190,190
5,C,,185,190,190
5,C,,186,190,190
5,C,,187,230,160|300
5,C,,188,160,160
5,C,,189,160,160
5,C,,190,160,160
5,C,,191,160,160
5,C,,192,160,160
5,C,,193,160,160
5,C,,194,160,160
5,C,,195,190,190
5,C,,196,190,190
5,C,,197,190,190
5,C,,87,160,160
5,C,,88,160,160
5,C,,89,190,190
5,C,,90,190,190
5,C,,91,190,190
5,C,,97,160,160
5,C,,98,160,160
5,C,,99,190,190
5,C,1,,160,160
5,C,2,,230,160|300
5,C,3,,160,160
5,D,,198,190,190
5,D,,199,190,190
5,D,,200,190,190
5,D,,201,190,190
5,D,,202,190,190
5,D,,203,190,190
5,D,,204,190,190
5,D,,205,190,190
5,D,,206,245,190|300
5,D,,207,245,190|300
5,D,,208,190,190
5,D,,209,190,190
5,D,,210,190,190
5,D,,211,190,190
5,D,,212,190,190
5,D,,213,190,190
5,D,,214,190,190
5,D,,215,190,190
5,D,,216,190,190
5,D,,217,190,190
5,D,,218,190,190
5,D,,219,245,190|300
5,D,,220,245,190|300
5,D,,221,190,190
5,D,,222,190,190
5,D,,223,190,190
5,D,,224,190,190
5,D,,225,190,190
5,D,,226,190,190
5,D,,227,190,190
5,D,,228,190,190
5,D,,229,190,190
5,D,,230,190,190
5,D,,231,245,190|300
5,D,,232,245,190|300
5,D,,233,190,190
5,D,,234,190,190
5,D,,235,190,190
5,D,,236,190,190
5,D,,237,190,190
5,D,,238,190,190
5,D,,239,190,190
5,D,,240,190,190
5,D,,241,190,190
5,D,,242,190,190
5,D,,243,245,190|300
5,D,,244,300,300
5,D,,245,245,190|300
5,D,,246,190,190
5,D,,247,190,190
5,D,,248,190,190
5,D,,249,190,190
5,D,,250,190,190
5,D,,251,190,190
5,D,,252,190,190
5,D,,253,190,190
5,D,,254,190,190
5,D,,255,190,190
5,D,,256,245,190|300
5,D,,257,245,190|300
5,D,,258,190,190
5,D,,259,190,190
5,D,,260,190,190
5,D,,261,190,190
5,D,,262,190,190
5,D,,263,190,190
5,D,,264,190,190
5,D,,265,190,190
5,D,,266,245,190|300
5,D,,267,245,190|300
5,D,,268,190,190
5,E,,244,70,70
5,E,,247,70,70
5,E,,248,70,70
5,E,,249,70,70
5,E,,250,70,70
5,E,,251,70,70
5,E,,252,70,70
5,E,,259,185,70|300
5,E,,260,230,160|300
5,E,,261,230,160|300
5,E,,262,230,160|300
5,E,,263,160,160
5,E,,264,160,160
5,E,,265,160,160
5,E,,266,160,160
5,E,,267,160,160
5,E,,268,160,160
5,E,,269,160,160
5,E,,270,160,160
5,E,,271,230,160|300
5,E,,272,160,160
5,E,,273,160,160
5,E,,274,160,160
5,E,,275,160,160
5,E,,276,160,160
5,E,,277,160,160
5,E,,278,160,160
5,E,,279,160,160
5,E,,280,160,160
5,E,,281,230,160|300
5,E,,282,160,160
5,E,,283,160,160
5,E,,284,160,160
5,E,,285,160,160
5,E,,286,160,160
5,E,,287,160,160
5,E,,288,160,160
5,E,,289,160,160
5,E,,290,160,160
5,E,,291,300,300
5,E,,292,160,160
5,E,,293,160,160
5,E,,294,160,160
5,E,,295,160,160
5,E,,296,160,160
5,E,,297,160,160
5,E,,298,160,160
5,E,,299,160,160
5,E,,300,230,160|300
5,E,,301,160,160
5,E,,302,160,160
5,E,,303,160,160
5,E,,304,160,160
5,E,,305,160,160
5,E,,306,160,160
5,E,,307,160,160
5,E,,308,230,160|300
5,E,,309,160,160
5,E,,310,160,160
5,E,,311,160,160
5,E,,312,160,160
5,E,,313,160,160
5,E,,314,160,160
5,E,,315,160,160
5,E,,316,230,160|300
5,E,,317,160,160
5,E,,318,160,160
5,E,,319,160,160
5,E,,320,160,160
5,E,,321,160,160
5,E,,322,160,160
5,E,,323,230,160|300
5,E,,324,160,160
5,E,,325,160,160
5,E,,326,160,160
5,E,,327,160,160
5,E,,328,160,160
5,E,,329,160,160
5,E,1,,70,70
5,E,10,,70,70
5,E,11,,70,70
5,E,12,,70,70
5,E,13,,70,70
5,E,14,,70,70
5,E,2,,70,70
5,E,3,,70,70
5,E,4,,70,70
5,E,5,,70,70
5,E,6,,70,70
5,E,7,,70,70
5,E,8,,70,70
5,F,,323,160,160
5,F,,324,160,160
5,F,,325,160,160
5,F,,326,160,160
5,F,,327,160,160
5,F,,328,160,160
5,F,,329A,160,160
5,F,,329B,160,160
5,F,,330,160,160
5,F,,331,230,160|300
5,F,,332,230,160|300
5,F,,337,160,160
5,F,,338,160,160
5,F,,339,160,160
5,F,,340,160,160
5,F,,341,160,160
5,F,,342,230,160|300
5,F,,343A,160,160
5,F,,343B,160,160
5,F,,344,160,160
5,F,,345,160,160
5,F,,346,160,160
5,F,,347,160,160
5,F,,348,160,160
5,F,,349,160,160
5,F,,350,230,160|300
5,F,,351,160,160
5,F,,352,160,160
5,F,,353,160,160
5,F,,354,160,160
5,F,,355,160,160
5,F,,356,160,160
5,F,,357,160,160
5,F,,358,230,160|300
5,F,,359,160,160
5,F,,360,160,160
5,F,,361,160,160
5,F,,362,160,160
5,F,,363,160,160
5,F,,364,160,160
5,F,,365,160,160
5,F,,366,230,160|300
5,F,,367,160,160
5,F,,368,160,160
5,F,,369,160,160
5,F,,370,160,160
5,F,,371,160,160
5,F,,372,160,160
5,F,,373,160,160
5,F,,374,230,160|300
5,F,,375,160,160
5,F,,376,160,160
5,F,,377,160,160
5,F,,378,160,160
5,F,,379,160,160
5,F,,380,160,160
5,F,,381,160,160
5,F,,382,230,160|300
5,F,,383,160,160
5,F,,384,160,160
5,F,,385,160,160
5,F,,386,160,160
5,F,,387,160,160
5,F,,388,160,160
5,F,,389,160,160
5,F,,390,230,160|300
5,F,,391,160,160
5,F,1,,160,160
5,G,,1,190,190
5,G,,10,190,190
5,G,,11,190,190
5,G,,12,190,190
5,G,,16,190,190
5,G,,17,190,190
5,G,,18,190,190
5,G,,19,190,190
5,G,,2,190,190
5,G,,20,245,190|300
5,G,,21,245,190|300
5,G,,22,190,190
5,G,,23,190,190
5,G,,24,190,190
5,G,,25A,190,190
5,G,,25B,190,190
5,G,,26,190,190
5,G,,27,190,190
5,G,,28,190,190
5,G,,29,190,190
5,G,,3,190,190
5,G,,30,190,190
5,G,,31,190,190
5,G,,32,245,190|300
5,G,,33,245,190|300
5,G,,34,190,190
5,G,,35,190,190
5,G,,36,190,190
5,G,,4,190,190
5,G,,41,190,190
5,G,,41A,190,190
5,G,,42,240,240
5,G,,43,240,240
5,G,,44,240,240
5,G,,45,240,240
5,G,,46,270,240|300
5,G,,47,245,190|300
5,G,,48,190,190
5,G,,49,190,190
5,G,,5,190,190
5,G,,50,190,190
5,G,,55,190,190
5,G,,56,240,240
5,G,,57,240,240
5,G,,58,240,240
5,G,,59,240,240
5,G,,6,190,190
5,G,,60,270,240|300
5,G,,61,300,300
5,G,,62,245,190|300
5,G,,63,190,190
5,G,,64,190,190
5,G,,69,190,190
5,G,,7,190,190
5,G,,70,240,240
5,G,,71,240,240
5,G,,72,240,240
5,G,,73,240,240
5,G,,74,240,240
5,G,,75,240,240
5,G,,76,270,240|300
5,G,,77,245,190|300
5,G,,78,190,190
5,G,,79,190,190
5,G,,8,245,190|300
5,G,,9,245,190|300
5,G,1,,190,190
6,A,,1,160,160
6,A,,103,70,70
6,A,,104,70,70
6,A,,105,70,70
6,A,,106,70,70
6,A,,107,70,70
6,A,,108,70,70
6,A,,112,360,360
6,A,,118,70,70
6,A,,119,70,70
6,A,,120,70,70
6,A,,121,70,70
6,A,,122,70,70
6,A,,123,70,70
6,A,,124,70,70
6,A,,133,70,70
6,A,,134,70,70
6,A,,135,70,70
6,A,,136,70,70
6,A,,137,70,70
6,A,,138,70,70
6,A,,139,70,70
6,A,,140,70,70
6,A,,148,70,70
6,A,,149,70,70
6,A,,150,70,70
6,A,,151,70,70
6,A,,152,70,70
6,A,,153,70,70
6,A,,154,70,70
6,A,,155,70,70
6,A,,156,70,70
6,A,,166,70,70
6,A,,167,70,70
6,A,,168,70,70
6,A,,169,70,70
6,A,,170,70,70
6,A,,171,70,70
6,A,,172,70,70
6,A,,173,70,70
6,A,,180,160,160
6,A,,183,70,70
6,A,,184,70,70
6,A,,185,70,70
6,A,,186,70,70
6,A,,187,70,70
6,A,,188,70,70
6,A,,189,70,70
6,A,,190,70,70
6,A,,199,160,160
6,A,,2,160,160
6,A,,201,70,70
6,A,,202,70,70
6,A,,203,70,70
6,A,,204,70,70
6,A,,205,70,70
6,A,,206,70,70
6,A,,207,70,70
6,A,,208,70,70
6,A,,209,70,70
6,A,,210,70,70
6,A,,222,70,70
6,A,,223,70,70
6,A,,224,70,70
6,A,,225,70,70
6,A,,226,70,70
6,A,,227,70,70
6,A,,228,70,70
6,A,,241,70,70
6,A,,242,70,70
6,A,,243,70,70
6,A,,244,70,70
6,A,,245,70,70
6,A,,246,70,70
6,A,,247,70,70
6,A,,25,360,360
6,A,,28,360,360
6,A,,3,160,160
6,A,,31,360,360
6,A,,35,360,360
6,A,,4A,160,160
6,A,,4C,160,160
6,A,,5,160,160
6,A,,7,160,160
6,A,,8,160,160
6,A,1,,207.5,70|160|240|360
6,A,11,,360,360
6,A,12,,160,160
6,A,13,,160,160
6,A,14,,160,160
6,A,2,,70,70
6,A,3,,70,70
6,A,4,,70,70
6,A,5,,240,240
6,A,6,,70,70
6,A,7,,70,70
6,B,,1,160,160
6,B,,10A,160,160
6,B,,11,160,160
6,B,,12A,160,160
6,B,,12B,160,160
6,B,,13,160,160
6,B,,15,160,160
6,B,,16A,160,160
6,B,,16B,160,160
6,B,,17,160,160
6,B,,18,160,160
6,B,,19,160,160
6,B,,2,160,160
6,B,,20A,160,160
6,B,,21,160,160
6,B,,22A,160,160
6,B,,22B,160,160
6,B,,23,160,160
6,B,,24,160,160
6,B,,25,160,160
6,B,,26,160,160
6,B,,27,160,160
6,B,,28,160,160
6,B,,29,160,160
6,B,,3,160,160
6,B,,30,160,160
6,B,,31,160,160
6,B,,32,160,160
6,B,,33,160,160
6,B,,34,160,160
6,B,,35,160,160
6,B,,36,160,160
6,B,,37A,160,160
6,B,,37B,160,160
6,B,,38A,160,160
6,B,,39,160,160
6,B,,4,160,160
6,B,,40,160,160
6,B,,41,160,160
6,B,,42,160,160
6,B,,43A,160,160
6,B,,43C,160,160
6,B,,44,160,160
6,B,,45,160,160
6,B,,46,160,160
6,B,,48,160,160
6,B,,49,160,160
6,B,,50A,160,160
6,B,,50B,160,160
6,B,,51,160,160
6,B,,53,160,160
6,B,,54,160,160
6,B,,55,160,160
6,B,,56,160,160
6,B,,58,160,160
6,B,,5A,160,160
6,B,,60,160,160
6,B,,61,160,160
6,B,,62,160,160
6,B,,63,160,160
6,B,,64,160,160
6,B,,65,160,160
6,B,,68,160,160
6,B,,69,160,160
6,B,,6A,160,160
6,B,,6B,160,160
6,B,,70,160,160
6,B,,71,160,160
6,B,,72,160,160
6,B,,73,160,160
6,B,,7B,160,160
6,B,,8,160,160
6,B,1,,160,160
6,B,1B,,160,160
6,B,2,,160,160
6,B,2B,,160,160
6,B,3,,160,160
6,B,4,,160,160
6,C,,100,160,160
6,C,,101,160,160
6,C,,102,230,160|300
6,C,,15,160,160
6,C,,16,160,160
6,C,,17,160,160
6,C,,18,160,160
6,C,,19,160,160
6,C,,20,190,190
6,C,,20A,190,190
6,C,,21,160,160
6,C,,22,160,160
6,C,,23,160,160
6,C,,24,160,160
6,C,,25,160,160
6,C,,26,245,190|300
6,C,,27,190,190
6,C,,28,160,160
6,C,,29,160,160
6,C,,30,160,160
6,C,,31,160,160
6,C,,33,190,190
6,C,,34,245,190|300
6,C,,35,160,160
6,C,,36,160,160
6,C,,37,160,160
6,C,,38,160,160
6,C,,39,160,160
6,C,,40,160,160
6,C,,41,190,190
6,C,,42,245,190|300
6,C,,43,160,160
6,C,,44,160,160
6,C,,45,160,160
6,C,,46,160,160
6,C,,47,160,160
6,C,,48,160,160
6,C,,49,190,190
6,C,,50,190,190
6,C,,51,245,190|300
6,C,,52,160,160
6,C,,53,160,160
6,C,,54,160,160
6,C,,55,160,160
6,C,,56,160,160
6,C,,57,160,160
6,C,,58,190,190
6,C,,59,190,190
6,C,,60,245,190|300
6,C,,61,160,160
6,C,,62,160,160
6,C,,63,160,160
6,C,,64,160,160
6,C,,65,160,160
6,C,,66,160,160
6,C,,67,160,160
6,C,,68,160,160
6,C,,69,230,160|300
6,C,,70,160,160
6,C,,71,160,160
6,C,,72,160,160
6,C,,73,160,160
6,C,,74,160,160
6,C,,75,160,160
6,C,,76,160,160
6,C,,77,160,160
6,C,,78,160,160
6,C,,79,230,160|300
6,C,,80,160,160
6,C,,80A,160,160
6,C,,81,160,160
6,C,,82,160,160
6,C,,83,160,160
6,C,,84,160,160
6,C,,85,160,160
6,C,,86,160,160
6,C,,87,160,160
6,C,,88,160,160
6,C,,89,230,160|300
6,C,,90,300,300
6,C,,91,160,160
6,C,,92,160,160
6,C,,93,160,160
6,C,,94,160,160
6,C,,95,160,160
6,C,,96,160,160
6,C,,97,160,160
6,C,,98,160,160
6,C,,99,160,160
6,D,,10,190,190
6,D,,100,160,160
6,D,,101,160,160
6,D,,102A,160,160
6,D,,102B,160,160
6,D,,102C,160,160
6,D,,103A,160,160
6,D,,103B,160,160
6,D,,104,160,160
6,D,,105,160,160
6,D,,106,160,160
6,D,,107,160,160
6,D,,108,160,160
6,D,,109,160,160
6,D,,110,160,160
6,D,,111,160,160
6,D,,11A,190,190
6,D,,11B,190,190
6,D,,12,190,190
6,D,,13,190,190
6,D,,14,190,190
6,D,,15,190,190
6,D,,16,190,190
6,D,,17,190,190
6,D,,18,190,190
6,D,,19,190,190
6,D,,28,160,160
6,D,,29,160,160
6,D,,30,160,160
6,D,,31,160,160
6,D,,32,160,160
6,D,,33,190,190
6,D,,34A,190,190
6,D,,35,190,190
6,D,,36,190,190
6,D,,37,190,190
6,D,,38,190,190
6,D,,39,190,190
6,D,,40,190,190
6,D,,41,190,190
6,D,,42,190,190
6,D,,49,160,160
6,D,,5,160,160
6,D,,50,160,160
6,D,,51,160,160
6,D,,52,160,160
6,D,,53,160,160
6,D,,54A,160,160
6,D,,54B,190,190
6,D,,55A,190,190
6,D,,55D,190,190
6,D,,56,190,190
6,D,,57,190,190
6,D,,58,190,190
6,D,,59,190,190
6,D,,6,160,160
6,D,,60,190,190
6,D,,61,190,190
6,D,,62,190,190
6,D,,63,190,190
6,D,,7,160,160
6,D,,71,160,160
6,D,,72,160,160
6,D,,73,160,160
6,D,,74,160,160
6,D,,75,160,160
6,D,,77,160,160
6,D,,78,160,160
6,D,,79,160,160
6,D,,8,160,160
6,D,,80,160,160
6,D,,81,160,160
6,D,,82A,160,160
6,D,,82B,160,160
6,D,,83A,160,160
6,D,,84,160,160
6,D,,85,160,160
6,D,,86A,160,160
6,D,,87A,160,160
6,D,,87B,160,160
6,D,,9,160,160
6,D,,90B,160,160
6,D,,90C,160,160
6,D,,90E,245,190|300
6,D,,90F,160,160
6,D,,91,160,160
6,D,,92,160,160
6,D,,93,160,160
6,D,,94,160,160
6,D,,95,160,160
6,D,,96,160,160
6,D,,97,160,160
6,D,,98,160,160
6,D,,99,160,160
6,D,1,,160,160
6,D,2,,190,190
6,D,4,,175,160|190
6,E,,10,300,300
6,E,,17,300,300
6,E,,18,300,300
6,E,,20,300,300
6,E,,28A,300,300
6,E,,28B,300,300
6,E,,29,300,300
6,E,,30,300,300
6,E,,31,300,300
6,E,,32,270,240|300
6,E,,33,300,300
6,E,,34,300,300
6,E,,35,300,300
6,E,,36,300,300
6,E,,38,300,300
6,E,,39,300,300
6,E,,40,300,300
6,E,,41,270,240|300
6,E,,42,300,300
6,E,,43,300,300
6,E,,45,270,240|300
6,E,,46,300,300
6,E,,47,300,300
6,E,,48,300,300
6,E,,49,300,300
6,E,,50,300,300
6,E,,51,160,160
6,E,,52,160,160
6,E,,53,160,160
6,E,,54,240,240
6,E,,55,240,240
6,E,,56,240,240
6,E,,57,240,240
6,E,,58,240,240
6,E,,60,160,160
6,E,,61,160,160
6,E,,62,160,160
6,E,,63,240,240
6,E,,64,240,240
6,E,,65,240,240
6,E,,66,240,240
6,E,,67,240,240
6,E,,7,300,300
6,E,,71,160,160
6,E,,72,160,160
6,E,,73,240,240
6,E,,75,240,240
6,E,,76,240,240
6,E,,77,240,240
6,E,,79,240,240
6,E,,8,300,300
6,E,,80,240,240
6,E,,9,300,300
6,E,1,,340,240|300|480
6,E,2,,200,160|240
6,E,3,,270,240|300
6,E,4,,300,300
6,E,5,,300,300
6,E,6,,300,300
6,F,,1,270,240|300
6,F,,10,300,300
6,F,,14,190,190
6,F,,15,245,190|300
6,F,,16,300,300
6,F,,17,300,300
6,F,,2,270,240|300
6,F,,28,245,190|300
6,F,,3,300,300
6,F,,31,300,300
6,F,,32,300,300
6,F,,33,300,300
6,F,,34,300,300
6,F,,35,300,300
6,F,,36,300,300
6,F,,37A,245,190|300
6,F,,37B,245,190|300
6,F,,37C,300,300
6,F,,38,300,300
6,F,,4,300,300
6,F,,41,300,300
6,F,,42,300,300
6,F,,43,300,300
6,F,,44,300,300
6,F,,45,300,300
6,F,,46,300,300
6,F,,6,300,300
6,F,,7,300,300
6,F,,8,300,300
6,F,,9,300,300
6,F,1,,300,300
6,F,5,,300,300
6,F,6,,335,190|480
6,F,7,,335,190|480
6,G,,1,160,160
6,G,,10,300,300
6,G,,11A,160,160
6,G,,11B,160,160
6,G,,12A,300,300
6,G,,12B,300,300
6,G,,13A,300,300
6,G,,13B,300,300
6,G,,14A,300,300
6,G,,14B,300,300
6,G,,15,300,300
6,G,,16,300,300
6,G,,17,300,300
6,G,,18,300,300
6,G,,2,300,300
6,G,,20A,300,300
6,G,,20B,300,300
6,G,,21,160,160
6,G,,23B,300,300
6,G,,24A,300,300
6,G,,24B,300,300
6,G,,27,300,300
6,G,,28,300,300
6,G,,29,300,300
6,G,,3,300,300
6,G,,30,300,300
6,G,,31,160,160
6,G,,33A,300,300
6,G,,33B,300,300
6,G,,34A,300,300
6,G,,34B,300,300
6,G,,35,300,300
6,G,,36,300,300
6,G,,37,300,300
6,G,,38,300,300
6,G,,39,300,300
6,G,,40,300,300
6,G,,41,300,300
6,G,,6,300,300
6,G,,7,300,300
6,G,,7B,300,300
6,G,,8,300,300
6,G,,9,300,300
6,G,2,,300,300
6,G,3,,300,300
6,H,,15,270,240|300
6,H,,2,300,300
6,H,,28,270,240|300
6,H,,29,190,190
6,H,,30,190,190
6,H,,31,190,190
6,H,,32,245,190|300
6,H,,3A,270,240|300
6,H,,3B,270,240|300
6,H,,4,270,240|300
6,H,,41,270,240|300
6,H,,42,270,240|300
6,H,,43,300,300
6,H,,44,270,240|300
6,H,,45,300,300
6,H,,46,190,190
6,H,,47,245,190|300
6,H,,5,270,240|300
6,H,,6,270,240|300
6,H,,62,190,190
6,H,,63,245,190|300
6,H,1,,270,240|300
6,H,2,,300,300
6,I,,10,300,300
6,I,,11,300,300
6,I,,12A,160,160
6,I,,12B,160,160
6,I,,13A,160,160
6,I,,14,160,160
6,I,,15,300,300
6,I,,16,300,300
6,I,,17,300,300
6,I,,19,300,300
6,I,,2,390,300|480
6,I,,20A,300,300
6,I,,20B,300,300
6,I,,21,300,300
6,I,,22,300,300
6,I,,23,160,160
6,I,,24,160,160
6,I,,25,160,160
6,I,,3,390,300|480
6,I,,30,300,300
6,I,,31,300,300
6,I,,32,300,300
6,I,,33,300,300
6,I,,4,390,300|480
6,I,,8,390,300|480
6,I,,9,300,300
6,I,1,,360,360
6,I,2,,300,300
6,I,3,,300,300
6,J,,1,300,300
6,J,,10,270,240|300
6,J,,18,300,300
6,J,,19,300,300
6,J,,2,300,300
6,J,,20,330,300|360
6,J,,21,300,300
6,J,,3,300,300
6,J,,30,300,300
6,J,,31A,270,240|300
6,J,,31B,270,240|300
6,J,,39,300,300
6,J,,40,300,300
6,J,,41,330,300|360
6,J,,42,300,300
6,J,,43,300,300
6,J,,47,300,300
6,J,,50,300,300
6,J,,7,300,300
6,J,,9,300,300
6,J,1,,300,300
6,J,2,,240,240
7,A,,10,160,160
7,A,,100,160,160
7,A,,101,200,160|240
7,A,,102,160,160
7,A,,103,200,160|240
7,A,,11,160,160
7,A,,12,160,160
7,A,,13,160,160
7,A,,14,160,160
7,A,,15,160,160
7,A,,16,160,160
7,A,,17,160,160
7,A,,18,160,160
7,A,,19,160,160
7,A,,2,160,160
7,A,,20,160,160
7,A,,22,160,160
7,A,,23,160,160
7,A,,24,160,160
7,A,,25,160,160
7,A,,26,160,160
7,A,,27,160,160
7,A,,28,160,160
7,A,,29,160,160
7,A,,3,200,160|240
7,A,,30,160,160
7,A,,32,160,160
7,A,,33,160,160
7,A,,34,160,160
7,A,,35,160,160
7,A,,36,160,160
7,A,,37,160,160
7,A,,38,160,160
7,A,,39,160,160
7,A,,4,200,160|240
7,A,,40,160,160
7,A,,43,160,160
7,A,,44,160,160
7,A,,45,160,160
7,A,,46,160,160
7,A,,47,160,160
7,A,,49A,160,160
7,A,,49B,160,160
7,A,,50,160,160
7,A,,52,160,160
7,A,,53,160,160
7,A,,54,160,160
7,A,,56,160,160
7,A,,57,160,160
7,A,,59A,160,160
7,A,,59B,160,160
7,A,,5A,200,160|240
7,A,,5B,200,160|240
7,A,,6,200,160|240
7,A,,60,160,160
7,A,,62,160,160
7,A,,63,160,160
7,A,,64,160,160
7,A,,65,160,160
7,A,,66,160,160
7,A,,67,160,160
7,A,,7,200,160|240
7,A,,72,160,160
7,A,,73,160,160
7,A,,74,160,160
7,A,,75,160,160
7,A,,76,160,160
7,A,,77,160,160
7,A,,78,160,160
7,A,,79,160,160
7,A,,8,200,160|240
7,A,,83,160,160
7,A,,84,160,160
7,A,,85,160,160
7,A,,86,160,160
7,A,,87,160,160
7,A,,88,160,160
7,A,,89,160,160
7,A,,93,160,160
7,A,,94A,200,160|240
7,A,,94B,160,160
7,A,,95,160,160
7,A,,96,160,160
7,A,,97,160,160
7,A,,98,160,160
7,A,,98A,200,160|240
7,A,,98B,160,160
7,A,,98C,200,160|240
7,A,,99,160,160
7,A,1,,200,160|240
7,A,2,,160,160
7,A,3,,160,160
7,B,,1,160,160
7,B,,11B,160,160
7,B,,11C,160,160
7,B,,12,160,160
7,B,,13,160,160
7,B,,18A,160,160
7,B,,18B,160,160
7,B,,19,160,160
7,B,,2,160,160
7,B,,20,160,160
7,B,,24,160,160
7,B,,25,160,160
7,B,,26,160,160
7,B,,27,160,160
7,B,,30,160,160
7,B,,31,160,160
7,B,,32,160,160
7,B,,33,160,160
7,B,,36A,160,160
7,B,,36B,160,160
7,B,,37,160,160
7,B,,38,160,160
7,B,,39,160,160
7,B,,49,160,160
7,B,,50,160,160
7,B,,51,160,160
7,B,,52,160,160
7,B,,56,160,160
7,B,,57,160,160
7,B,,58A,160,160
7,B,,59,300,300
7,B,,61A,160,160
7,B,,61B,160,160
7,B,,62A,160,160
7,B,,62B,160,160
7,B,,64,300,300
7,B,,65,300,300
7,B,,66,300,300
7,B,,67,230,160|300
7,B,,68,300,300
7,B,,7,160,160
7,B,,71,160,160
7,B,,72,160,160
7,B,,74,160,160
7,B,,75,160,160
7,B,,76,160,160
7,B,,79,230,160|300
7,B,,8,160,160
7,B,,80,300,300
7,B,,81,300,300
7,B,,82,300,300
7,B,,83,390,300|480
7,B,1,,160,160
7,B,2,,176.67,70|160|300
7,C,,1,230,160|300
7,C,,10,160,160
7,C,,11,190,190
7,C,,12,190,190
7,C,,13,190,190
7,C,,14,300,300
7,C,,15,300,300
7,C,,16,480,480
7,C,,19,480,480
7,C,,2,245,190|300
7,C,,20,300,300
7,C,,21,300,300
7,C,,22,480,480
7,C,,26,300,300
7,C,,27,300,300
7,C,,32,300,300
7,C,,33,300,300
7,C,,38,300,300
7,C,,39,300,300
7,C,,3A,300,300
7,C,,3B,245,190|300
7,C,,3C,190,190
7,C,,3D,190,190
7,C,,44,300,300
7,C,,49,360,360
7,C,,4A,190,190
7,C,,4B,190,190
7,C,,50,360,360
7,C,,51,300,300
7,C,,52,300,300
7,C,,53,300,300
7,C,,58,300,300
7,C,,59,300,300
7,C,,5A,270,240|300
7,C,,5B,270,240|300
7,C,,5C,240,240
7,C,,5D,240,240
7,C,,5E,240,240
7,C,,68,300,300
7,C,,69,300,300
7,C,,7,190,190
7,C,,74,300,300
7,C,,75,300,300
7,C,,76,390,300|480
7,C,,77,480,480
7,C,,8,190,190
7,C,,80,300,300
7,C,,81,300,300
7,C,,83,300,300
7,C,,84,300,300
7,C,,86,300,300
7,C,,87,300,300
7,C,,88,390,300|480
7,C,,9,190,190
7,C,,91,300,300
7,C,,92,300,300
7,C,,93,480,480
7,C,,9A,215,190|240
7,C,,9D,215,190|240
7,C,,9G,240,240
7,C,1,,390,300|480
7,C,2,,300,300
7,C,3,,390,300|480
7,D,,1,300,300
7,D,,10,300,300
7,D,,100,300,300
7,D,,101,300,300
7,D,,102,330,300|360
7,D,,103,360,360
7,D,,105,330,300|360
7,D,,106,300,300
7,D,,107,300,300
7,D,,108,360,360
7,D,,109,360,360
7,D,,11,300,300
7,D,,111,360,360
7,D,,112,330,300|360
7,D,,113,300,300
7,D,,114,300,300
7,D,,117,360,360
7,D,,118,300,300
7,D,,119,300,300
7,D,,12,300,300
7,D,,120,330,300|360
7,D,,121,360,360
7,D,,122,360,360
7,D,,123,360,360
7,D,,124,330,300|360
7,D,,125,300,300
7,D,,126,300,300
7,D,,127,330,300|360
7,D,,128,360,360
7,D,,129,330,300|360
7,D,,13,300,300
7,D,,130,540,360|720
7,D,,131,540,360|720
7,D,,132,330,300|360
7,D,,133,460,300|360|720
7,D,,14,360,360
7,D,,15,330,300|360
7,D,,17,300,300
7,D,,18,300,300
7,D,,19,300,300
7,D,,2,300,300
7,D,,20,300,300
7,D,,21,300,300
7,D,,22,360,360
7,D,,25,300,300
7,D,,26,300,300
7,D,,27,300,300
7,D,,28,300,300
7,D,,29,360,360
7,D,,30,360,360
7,D,,31,330,300|360
7,D,,33,300,300
7,D,,34,300,300
7,D,,35,300,300
7,D,,36,300,300
7,D,,37,360,360
7,D,,38,360,360
7,D,,39,330,300|360
7,D,,3A,300,300
7,D,,3B,300,300
7,D,,4,300,300
7,D,,41,300,300
7,D,,42,300,300
7,D,,43,330,300|360
7,D,,44,360,360
7,D,,45,360,360
7,D,,46,360,360
7,D,,47,330,300|360
7,D,,49,300,300
7,D,,5,300,300
7,D,,50,300,300
7,D,,51,330,300|360
7,D,,54,360,360
7,D,,55,330,300|360
7,D,,57,300,300
7,D,,58,300,300
7,D,,6,300,300
7,D,,65,300,300
7,D,,66,300,300
7,D,,67,330,300|360
7,D,,68,360,360
7,D,,7,300,300
7,D,,70,360,360
7,D,,71,330,300|360
7,D,,72,300,300
7,D,,73,300,300
7,D,,74,300,300
7,D,,75,360,360
7,D,,77,360,360
7,D,,78,330,300|360
7,D,,79,300,300
7,D,,8,300,300
7,D,,80,300,300
7,D,,81,330,300|360
7,D,,82,360,360
7,D,,83,360,360
7,D,,84,330,300|360
7,D,,86,300,300
7,D,,87,300,300
7,D,,88,330,300|360
7,D,,89,360,360
7,D,,9,300,300
7,D,,93,300,300
7,D,,94,300,300
7,D,,95,360,360
7,D,,96,360,360
7,D,,98,360,360
7,D,,99,330,300|360
7,D,2,,360,360
7,D,3,,330,300|360
7,E,,102,300,300
7,E,,103,300,300
7,E,,105,300,300
7,E,,106,240,240
7,E,,109,300,300
7,E,,110,300,300
7,E,,113,240,240
7,E,,116,300,300
7,E,,117,300,300
7,E,,120,240,240
7,E,,123,300,300
7,E,,127,240,240
7,E,,130,300,300
7,E,,131,300,300
7,E,,132,300,300
7,E,,134,360,240|480
7,E,,137,300,300
7,E,,138,390,300|480
7,E,,139,300,300
7,E,,140,300,300
7,E,,141,390,300|480
7,E,,143,390,300|480
7,E,,15,270,240|300
7,E,,18,240,240
7,E,,1A,240,240
7,E,,22,240,240
7,E,,25,240,240
7,E,,26,240,240
7,E,,27,240,240
7,E,,29,240,240
7,E,,32,240,240
7,E,,33,240,240
7,E,,34,240,240
7,E,,36,240,240
7,E,,39,240,240
7,E,,40,240,240
7,E,,41,240,240
7,E,,43,240,240
7,E,,46,240,240
7,E,,47,160,160
7,E,,48,240,240
7,E,,50,240,240
7,E,,53,160,160
7,E,,54,160,160
7,E,,55,240,240
7,E,,57,240,240
7,E,,6,240,240
7,E,,60,160,160
7,E,,61,160,160
7,E,,62,270,240|300
7,E,,64,240,240
7,E,,67,160,160
7,E,,68,160,160
7,E,,69,240,240
7,E,,7,270,240|300
7,E,,76,240,240
7,E,,77,240,240
7,E,,91,270,240|300
7,E,,92,240,240
7,E,,95,270,240|300
7,E,,96,270,240|300
7,E,,98,300,300
7,E,,99,240,240
7,E,1,,295,160|240|300|480
7,F,,10,240,240
7,F,,11A,240,240
7,F,,11B,240,240
7,F,,11C,240,240
7,F,,12,240,240
7,F,,13,240,240
7,F,,14,240,240
7,F,,15,240,240
7,F,,16,240,240
7,F,,17,240,240
7,F,,18,240,240
7,F,,19,240,240
7,F,,20B,240,240
7,F,,21,240,240
7,F,,23,240,240
7,F,,24,240,240
7,F,,26A,270,240|300
7,F,,27,270,240|300
7,F,,28,270,240|300
7,F,,29,270,240|300
7,F,,2B,240,240
7,F,,2C,240,240
7,F,,2D,240,240
7,F,,2E,240,240
7,F,,2F,240,240
7,F,,3,240,240
7,F,,30A,300,300
7,F,,30B,300,300
7,F,,31,300,300
7,F,,32,300,300
7,F,,33,300,300
7,F,,34,300,300
7,F,,34A,300,300
7,F,,35,300,300
7,F,,36,300,300
7,F,,38,300,300
7,F,,39,300,300
7,F,,3B,240,240
7,F,,4,240,240
7,F,,40,300,300
7,F,,41,300,300
7,F,,42,300,300
7,F,,43,300,300
7,F,,44,390,300|480
7,F,,44A,300,300
7,F,,45,390,300|480
7,F,,47,300,300
7,F,,5,240,240
7,F,,6,240,240
7,F,,7,240,240
7,F,,8B,240,240
7,F,,8C,240,240
7,F,,9,240,240
7,F,1,,240,240
7,F,3,,240,240
7,F,4,,240,240
7,F,6,,380,300|360|480
7,G,,1,300,300
7,G,,10,300,300
7,G,,11,300,300
7,G,,12,300,300
7,G,,13,300,300
7,G,,14,300,300
7,G,,15,300,300
7,G,,16,300,300
7,G,,17,300,300
7,G,,18,270,240|300
7,G,,19,300,300
7,G,,2,300,300
7,G,,20,300,300
7,G,,21,300,300
7,G,,22,300,300
7,G,,23,270,240|300
7,G,,24,300,300
7,G,,26,300,300
7,G,,27,300,300
7,G,,29,270,240|300
7,G,,3,300,300
7,G,,30,270,240|300
7,G,,31,270,240|300
7,G,,32,270,240|300
7,G,,33,300,300
7,G,,4,300,300
7,G,,41,270,240|300
7,G,,42,270,240|300
7,G,,45,300,300
7,G,,46,300,300
7,G,,47,300,300
7,G,,5,300,300
7,G,,51,300,300
7,G,,52,300,300
7,G,,6,300,300
7,G,,8,300,300
7,G,,9,300,300
7,G,1,,300,300
7,G,2,,270,240|300
7,H,,1,390,300|480
7,H,,12,540,360|720
7,H,,13,540,360|720
7,H,,14,540,360|720
7,H,,15,540,360|720
7,H,,16,390,300|480
7,H,,17,300,300
7,H,,18,300,300
7,H,,2,300,300
7,H,,27,390,300|480
7,H,,28,300,300
7,H,,29,300,300
7,H,,3,300,300
7,H,,43,300,300
7,H,,58,300,300
7,H,,59A,300,300
7,H,,59B,300,300
7,H,,74,270,240|300
7,H,,75,270,240|300
7,H,,76,270,240|300
7,H,,77,300,300
7,H,,84,300,300
7,H,,85,300,300
7,H,,86,270,240|300
7,H,,90,300,300
7,H,,96,270,240|300
7,H,1,,390,300|480
7,H,2,,360,360
7,H,3,,480,240|720
7,H,4,,300,300
7,H,5,,270,240|300
7,H,6,,300,300
7,H,7,,300,300
8,A,,10,240,240
8,A,,102,390,300|480
8,A,,20,240,240
8,A,,25,720,720
8,A,,26,720,720
8,A,,27,720,720
8,A,,28,300,240|360
8,A,,29,720,720
8,A,,31,240,240
8,A,,36,720,720
8,A,,37,720,720
8,A,,38,720,720
8,A,,50,240,240
8,A,,51,360,360
8,A,,52,360,360
8,A,,60,480,480
8,A,,61A,360,360
8,A,,61C,420,360|480
8,A,,62,300,300
8,A,,63,420,360|480
8,A,,64,420,360|480
8,A,,65,390,300|480
8,A,,66,380,300|360|480
8,A,,68,380,300|360|480
8,A,,70,480,480
8,A,,72,480,480
8,A,,75,480,480
8,A,,86,480,480
8,A,,87,390,300|480
8,A,,9,300,240|360
8,A,,93,390,300|480
8,A,,94,390,300|480
8,A,,95,390,300|480
8,A,,98,390,300|480
8,A,1,,190,190
8,A,10,,720,720
8,A,11,,720,720
8,A,13,,240,240
8,A,14,,360,360
8,A,15,,480,480
8,A,2,,240,240
8,A,3,,240,240
8,A,4,,720,720
8,A,6,,480,480
8,A,8,,390,300|480
8,A,9,,300,240|300|360
8,B,,100,420,360|480
8,B,,101,420,360|480
8,B,,102,480,480
8,B,,22,300,300
8,B,,23,300,300
8,B,,24,300,300
8,B,,25,300,300
8,B,,27,330,300|360
8,B,,28,330,300|360
8,B,,29,330,300|360
8,B,,30,330,300|360
8,B,,32A,330,300|360
8,B,,32B,360,360
8,B,,33,330,300|360
8,B,,34,300,300
8,B,,35,300,300
8,B,,36,360,360
8,B,,37,360,360
8,B,,38,360,360
8,B,,39,360,360
8,B,,42,360,360
8,B,,43,300,300
8,B,,44,300,300
8,B,,46,300,300
8,B,,47,330,300|360
8,B,,48,360,360
8,B,,49A,360,360
8,B,,49B,360,360
8,B,,50,360,360
8,B,,51,360,360
8,B,,52,360,360
8,B,,53,360,360
8,B,,54,360,360
8,B,,55,300,300
8,B,,56,300,300
8,B,,57,300,300
8,B,,58,300,300
8,B,,60,300,300
8,B,,61,300,300
8,B,,63,300,300
8,B,,67,360,360
8,B,,70,360,360
8,B,,71,360,360
8,B,,72,300,300
8,B,,73,300,300
8,B,,74,300,300
8,B,,75,300,300
8,B,,77,300,300
8,B,,78,360,360
8,B,,79,360,360
8,B,,80,360,360
8,B,,81,360,360
8,B,,82,360,360
8,B,,83,360,360
8,B,,84,360,360
8,B,,85,360,360
8,B,,86,300,300
8,B,,87,360,360
8,B,,88,300,300
8,B,,89,300,300
8,B,,91,360,360
8,B,,92,300,300
8,B,,93,300,300
8,B,,95,390,300|480
8,B,,96,390,300|480
8,B,,97,420,360|480
8,B,,99,420,360|480
8,B,1,,300,300
8,B,10,,360,360
8,B,5,,300,300
8,B,8,,360,360
8,B,9,,300,300
8,C,,100,70,70
8,C,,101,160,160
8,C,,103,70,70
8,C,,104,70,70
8,C,,105,70,70
8,C,,106,160,160
8,C,,109,70,70
8,C,,112,70,70
8,C,,113,160,160
8,C,,114,70,70
8,C,,116,70,70
8,C,,117,70,70
8,C,,118,160,160
8,C,,119,70,70
8,C,,120,70,70
8,C,,121,70,70
8,C,,122,160,160
8,C,,123,70,70
8,C,,124,70,70
8,C,,125,70,70
8,C,,126,160,160
8,C,,127,70,70
8,C,,128,70,70
8,C,,129,70,70
8,C,,130,160,160
8,C,,131,70,70
8,C,,132,70,70
8,C,,133,70,70
8,C,,134,160,160
8,C,,135,130,70|190
8,C,,136,130,70|190
8,C,,137,130,70|190
8,C,,138,200,160|240
8,C,,80,390,300|480
8,C,,81,360,240|480
8,C,,82,240,240
8,C,,83,340,240|300|480
8,C,,84,240,240
8,C,,87,160,160
8,C,,88,160,160
8,C,,89,240,240
8,C,,91,160,160
8,C,,92,160,160
8,C,,93,240,240
8,C,,95,70,70
8,C,,96,70,70
8,C,,97,160,160
8,C,,99,70,70
8,C,1,,203.33,70|240|300
8,C,2,,70,70
8,C,3,,70,70
8,D,,100,190,190
8,D,,101,190,190
8,D,,102,190,190
8,D,,103,190,190
8,D,,104,190,190
8,D,,105,190,190
8,D,,106,190,190
8,D,,107,190,190
8,D,,108,190,190
8,D,,109,190,190
8,D,,110,190,190
8,D,,111,190,190
8,D,,112,190,190
8,D,,113,190,190
8,D,,114,190,190
8,D,,115,190,190
8,D,,116,190,190
8,D,,117,190,190
8,D,,118,190,190
8,D,,119,190,190
8,D,,120,190,190
8,D,,121,190,190
8,D,,122,190,190
8,D,,123,190,190
8,D,,124,190,190
8,D,,125,190,190
8,D,,126,190,190
8,D,,127,190,190
8,D,,128,190,190
8,D,,129,190,190
8,D,,130,190,190
8,D,,131,190,190
8,D,,132,190,190
8,D,,133,190,190
8,D,,134,190,190
8,D,,135,190,190
8,D,,136,190,190
8,D,,137,190,190
8,D,,138,160,160
8,D,,139,160,160
8,D,,140,160,160
8,D,,141,160,160
8,D,,142,160,160
8,D,,143,160,160
8,D,,144,160,160
8,D,,145,160,160
8,D,,146,160,160
8,D,,147,160,160
8,D,,148,160,160
8,D,,149,160,160
8,D,,150,160,160
8,D,,151,160,160
8,D,,152,160,160
8,D,,153,160,160
8,D,,154,160,160
8,D,,155,160,160
8,D,,157,160,160
8,D,,158,160,160
8,D,,159,160,160
8,D,,160,160,160
8,D,,161,160,160
8,D,,162A,160,160
8,D,,162B,200,160|240
8,D,,163,200,160|240
8,D,,164,200,160|240
8,D,,165,200,160|240
8,D,,166,200,160|240
8,D,,167,160,160
8,D,,168,160,160
8,D,,84,390,300|480
8,D,,85,390,300|480
8,D,,86,390,300|480
8,D,,87,390,300|480
8,D,,88A,390,300|480
8,D,,88B,390,300|480
8,D,,89,300,300
8,D,,90,300,300
8,D,,91,300,300
8,D,,92,300,300
8,D,,93,300,300
8,D,,94,300,300
8,D,,95,300,300
8,D,,96,190,190
8,D,,97,190,190
8,D,,98,190,190
8,D,,99,190,190
8,D,3,,160,160
8,E,,113,240,240
8,E,,163,390,300|480
8,E,,165,390,300|480
8,E,,166,390,300|480
8,E,,169,390,300|480
8,E,,170,300,300
8,E,,171,300,300
8,E,,174,300,300
8,E,,175,300,300
8,E,,176,300,300
8,E,,179,300,300
8,E,,180,300,300
8,E,,181,300,300
8,E,,182,300,300
8,E,,183,300,300
8,E,,184,300,300
8,E,,187,190,190
8,E,,188,190,190
8,E,,189,300,300
8,E,,190,300,300
8,E,,193,190,190
8,E,,194,190,190
8,E,,199,190,190
8,E,,200,190,190
8,E,,203,190,190
8,E,,204,190,190
8,E,,205,190,190
8,E,,206,190,190
8,E,,209,190,190
8,E,,210,190,190
8,E,,211,190,190
8,E,,212,190,190
8,E,,215,190,190
8,E,,216,190,190
8,E,,221,190,190
8,E,,222,190,190
8,E,,227,160,160
8,E,,233,160,160
8,E,,234,160,160
8,E,,239,160,160
8,E,,240,160,160
8,E,,251,160,160
8,E,,252,160,160
8,E,1,,245,190|300
8,E,2,,160,160
8,E,3,,160,160
8,E,4,,293.33,160|240|480
8,E,5,,160,160
8,E,6,,160,160
8,E,8,,240,240
