radio_id,fraccion,zona,poblacion,nbi_pct,relacion_osm,asignado_por,fuente_limites,fuente_datos
067560101,10,Beccar,653,3.97,1770851,contiene,"OpenStreetMap, relaciones administrativas de localidad (no es fuente oficial)","INDEC, Censo Nacional de Poblacion, Hogares y Viviendas 2022, procesado con Redatam 7"
067560102,10,Beccar,469,1.23,1770851,contiene,"OpenStreetMap, relaciones administrativas de localidad (no es fuente oficial)","INDEC, Censo Nacional de Poblacion, Hogares y Viviendas 2022, procesado con Redatam 7"
067560103,10,Beccar,709,5.33,1770851,contiene,"OpenStreetMap, relaciones administrativas de localidad (no es fuente oficial)","INDEC, Censo Nacional de Poblacion, Hogares y Viviendas 2022, procesado con Redatam 7"
067560104,10,Beccar,1092,1.87,1770851,contiene,"OpenStreetMap, relaciones administrativas de localidad (no es fuente oficial)","INDEC, Censo Nacional de Poblacion, Hogares y Viviendas 2022, procesado con Redatam 7"
067560105,10,Beccar,1172,1.98,1770851,contiene,"OpenStreetMap, relaciones administrativas de localidad (no es fuente oficial)","INDEC, Censo Nacional de Poblacion, Hogares y Viviendas 2022, procesado con Redatam 7"
067560106,10,Beccar,1054,1.69,1770851,contiene,"OpenStreetMap, relaciones administrativas de localidad (no es fuente oficial)","INDEC, Censo Nacional de Poblacion, Hogares y Viviendas 2022, procesado con Redatam 7"
067560107,10,Beccar,858,0.34,1770851,contiene,"OpenStreetMap, relaciones administrativas de localidad (no es fuente oficial)","INDEC, Censo Nacional de Poblacion, Hogares y Viviendas 2022, procesado con Redatam 7"
067560108,10,Beccar,750,0.0,1770851,contiene,"OpenStreetMap, relaciones administrativas de localidad (no es fuente oficial)","INDEC, Censo Nacional de Poblacion, Hogares y Viviendas 2022, procesado con Redatam 7"
067560109,10,Beccar,621,3.05,1770851,contiene,"OpenStreetMap, relaciones administrativas de localidad (no es fuente oficial)","INDEC, Censo Nacional de Poblacion, Hogares y Viviendas 2022, procesado con Redatam 7"
067560110,11,Beccar,854,2.69,1770851,contiene,"OpenStreetMap, relaciones administrativas de localidad (no es fuente oficial)","INDEC, Censo Nacional de Poblacion, Hogares y Viviendas 2022, procesado con Redatam 7"
067560201,20,San Isidro,756,0.69,1877221,contiene,"OpenStreetMap, relaciones administrativas de localidad (no es fuente oficial)","INDEC, Censo Nacional de Poblacion, Hogares y Viviendas 2022, procesado con Redatam 7"
067560202,20,San Isidro,836,1.41,1877221,contiene,"OpenStreetMap, relaciones administrativas de localidad (no es fuente oficial)","INDEC, Censo Nacional de Poblacion, Hogares y Viviendas 2022, procesado con Redatam 7"
067560203,20,San Isidro,1103,4.28,1877221,contiene,"OpenStreetMap, relaciones administrativas de localidad (no es fuente oficial)","INDEC, Censo Nacional de Poblacion, Hogares y Viviendas 2022, procesado con Redatam 7"
067560204,20,San Isidro,943,6.39,1877221,contiene,"OpenStreetMap, relaciones administrativas de localidad (no es fuente oficial)","INDEC, Censo Nacional de Poblacion, Hogares y Viviendas 2022, procesado con Redatam 7"
067560205,20,San Isidro,1284,11.81,1877221,contiene,"OpenStreetMap, relaciones administrativas de localidad (no es fuente oficial)","INDEC, Censo Nacional de Poblacion, Hogares y Viviendas 2022, procesado con Redatam 7"
067560206,20,San Isidro,798,2.36,1877221,contiene,"OpenStreetMap, relaciones administrativas de localidad (no es fuente oficial)","INDEC, Censo Nacional de Poblacion, Hogares y Viviendas 2022, procesado con Redatam 7"
067560207,20,San Isidro,660,0.41,1877221,contiene,"OpenStreetMap, relaciones administrativas de localidad (no es fuente oficial)","INDEC, Censo Nacional de Poblacion, Hogares y Viviendas 2022, procesado con Redatam 7"
067560208,20,San Isidro,697,1.15,1877221,contiene,"OpenStreetMap, relaciones administrativas de localidad (no es fuente oficial)","INDEC, Censo Nacional de Poblacion, Hogares y Viviendas 2022, procesado con Redatam 7"
067560209,20,San Isidro,533,0.3,1877221,contiene,"OpenStreetMap, relaciones administrativas de localidad (no es fuente oficial)","INDEC, Censo Nacional de Poblacion, Hogares y Viviendas 2022, procesado con Redatam 7"
067560210,21,San Isidro,487,1.08,1877221,contiene,"OpenStreetMap, relaciones administrativas de localidad (no es fuente oficial)","INDEC, Censo Nacional de Poblacion, Hogares y Viviendas 2022, procesado con Redatam 7"
067560301,30,San Isidro,467,0.0,1877221,contiene,"OpenStreetMap, relaciones administrativas de localidad (no es fuente oficial)","INDEC, Censo Nacional de Poblacion, Hogares y Viviendas 2022, procesado con Redatam 7"
067560302,30,San Isidro,383,0.52,1877221,contiene,"OpenStreetMap, relaciones administrativas de localidad (no es fuente oficial)","INDEC, Censo Nacional de Poblacion, Hogares y Viviendas 2022, procesado con Redatam 7"
067560303,30,San Isidro,448,2.19,1877221,contiene,"OpenStreetMap, relaciones administrativas de localidad (no es fuente oficial)","INDEC, Censo Nacional de Poblacion, Hogares y Viviendas 2022, procesado con Redatam 7"
067560304,30,San Isidro,550,1.08,1877221,contiene,"OpenStreetMap, relaciones administrativas de localidad (no es fuente oficial)","INDEC, Censo Nacional de Poblacion, Hogares y Viviendas 2022, procesado con Redatam 7"
067560305,30,San Isidro,370,0.52,1877221,contiene,"OpenStreetMap, relaciones administrativas de localidad (no es fuente oficial)","INDEC, Censo Nacional de Poblacion, Hogares y Viviendas 2022, procesado con Redatam 7"
067560306,30,San Isidro,324,0.0,1877221,contiene,"OpenStreetMap, relaciones administrativas de localidad (no es fuente oficial)","INDEC, Censo Nacional de Poblacion, Hogares y Viviendas 2022, procesado con Redatam 7"
067560307,30,San Isidro,850,2.99,1877221,contiene,"OpenStreetMap, relaciones administrativas de localidad (no es fuente oficial)","INDEC, Censo Nacional de Poblacion, Hogares y Viviendas 2022, procesado con Redatam 7"
067560308,30,San Isidro,177,1.16,1877221,contiene,"OpenStreetMap, relaciones administrativas de localidad (no es fuente oficial)","INDEC, Censo Nacional de Poblacion, Hogares y Viviendas 2022, procesado con Redatam 7"
067560309,30,San Isidro,400,0.87,1877221,contiene,"OpenStreetMap, relaciones administrativas de localidad (no es fuente oficial)","INDEC, Censo Nacional de Poblacion, Hogares y Viviendas 2022, procesado con Redatam 7"
067560310,31,San Isidro,591,0.32,1877221,contiene,"OpenStreetMap, relaciones administrativas de localidad (no es fuente oficial)","INDEC, Censo Nacional de Poblacion, Hogares y Viviendas 2022, procesado con Redatam 7"
067560311,31,San Isidro,438,0.43,1877221,contiene,"OpenStreetMap, relaciones administrativas de localidad (no es fuente oficial)","INDEC, Censo Nacional de Poblacion, Hogares y Viviendas 2022, procesado con Redatam 7"
067560312,31,San Isidro,143,0.0,1877221,contiene,"OpenStreetMap, relaciones administrativas de localidad (no es fuente oficial)","INDEC, Censo Nacional de Poblacion, Hogares y Viviendas 2022, procesado con Redatam 7"
067560401,40,Acassuso,754,1.72,1877206,contiene,"OpenStreetMap, relaciones administrativas de localidad (no es fuente oficial)","INDEC, Censo Nacional de Poblacion, Hogares y Viviendas 2022, procesado con Redatam 7"
067560402,40,Acassuso,852,0.61,1877206,contiene,"OpenStreetMap, relaciones administrativas de localidad (no es fuente oficial)","INDEC, Censo Nacional de Poblacion, Hogares y Viviendas 2022, procesado con Redatam 7"
067560403,40,Acassuso,836,0.63,1877206,contiene,"OpenStreetMap, relaciones administrativas de localidad (no es fuente oficial)","INDEC, Censo Nacional de Poblacion, Hogares y Viviendas 2022, procesado con Redatam 7"
067560404,40,Acassuso,969,0.76,1877206,contiene,"OpenStreetMap, relaciones administrativas de localidad (no es fuente oficial)","INDEC, Censo Nacional de Poblacion, Hogares y Viviendas 2022, procesado con Redatam 7"
067560405,40,Acassuso,1047,0.54,1877206,contiene,"OpenStreetMap, relaciones administrativas de localidad (no es fuente oficial)","INDEC, Censo Nacional de Poblacion, Hogares y Viviendas 2022, procesado con Redatam 7"
067560406,40,Acassuso,632,1.74,1877206,contiene,"OpenStreetMap, relaciones administrativas de localidad (no es fuente oficial)","INDEC, Censo Nacional de Poblacion, Hogares y Viviendas 2022, procesado con Redatam 7"
067560407,40,Acassuso,895,0.0,1877206,contiene,"OpenStreetMap, relaciones administrativas de localidad (no es fuente oficial)","INDEC, Censo Nacional de Poblacion, Hogares y Viviendas 2022, procesado con Redatam 7"
067560408,40,Acassuso,523,0.88,1877206,contiene,"OpenStreetMap, relaciones administrativas de localidad (no es fuente oficial)","INDEC, Censo Nacional de Poblacion, Hogares y Viviendas 2022, procesado con Redatam 7"
067560501,50,Martinez,826,1.63,1770849,contiene,"OpenStreetMap, relaciones administrativas de localidad (no es fuente oficial)","INDEC, Censo Nacional de Poblacion, Hogares y Viviendas 2022, procesado con Redatam 7"
067560502,50,Martinez,1000,1.04,1770849,contiene,"OpenStreetMap, relaciones administrativas de localidad (no es fuente oficial)","INDEC, Censo Nacional de Poblacion, Hogares y Viviendas 2022, procesado con Redatam 7"
067560503,50,Martinez,666,0.0,1770849,contiene,"OpenStreetMap, relaciones administrativas de localidad (no es fuente oficial)","INDEC, Censo Nacional de Poblacion, Hogares y Viviendas 2022, procesado con Redatam 7"
067560504,50,Martinez,1018,0.28,1770849,contiene,"OpenStreetMap, relaciones administrativas de localidad (no es fuente oficial)","INDEC, Censo Nacional de Poblacion, Hogares y Viviendas 2022, procesado con Redatam 7"
067560505,50,Martinez,759,0.0,1770849,contiene,"OpenStreetMap, relaciones administrativas de localidad (no es fuente oficial)","INDEC, Censo Nacional de Poblacion, Hogares y Viviendas 2022, procesado con Redatam 7"
067560506,50,Martinez,741,1.1,1770849,contiene,"OpenStreetMap, relaciones administrativas de localidad (no es fuente oficial)","INDEC, Censo Nacional de Poblacion, Hogares y Viviendas 2022, procesado con Redatam 7"
067560507,50,Martinez,661,0.37,1770849,contiene,"OpenStreetMap, relaciones administrativas de localidad (no es fuente oficial)","INDEC, Censo Nacional de Poblacion, Hogares y Viviendas 2022, procesado con Redatam 7"
067560508,50,Martinez,598,0.38,1770849,contiene,"OpenStreetMap, relaciones administrativas de localidad (no es fuente oficial)","INDEC, Censo Nacional de Poblacion, Hogares y Viviendas 2022, procesado con Redatam 7"
067560509,50,Martinez,623,0.68,1770849,contiene,"OpenStreetMap, relaciones administrativas de localidad (no es fuente oficial)","INDEC, Censo Nacional de Poblacion, Hogares y Viviendas 2022, procesado con Redatam 7"
067560510,51,Martinez,800,0.0,1770849,contiene,"OpenStreetMap, relaciones administrativas de localidad (no es fuente oficial)","INDEC, Censo Nacional de Poblacion, Hogares y Viviendas 2022, procesado con Redatam 7"
067560601,60,Martinez,922,1.42,1770849,contiene,"OpenStreetMap, relaciones administrativas de localidad (no es fuente oficial)","INDEC, Censo Nacional de Poblacion, Hogares y Viviendas 2022, procesado con Redatam 7"
067560602,60,Martinez,500,0.0,1770849,contiene,"OpenStreetMap, relaciones administrativas de localidad (no es fuente oficial)","INDEC, Censo Nacional de Poblacion, Hogares y Viviendas 2022, procesado con Redatam 7"
067560603,60,Martinez,422,0.0,1770849,contiene,"OpenStreetMap, relaciones administrativas de localidad (no es fuente oficial)","INDEC, Censo Nacional de Poblacion, Hogares y Viviendas 2022, procesado con Redatam 7"
067560604,60,Martinez,407,0.0,1770849,contiene,"OpenStreetMap, relaciones administrativas de localidad (no es fuente oficial)","INDEC, Censo Nacional de Poblacion, Hogares y Viviendas 2022, procesado con Redatam 7"
067560605,60,Martinez,524,0.0,1770849,contiene,"OpenStreetMap, relaciones administrativas de localidad (no es fuente oficial)","INDEC, Censo Nacional de Poblacion, Hogares y Viviendas 2022, procesado con Redatam 7"
067560606,60,Martinez,557,0.33,1770849,contiene,"OpenStreetMap, relaciones administrativas de localidad (no es fuente oficial)","INDEC, Censo Nacional de Poblacion, Hogares y Viviendas 2022, procesado con Redatam 7"
067560607,60,Martinez,689,0.24,1770849,contiene,"OpenStreetMap, relaciones administrativas de localidad (no es fuente oficial)","INDEC, Censo Nacional de Poblacion, Hogares y Viviendas 2022, procesado con Redatam 7"
067560608,60,Martinez,643,0.0,1770849,contiene,"OpenStreetMap, relaciones administrativas de localidad (no es fuente oficial)","INDEC, Censo Nacional de Poblacion, Hogares y Viviendas 2022, procesado con Redatam 7"
067560609,60,Martinez,543,0.35,1770849,contiene,"OpenStreetMap, relaciones administrativas de localidad (no es fuente oficial)","INDEC, Censo Nacional de Poblacion, Hogares y Viviendas 2022, procesado con Redatam 7"
067560610,61,Martinez,683,0.56,1770849,contiene,"OpenStreetMap, relaciones administrativas de localidad (no es fuente oficial)","INDEC, Censo Nacional de Poblacion, Hogares y Viviendas 2022, procesado con Redatam 7"
067560611,61,Martinez,552,0.88,1770849,contiene,"OpenStreetMap, relaciones administrativas de localidad (no es fuente oficial)","INDEC, Censo Nacional de Poblacion, Hogares y Viviendas 2022, procesado con Redatam 7"
067560612,61,Martinez,627,1.25,1770849,contiene,"OpenStreetMap, relaciones administrativas de localidad (no es fuente oficial)","INDEC, Censo Nacional de Poblacion, Hogares y Viviendas 2022, procesado con Redatam 7"
067560701,70,Martinez,699,1.03,1770849,contiene,"OpenStreetMap, relaciones administrativas de localidad (no es fuente oficial)","INDEC, Censo Nacional de Poblacion, Hogares y Viviendas 2022, procesado con Redatam 7"
067560702,70,Martinez,567,0.0,1770849,contiene,"OpenStreetMap, relaciones administrativas de localidad (no es fuente oficial)","INDEC, Censo Nacional de Poblacion, Hogares y Viviendas 2022, procesado con Redatam 7"
067560703,70,Martinez,379,0.55,1770849,contiene,"OpenStreetMap, relaciones administrativas de localidad (no es fuente oficial)","INDEC, Censo Nacional de Poblacion, Hogares y Viviendas 2022, procesado con Redatam 7"
067560704,70,Martinez,771,0.29,1770849,contiene,"OpenStreetMap, relaciones administrativas de localidad (no es fuente oficial)","INDEC, Censo Nacional de Poblacion, Hogares y Viviendas 2022, procesado con Redatam 7"
067560705,70,Martinez,562,0.96,1770849,contiene,"OpenStreetMap, relaciones administrativas de localidad (no es fuente oficial)","INDEC, Censo Nacional de Poblacion, Hogares y Viviendas 2022, procesado con Redatam 7"
067560706,70,Martinez,362,0.0,1770849,contiene,"OpenStreetMap, relaciones administrativas de localidad (no es fuente oficial)","INDEC, Censo Nacional de Poblacion, Hogares y Viviendas 2022, procesado con Redatam 7"
067560707,70,Martinez,797,1.33,1770849,contiene,"OpenStreetMap, relaciones administrativas de localidad (no es fuente oficial)","INDEC, Censo Nacional de Poblacion, Hogares y Viviendas 2022, procesado con Redatam 7"
067560708,70,Martinez,603,0.0,1770849,contiene,"OpenStreetMap, relaciones administrativas de localidad (no es fuente oficial)","INDEC, Censo Nacional de Poblacion, Hogares y Viviendas 2022, procesado con Redatam 7"
067560709,70,Martinez,803,0.32,1770849,contiene,"OpenStreetMap, relaciones administrativas de localidad (no es fuente oficial)","INDEC, Censo Nacional de Poblacion, Hogares y Viviendas 2022, procesado con Redatam 7"
067560710,71,Martinez,815,0.6,1770849,contiene,"OpenStreetMap, relaciones administrativas de localidad (no es fuente oficial)","INDEC, Censo Nacional de Poblacion, Hogares y Viviendas 2022, procesado con Redatam 7"
067560711,71,Martinez,408,0.0,1770849,contiene,"OpenStreetMap, relaciones administrativas de localidad (no es fuente oficial)","INDEC, Censo Nacional de Poblacion, Hogares y Viviendas 2022, procesado con Redatam 7"
067560801,80,Martinez,1036,7.84,1770849,contiene,"OpenStreetMap, relaciones administrativas de localidad (no es fuente oficial)","INDEC, Censo Nacional de Poblacion, Hogares y Viviendas 2022, procesado con Redatam 7"
067560802,80,Martinez,868,3.11,1770849,contiene,"OpenStreetMap, relaciones administrativas de localidad (no es fuente oficial)","INDEC, Censo Nacional de Poblacion, Hogares y Viviendas 2022, procesado con Redatam 7"
067560803,80,Martinez,1082,9.76,1770849,contiene,"OpenStreetMap, relaciones administrativas de localidad (no es fuente oficial)","INDEC, Censo Nacional de Poblacion, Hogares y Viviendas 2022, procesado con Redatam 7"
067560804,80,Martinez,1057,3.69,1770849,contiene,"OpenStreetMap, relaciones administrativas de localidad (no es fuente oficial)","INDEC, Censo Nacional de Poblacion, Hogares y Viviendas 2022, procesado con Redatam 7"
067560805,80,Martinez,1108,4.25,1770849,contiene,"OpenStreetMap, relaciones administrativas de localidad (no es fuente oficial)","INDEC, Censo Nacional de Poblacion, Hogares y Viviendas 2022, procesado con Redatam 7"
067560806,80,Martinez,1293,3.16,1770849,contiene,"OpenStreetMap, relaciones administrativas de localidad (no es fuente oficial)","INDEC, Censo Nacional de Poblacion, Hogares y Viviendas 2022, procesado con Redatam 7"
067560807,80,Martinez,873,2.13,1770849,contiene,"OpenStreetMap, relaciones administrativas de localidad (no es fuente oficial)","INDEC, Censo Nacional de Poblacion, Hogares y Viviendas 2022, procesado con Redatam 7"
067560808,80,Martinez,1051,2.44,1770849,contiene,"OpenStreetMap, relaciones administrativas de localidad (no es fuente oficial)","INDEC, Censo Nacional de Poblacion, Hogares y Viviendas 2022, procesado con Redatam 7"
067560809,80,Martinez,975,2.79,1770849,contiene,"OpenStreetMap, relaciones administrativas de localidad (no es fuente oficial)","INDEC, Censo Nacional de Poblacion, Hogares y Viviendas 2022, procesado con Redatam 7"
067560901,90,Martinez,946,0.28,1770849,contiene,"OpenStreetMap, relaciones administrativas de localidad (no es fuente oficial)","INDEC, Censo Nacional de Poblacion, Hogares y Viviendas 2022, procesado con Redatam 7"
067560902,90,Martinez,928,0.8,1770849,contiene,"OpenStreetMap, relaciones administrativas de localidad (no es fuente oficial)","INDEC, Censo Nacional de Poblacion, Hogares y Viviendas 2022, procesado con Redatam 7"
067560903,90,Martinez,1006,0.0,1770849,contiene,"OpenStreetMap, relaciones administrativas de localidad (no es fuente oficial)","INDEC, Censo Nacional de Poblacion, Hogares y Viviendas 2022, procesado con Redatam 7"
067560904,90,Martinez,1226,0.67,1770849,contiene,"OpenStreetMap, relaciones administrativas de localidad (no es fuente oficial)","INDEC, Censo Nacional de Poblacion, Hogares y Viviendas 2022, procesado con Redatam 7"
067560905,90,Martinez,1116,1.58,1770849,contiene,"OpenStreetMap, relaciones administrativas de localidad (no es fuente oficial)","INDEC, Censo Nacional de Poblacion, Hogares y Viviendas 2022, procesado con Redatam 7"
067560906,90,Martinez,1032,1.03,1770849,contiene,"OpenStreetMap, relaciones administrativas de localidad (no es fuente oficial)","INDEC, Censo Nacional de Poblacion, Hogares y Viviendas 2022, procesado con Redatam 7"
067560907,90,Martinez,474,2.01,1770849,contiene,"OpenStreetMap, relaciones administrativas de localidad (no es fuente oficial)","INDEC, Censo Nacional de Poblacion, Hogares y Viviendas 2022, procesado con Redatam 7"
067560908,90,Martinez,615,1.27,1770849,contiene,"OpenStreetMap, relaciones administrativas de localidad (no es fuente oficial)","INDEC, Censo Nacional de Poblacion, Hogares y Viviendas 2022, procesado con Redatam 7"
067561001,00,Acassuso,606,2.38,1877206,contiene,"OpenStreetMap, relaciones administrativas de localidad (no es fuente oficial)","INDEC, Censo Nacional de Poblacion, Hogares y Viviendas 2022, procesado con Redatam 7"
067561002,00,San Isidro,471,3.4,1877221,contiene,"OpenStreetMap, relaciones administrativas de localidad (no es fuente oficial)","INDEC, Censo Nacional de Poblacion, Hogares y Viviendas 2022, procesado con Redatam 7"
067561003,00,Acassuso,657,0.83,1877206,contiene,"OpenStreetMap, relaciones administrativas de localidad (no es fuente oficial)","INDEC, Censo Nacional de Poblacion, Hogares y Viviendas 2022, procesado con Redatam 7"
067561004,00,Acassuso,681,1.32,1877206,contiene,"OpenStreetMap, relaciones administrativas de localidad (no es fuente oficial)","INDEC, Censo Nacional de Poblacion, Hogares y Viviendas 2022, procesado con Redatam 7"
067561005,00,Acassuso,456,0.0,1877206,contiene,"OpenStreetMap, relaciones administrativas de localidad (no es fuente oficial)","INDEC, Censo Nacional de Poblacion, Hogares y Viviendas 2022, procesado con Redatam 7"
067561006,00,Acassuso,779,1.53,1877206,contiene,"OpenStreetMap, relaciones administrativas de localidad (no es fuente oficial)","INDEC, Censo Nacional de Poblacion, Hogares y Viviendas 2022, procesado con Redatam 7"
067561007,00,Acassuso,548,0.73,1877206,contiene,"OpenStreetMap, relaciones administrativas de localidad (no es fuente oficial)","INDEC, Censo Nacional de Poblacion, Hogares y Viviendas 2022, procesado con Redatam 7"
067561008,00,Acassuso,540,0.72,1877206,contiene,"OpenStreetMap, relaciones administrativas de localidad (no es fuente oficial)","INDEC, Censo Nacional de Poblacion, Hogares y Viviendas 2022, procesado con Redatam 7"
067561009,00,Acassuso,260,0.68,1877206,contiene,"OpenStreetMap, relaciones administrativas de localidad (no es fuente oficial)","INDEC, Censo Nacional de Poblacion, Hogares y Viviendas 2022, procesado con Redatam 7"
067561010,01,Martinez,1021,0.79,1770849,contiene,"OpenStreetMap, relaciones administrativas de localidad (no es fuente oficial)","INDEC, Censo Nacional de Poblacion, Hogares y Viviendas 2022, procesado con Redatam 7"
067561011,01,Martinez,976,6.2,1770849,contiene,"OpenStreetMap, relaciones administrativas de localidad (no es fuente oficial)","INDEC, Censo Nacional de Poblacion, Hogares y Viviendas 2022, procesado con Redatam 7"
067561012,01,Martinez,1076,1.83,1770849,contiene,"OpenStreetMap, relaciones administrativas de localidad (no es fuente oficial)","INDEC, Censo Nacional de Poblacion, Hogares y Viviendas 2022, procesado con Redatam 7"
067561101,10,San Isidro,566,1.21,1877221,contiene,"OpenStreetMap, relaciones administrativas de localidad (no es fuente oficial)","INDEC, Censo Nacional de Poblacion, Hogares y Viviendas 2022, procesado con Redatam 7"
067561102,10,San Isidro,547,0.8,1877221,contiene,"OpenStreetMap, relaciones administrativas de localidad (no es fuente oficial)","INDEC, Censo Nacional de Poblacion, Hogares y Viviendas 2022, procesado con Redatam 7"
067561103,10,San Isidro,762,0.55,1877221,contiene,"OpenStreetMap, relaciones administrativas de localidad (no es fuente oficial)","INDEC, Censo Nacional de Poblacion, Hogares y Viviendas 2022, procesado con Redatam 7"
067561104,10,San Isidro,645,1.79,1877221,contiene,"OpenStreetMap, relaciones administrativas de localidad (no es fuente oficial)","INDEC, Censo Nacional de Poblacion, Hogares y Viviendas 2022, procesado con Redatam 7"
067561105,10,San Isidro,697,0.79,1877221,contiene,"OpenStreetMap, relaciones administrativas de localidad (no es fuente oficial)","INDEC, Censo Nacional de Poblacion, Hogares y Viviendas 2022, procesado con Redatam 7"
067561106,10,San Isidro,698,0.79,1877221,contiene,"OpenStreetMap, relaciones administrativas de localidad (no es fuente oficial)","INDEC, Censo Nacional de Poblacion, Hogares y Viviendas 2022, procesado con Redatam 7"
067561201,20,San Isidro,1129,3.92,1877221,contiene,"OpenStreetMap, relaciones administrativas de localidad (no es fuente oficial)","INDEC, Censo Nacional de Poblacion, Hogares y Viviendas 2022, procesado con Redatam 7"
067561202,20,San Isidro,789,3.76,1877221,contiene,"OpenStreetMap, relaciones administrativas de localidad (no es fuente oficial)","INDEC, Censo Nacional de Poblacion, Hogares y Viviendas 2022, procesado con Redatam 7"
067561203,20,San Isidro,818,9.03,1877221,contiene,"OpenStreetMap, relaciones administrativas de localidad (no es fuente oficial)","INDEC, Censo Nacional de Poblacion, Hogares y Viviendas 2022, procesado con Redatam 7"
067561204,20,San Isidro,607,1.4,1877221,contiene,"OpenStreetMap, relaciones administrativas de localidad (no es fuente oficial)","INDEC, Censo Nacional de Poblacion, Hogares y Viviendas 2022, procesado con Redatam 7"
067561205,20,San Isidro,938,0.84,1877221,contiene,"OpenStreetMap, relaciones administrativas de localidad (no es fuente oficial)","INDEC, Censo Nacional de Poblacion, Hogares y Viviendas 2022, procesado con Redatam 7"
067561206,20,San Isidro,556,5.74,1877221,contiene,"OpenStreetMap, relaciones administrativas de localidad (no es fuente oficial)","INDEC, Censo Nacional de Poblacion, Hogares y Viviendas 2022, procesado con Redatam 7"
067561207,20,San Isidro,382,0.0,1877221,contiene,"OpenStreetMap, relaciones administrativas de localidad (no es fuente oficial)","INDEC, Censo Nacional de Poblacion, Hogares y Viviendas 2022, procesado con Redatam 7"
067561208,20,San Isidro,904,3.27,1877221,contiene,"OpenStreetMap, relaciones administrativas de localidad (no es fuente oficial)","INDEC, Censo Nacional de Poblacion, Hogares y Viviendas 2022, procesado con Redatam 7"
067561209,20,San Isidro,996,1.91,1877221,contiene,"OpenStreetMap, relaciones administrativas de localidad (no es fuente oficial)","INDEC, Censo Nacional de Poblacion, Hogares y Viviendas 2022, procesado con Redatam 7"
067561210,21,San Isidro,836,0.0,1877221,contiene,"OpenStreetMap, relaciones administrativas de localidad (no es fuente oficial)","INDEC, Censo Nacional de Poblacion, Hogares y Viviendas 2022, procesado con Redatam 7"
067561211,21,San Isidro,1092,0.5,1877221,contiene,"OpenStreetMap, relaciones administrativas de localidad (no es fuente oficial)","INDEC, Censo Nacional de Poblacion, Hogares y Viviendas 2022, procesado con Redatam 7"
067561212,21,San Isidro,1054,3.68,1877221,contiene,"OpenStreetMap, relaciones administrativas de localidad (no es fuente oficial)","INDEC, Censo Nacional de Poblacion, Hogares y Viviendas 2022, procesado con Redatam 7"
067561301,30,Beccar,543,3.47,1770851,contiene,"OpenStreetMap, relaciones administrativas de localidad (no es fuente oficial)","INDEC, Censo Nacional de Poblacion, Hogares y Viviendas 2022, procesado con Redatam 7"
067561302,30,Beccar,815,3.93,1770851,contiene,"OpenStreetMap, relaciones administrativas de localidad (no es fuente oficial)","INDEC, Censo Nacional de Poblacion, Hogares y Viviendas 2022, procesado con Redatam 7"
067561303,30,Beccar,1403,10.88,1770851,contiene,"OpenStreetMap, relaciones administrativas de localidad (no es fuente oficial)","INDEC, Censo Nacional de Poblacion, Hogares y Viviendas 2022, procesado con Redatam 7"
067561304,30,Beccar,1357,13.25,1770851,contiene,"OpenStreetMap, relaciones administrativas de localidad (no es fuente oficial)","INDEC, Censo Nacional de Poblacion, Hogares y Viviendas 2022, procesado con Redatam 7"
067561305,30,Beccar,490,15.79,1770851,contiene,"OpenStreetMap, relaciones administrativas de localidad (no es fuente oficial)","INDEC, Censo Nacional de Poblacion, Hogares y Viviendas 2022, procesado con Redatam 7"
067561306,30,Beccar,637,2.71,1770851,contiene,"OpenStreetMap, relaciones administrativas de localidad (no es fuente oficial)","INDEC, Censo Nacional de Poblacion, Hogares y Viviendas 2022, procesado con Redatam 7"
067561307,30,Beccar,821,2.86,1770851,contiene,"OpenStreetMap, relaciones administrativas de localidad (no es fuente oficial)","INDEC, Censo Nacional de Poblacion, Hogares y Viviendas 2022, procesado con Redatam 7"
067561308,30,Beccar,613,1.95,1770851,contiene,"OpenStreetMap, relaciones administrativas de localidad (no es fuente oficial)","INDEC, Censo Nacional de Poblacion, Hogares y Viviendas 2022, procesado con Redatam 7"
067561309,30,Beccar,1082,3.64,1770851,contiene,"OpenStreetMap, relaciones administrativas de localidad (no es fuente oficial)","INDEC, Censo Nacional de Poblacion, Hogares y Viviendas 2022, procesado con Redatam 7"
067561401,40,Beccar,1330,10.81,1770851,contiene,"OpenStreetMap, relaciones administrativas de localidad (no es fuente oficial)","INDEC, Censo Nacional de Poblacion, Hogares y Viviendas 2022, procesado con Redatam 7"
067561402,40,Beccar,92,3.57,1770851,contiene,"OpenStreetMap, relaciones administrativas de localidad (no es fuente oficial)","INDEC, Censo Nacional de Poblacion, Hogares y Viviendas 2022, procesado con Redatam 7"
067561403,40,Beccar,1290,12.4,1770851,contiene,"OpenStreetMap, relaciones administrativas de localidad (no es fuente oficial)","INDEC, Censo Nacional de Poblacion, Hogares y Viviendas 2022, procesado con Redatam 7"
067561404,40,Beccar,795,7.44,1770851,contiene,"OpenStreetMap, relaciones administrativas de localidad (no es fuente oficial)","INDEC, Censo Nacional de Poblacion, Hogares y Viviendas 2022, procesado con Redatam 7"
067561405,40,Beccar,1342,15.2,1770851,contiene,"OpenStreetMap, relaciones administrativas de localidad (no es fuente oficial)","INDEC, Censo Nacional de Poblacion, Hogares y Viviendas 2022, procesado con Redatam 7"
067561406,40,Beccar,775,2.24,1770851,contiene,"OpenStreetMap, relaciones administrativas de localidad (no es fuente oficial)","INDEC, Censo Nacional de Poblacion, Hogares y Viviendas 2022, procesado con Redatam 7"
067561407,40,Beccar,704,1.91,1770851,contiene,"OpenStreetMap, relaciones administrativas de localidad (no es fuente oficial)","INDEC, Censo Nacional de Poblacion, Hogares y Viviendas 2022, procesado con Redatam 7"
067561408,40,Beccar,659,3.78,1770851,contiene,"OpenStreetMap, relaciones administrativas de localidad (no es fuente oficial)","INDEC, Censo Nacional de Poblacion, Hogares y Viviendas 2022, procesado con Redatam 7"
067561409,40,Beccar,1269,1.89,1770851,contiene,"OpenStreetMap, relaciones administrativas de localidad (no es fuente oficial)","INDEC, Censo Nacional de Poblacion, Hogares y Viviendas 2022, procesado con Redatam 7"
067561410,41,Beccar,756,1.47,1770851,contiene,"OpenStreetMap, relaciones administrativas de localidad (no es fuente oficial)","INDEC, Censo Nacional de Poblacion, Hogares y Viviendas 2022, procesado con Redatam 7"
067561501,50,Beccar,1193,0.24,1770851,contiene,"OpenStreetMap, relaciones administrativas de localidad (no es fuente oficial)","INDEC, Censo Nacional de Poblacion, Hogares y Viviendas 2022, procesado con Redatam 7"
067561502,50,Beccar,1456,2.1,1770851,contiene,"OpenStreetMap, relaciones administrativas de localidad (no es fuente oficial)","INDEC, Censo Nacional de Poblacion, Hogares y Viviendas 2022, procesado con Redatam 7"
067561503,50,Beccar,1348,1.17,1770851,contiene,"OpenStreetMap, relaciones administrativas de localidad (no es fuente oficial)","INDEC, Censo Nacional de Poblacion, Hogares y Viviendas 2022, procesado con Redatam 7"
067561504,50,Beccar,615,1.08,1770851,contiene,"OpenStreetMap, relaciones administrativas de localidad (no es fuente oficial)","INDEC, Censo Nacional de Poblacion, Hogares y Viviendas 2022, procesado con Redatam 7"
067561505,50,Beccar,702,2.08,1770851,contiene,"OpenStreetMap, relaciones administrativas de localidad (no es fuente oficial)","INDEC, Censo Nacional de Poblacion, Hogares y Viviendas 2022, procesado con Redatam 7"
067561506,50,Beccar,1011,4.64,1770851,contiene,"OpenStreetMap, relaciones administrativas de localidad (no es fuente oficial)","INDEC, Censo Nacional de Poblacion, Hogares y Viviendas 2022, procesado con Redatam 7"
067561507,50,Beccar,681,0.72,1770851,contiene,"OpenStreetMap, relaciones administrativas de localidad (no es fuente oficial)","INDEC, Censo Nacional de Poblacion, Hogares y Viviendas 2022, procesado con Redatam 7"
067561508,50,Beccar,577,1.31,1770851,contiene,"OpenStreetMap, relaciones administrativas de localidad (no es fuente oficial)","INDEC, Censo Nacional de Poblacion, Hogares y Viviendas 2022, procesado con Redatam 7"
067561509,50,Beccar,654,0.9,1770851,contiene,"OpenStreetMap, relaciones administrativas de localidad (no es fuente oficial)","INDEC, Censo Nacional de Poblacion, Hogares y Viviendas 2022, procesado con Redatam 7"
067561510,51,Beccar,805,2.18,1770851,contiene,"OpenStreetMap, relaciones administrativas de localidad (no es fuente oficial)","INDEC, Censo Nacional de Poblacion, Hogares y Viviendas 2022, procesado con Redatam 7"
067561511,51,Beccar,1224,0.51,1770851,contiene,"OpenStreetMap, relaciones administrativas de localidad (no es fuente oficial)","INDEC, Censo Nacional de Poblacion, Hogares y Viviendas 2022, procesado con Redatam 7"
067561512,51,San Isidro,720,0.39,1877221,contiene,"OpenStreetMap, relaciones administrativas de localidad (no es fuente oficial)","INDEC, Censo Nacional de Poblacion, Hogares y Viviendas 2022, procesado con Redatam 7"
067561513,51,Beccar,318,1.02,1770851,contiene,"OpenStreetMap, relaciones administrativas de localidad (no es fuente oficial)","INDEC, Censo Nacional de Poblacion, Hogares y Viviendas 2022, procesado con Redatam 7"
067561514,51,Beccar,1023,0.9,1770851,contiene,"OpenStreetMap, relaciones administrativas de localidad (no es fuente oficial)","INDEC, Censo Nacional de Poblacion, Hogares y Viviendas 2022, procesado con Redatam 7"
067561515,51,Beccar,673,1.73,1770851,contiene,"OpenStreetMap, relaciones administrativas de localidad (no es fuente oficial)","INDEC, Censo Nacional de Poblacion, Hogares y Viviendas 2022, procesado con Redatam 7"
067561601,60,San Isidro,1222,4.04,1877221,contiene,"OpenStreetMap, relaciones administrativas de localidad (no es fuente oficial)","INDEC, Censo Nacional de Poblacion, Hogares y Viviendas 2022, procesado con Redatam 7"
067561602,60,San Isidro,460,2.7,1877221,contiene,"OpenStreetMap, relaciones administrativas de localidad (no es fuente oficial)","INDEC, Censo Nacional de Poblacion, Hogares y Viviendas 2022, procesado con Redatam 7"
067561603,60,San Isidro,424,0.46,1877221,contiene,"OpenStreetMap, relaciones administrativas de localidad (no es fuente oficial)","INDEC, Censo Nacional de Poblacion, Hogares y Viviendas 2022, procesado con Redatam 7"
067561604,60,San Isidro,605,1.8,1877221,contiene,"OpenStreetMap, relaciones administrativas de localidad (no es fuente oficial)","INDEC, Censo Nacional de Poblacion, Hogares y Viviendas 2022, procesado con Redatam 7"
067561605,60,San Isidro,915,0.98,1877221,contiene,"OpenStreetMap, relaciones administrativas de localidad (no es fuente oficial)","INDEC, Censo Nacional de Poblacion, Hogares y Viviendas 2022, procesado con Redatam 7"
067561606,60,San Isidro,937,1.37,1877221,contiene,"OpenStreetMap, relaciones administrativas de localidad (no es fuente oficial)","INDEC, Censo Nacional de Poblacion, Hogares y Viviendas 2022, procesado con Redatam 7"
067561607,60,San Isidro,1009,1.75,1877221,contiene,"OpenStreetMap, relaciones administrativas de localidad (no es fuente oficial)","INDEC, Censo Nacional de Poblacion, Hogares y Viviendas 2022, procesado con Redatam 7"
067561701,70,San Isidro,745,2.83,1877221,contiene,"OpenStreetMap, relaciones administrativas de localidad (no es fuente oficial)","INDEC, Censo Nacional de Poblacion, Hogares y Viviendas 2022, procesado con Redatam 7"
067561702,70,Martinez,713,2.29,1770849,contiene,"OpenStreetMap, relaciones administrativas de localidad (no es fuente oficial)","INDEC, Censo Nacional de Poblacion, Hogares y Viviendas 2022, procesado con Redatam 7"
067561703,70,Martinez,1015,0.51,1770849,contiene,"OpenStreetMap, relaciones administrativas de localidad (no es fuente oficial)","INDEC, Censo Nacional de Poblacion, Hogares y Viviendas 2022, procesado con Redatam 7"
067561704,70,Martinez,852,1.17,1770849,contiene,"OpenStreetMap, relaciones administrativas de localidad (no es fuente oficial)","INDEC, Censo Nacional de Poblacion, Hogares y Viviendas 2022, procesado con Redatam 7"
067561705,70,Martinez,589,0.83,1770849,contiene,"OpenStreetMap, relaciones administrativas de localidad (no es fuente oficial)","INDEC, Censo Nacional de Poblacion, Hogares y Viviendas 2022, procesado con Redatam 7"
067561706,70,Martinez,927,4.15,1770849,contiene,"OpenStreetMap, relaciones administrativas de localidad (no es fuente oficial)","INDEC, Censo Nacional de Poblacion, Hogares y Viviendas 2022, procesado con Redatam 7"
067561707,70,Martinez,970,2.94,1770849,contiene,"OpenStreetMap, relaciones administrativas de localidad (no es fuente oficial)","INDEC, Censo Nacional de Poblacion, Hogares y Viviendas 2022, procesado con Redatam 7"
067561708,70,Martinez,1110,2.46,1770849,contiene,"OpenStreetMap, relaciones administrativas de localidad (no es fuente oficial)","INDEC, Censo Nacional de Poblacion, Hogares y Viviendas 2022, procesado con Redatam 7"
067561709,70,Martinez,1089,2.27,1770849,contiene,"OpenStreetMap, relaciones administrativas de localidad (no es fuente oficial)","INDEC, Censo Nacional de Poblacion, Hogares y Viviendas 2022, procesado con Redatam 7"
067561710,71,Martinez,811,0.27,1770849,contiene,"OpenStreetMap, relaciones administrativas de localidad (no es fuente oficial)","INDEC, Censo Nacional de Poblacion, Hogares y Viviendas 2022, procesado con Redatam 7"
067561711,71,Martinez,758,2.52,1770849,contiene,"OpenStreetMap, relaciones administrativas de localidad (no es fuente oficial)","INDEC, Censo Nacional de Poblacion, Hogares y Viviendas 2022, procesado con Redatam 7"
067561801,80,Martinez,751,1.12,1770849,contiene,"OpenStreetMap, relaciones administrativas de localidad (no es fuente oficial)","INDEC, Censo Nacional de Poblacion, Hogares y Viviendas 2022, procesado con Redatam 7"
067561802,80,Martinez,1061,0.48,1770849,contiene,"OpenStreetMap, relaciones administrativas de localidad (no es fuente oficial)","INDEC, Censo Nacional de Poblacion, Hogares y Viviendas 2022, procesado con Redatam 7"
067561803,80,Martinez,713,0.33,1770849,contiene,"OpenStreetMap, relaciones administrativas de localidad (no es fuente oficial)","INDEC, Censo Nacional de Poblacion, Hogares y Viviendas 2022, procesado con Redatam 7"
067561804,80,Martinez,908,1.14,1770849,contiene,"OpenStreetMap, relaciones administrativas de localidad (no es fuente oficial)","INDEC, Censo Nacional de Poblacion, Hogares y Viviendas 2022, procesado con Redatam 7"
067561805,80,Martinez,678,0.0,1770849,contiene,"OpenStreetMap, relaciones administrativas de localidad (no es fuente oficial)","INDEC, Censo Nacional de Poblacion, Hogares y Viviendas 2022, procesado con Redatam 7"
067561806,80,Martinez,705,1.42,1770849,contiene,"OpenStreetMap, relaciones administrativas de localidad (no es fuente oficial)","INDEC, Censo Nacional de Poblacion, Hogares y Viviendas 2022, procesado con Redatam 7"
067561807,80,Martinez,574,3.02,1770849,contiene,"OpenStreetMap, relaciones administrativas de localidad (no es fuente oficial)","INDEC, Censo Nacional de Poblacion, Hogares y Viviendas 2022, procesado con Redatam 7"
067561808,80,Martinez,183,1.28,1770849,contiene,"OpenStreetMap, relaciones administrativas de localidad (no es fuente oficial)","INDEC, Censo Nacional de Poblacion, Hogares y Viviendas 2022, procesado con Redatam 7"
067561809,80,Martinez,832,0.55,1770849,contiene,"OpenStreetMap, relaciones administrativas de localidad (no es fuente oficial)","INDEC, Censo Nacional de Poblacion, Hogares y Viviendas 2022, procesado con Redatam 7"
067561810,81,Martinez,415,2.11,1770849,contiene,"OpenStreetMap, relaciones administrativas de localidad (no es fuente oficial)","INDEC, Censo Nacional de Poblacion, Hogares y Viviendas 2022, procesado con Redatam 7"
067561811,81,Martinez,567,1.33,1770849,contiene,"OpenStreetMap, relaciones administrativas de localidad (no es fuente oficial)","INDEC, Censo Nacional de Poblacion, Hogares y Viviendas 2022, procesado con Redatam 7"
067561812,81,Martinez,601,0.44,1770849,contiene,"OpenStreetMap, relaciones administrativas de localidad (no es fuente oficial)","INDEC, Censo Nacional de Poblacion, Hogares y Viviendas 2022, procesado con Redatam 7"
067561901,90,Villa Adelina,1181,1.43,1770850,contiene,"OpenStreetMap, relaciones administrativas de localidad (no es fuente oficial)","INDEC, Censo Nacional de Poblacion, Hogares y Viviendas 2022, procesado con Redatam 7"
067561902,90,Villa Adelina,1179,1.42,1770850,contiene,"OpenStreetMap, relaciones administrativas de localidad (no es fuente oficial)","INDEC, Censo Nacional de Poblacion, Hogares y Viviendas 2022, procesado con Redatam 7"
067561903,90,Villa Adelina,733,1.52,1770850,contiene,"OpenStreetMap, relaciones administrativas de localidad (no es fuente oficial)","INDEC, Censo Nacional de Poblacion, Hogares y Viviendas 2022, procesado con Redatam 7"
067561904,90,Villa Adelina,619,2.09,1770850,contiene,"OpenStreetMap, relaciones administrativas de localidad (no es fuente oficial)","INDEC, Censo Nacional de Poblacion, Hogares y Viviendas 2022, procesado con Redatam 7"
067561905,90,Villa Adelina,1266,2.69,1770850,contiene,"OpenStreetMap, relaciones administrativas de localidad (no es fuente oficial)","INDEC, Censo Nacional de Poblacion, Hogares y Viviendas 2022, procesado con Redatam 7"
067561906,90,Villa Adelina,655,0.85,1770850,contiene,"OpenStreetMap, relaciones administrativas de localidad (no es fuente oficial)","INDEC, Censo Nacional de Poblacion, Hogares y Viviendas 2022, procesado con Redatam 7"
067561907,90,Villa Adelina,1212,1.35,1770850,contiene,"OpenStreetMap, relaciones administrativas de localidad (no es fuente oficial)","INDEC, Censo Nacional de Poblacion, Hogares y Viviendas 2022, procesado con Redatam 7"
067561908,90,Villa Adelina,1399,1.74,1770850,contiene,"OpenStreetMap, relaciones administrativas de localidad (no es fuente oficial)","INDEC, Censo Nacional de Poblacion, Hogares y Viviendas 2022, procesado con Redatam 7"
067561909,90,Villa Adelina,1143,0.69,1770850,contiene,"OpenStreetMap, relaciones administrativas de localidad (no es fuente oficial)","INDEC, Censo Nacional de Poblacion, Hogares y Viviendas 2022, procesado con Redatam 7"
067561910,91,Villa Adelina,805,1.0,1770850,contiene,"OpenStreetMap, relaciones administrativas de localidad (no es fuente oficial)","INDEC, Censo Nacional de Poblacion, Hogares y Viviendas 2022, procesado con Redatam 7"
067561911,91,Villa Adelina,621,1.69,1770850,contiene,"OpenStreetMap, relaciones administrativas de localidad (no es fuente oficial)","INDEC, Censo Nacional de Poblacion, Hogares y Viviendas 2022, procesado con Redatam 7"
067562001,00,Villa Adelina,825,0.98,1770850,contiene,"OpenStreetMap, relaciones administrativas de localidad (no es fuente oficial)","INDEC, Censo Nacional de Poblacion, Hogares y Viviendas 2022, procesado con Redatam 7"
067562002,00,Boulogne Sur Mer,787,0.94,1770848,contiene,"OpenStreetMap, relaciones administrativas de localidad (no es fuente oficial)","INDEC, Censo Nacional de Poblacion, Hogares y Viviendas 2022, procesado con Redatam 7"
067562003,00,Boulogne Sur Mer,1114,4.26,1770848,contiene,"OpenStreetMap, relaciones administrativas de localidad (no es fuente oficial)","INDEC, Censo Nacional de Poblacion, Hogares y Viviendas 2022, procesado con Redatam 7"
067562004,00,Boulogne Sur Mer,562,3.66,1770848,contiene,"OpenStreetMap, relaciones administrativas de localidad (no es fuente oficial)","INDEC, Censo Nacional de Poblacion, Hogares y Viviendas 2022, procesado con Redatam 7"
067562005,00,Boulogne Sur Mer,637,4.82,1770848,contiene,"OpenStreetMap, relaciones administrativas de localidad (no es fuente oficial)","INDEC, Censo Nacional de Poblacion, Hogares y Viviendas 2022, procesado con Redatam 7"
067562006,00,Boulogne Sur Mer,608,3.08,1770848,contiene,"OpenStreetMap, relaciones administrativas de localidad (no es fuente oficial)","INDEC, Censo Nacional de Poblacion, Hogares y Viviendas 2022, procesado con Redatam 7"
067562007,00,Villa Adelina,597,2.16,1770850,contiene,"OpenStreetMap, relaciones administrativas de localidad (no es fuente oficial)","INDEC, Censo Nacional de Poblacion, Hogares y Viviendas 2022, procesado con Redatam 7"
067562008,00,Villa Adelina,1147,1.69,1770850,contiene,"OpenStreetMap, relaciones administrativas de localidad (no es fuente oficial)","INDEC, Censo Nacional de Poblacion, Hogares y Viviendas 2022, procesado con Redatam 7"
067562009,00,Villa Adelina,943,2.36,1770850,contiene,"OpenStreetMap, relaciones administrativas de localidad (no es fuente oficial)","INDEC, Censo Nacional de Poblacion, Hogares y Viviendas 2022, procesado con Redatam 7"
067562010,01,Boulogne Sur Mer,799,2.05,1770848,contiene,"OpenStreetMap, relaciones administrativas de localidad (no es fuente oficial)","INDEC, Censo Nacional de Poblacion, Hogares y Viviendas 2022, procesado con Redatam 7"
067562101,10,Boulogne Sur Mer,830,1.84,1770848,contiene,"OpenStreetMap, relaciones administrativas de localidad (no es fuente oficial)","INDEC, Censo Nacional de Poblacion, Hogares y Viviendas 2022, procesado con Redatam 7"
067562102,10,Boulogne Sur Mer,1224,9.04,1770848,contiene,"OpenStreetMap, relaciones administrativas de localidad (no es fuente oficial)","INDEC, Censo Nacional de Poblacion, Hogares y Viviendas 2022, procesado con Redatam 7"
067562103,10,Boulogne Sur Mer,1006,4.42,1770848,contiene,"OpenStreetMap, relaciones administrativas de localidad (no es fuente oficial)","INDEC, Censo Nacional de Poblacion, Hogares y Viviendas 2022, procesado con Redatam 7"
067562104,10,Boulogne Sur Mer,1095,1.13,1770848,contiene,"OpenStreetMap, relaciones administrativas de localidad (no es fuente oficial)","INDEC, Censo Nacional de Poblacion, Hogares y Viviendas 2022, procesado con Redatam 7"
067562105,10,Boulogne Sur Mer,975,0.3,1770848,contiene,"OpenStreetMap, relaciones administrativas de localidad (no es fuente oficial)","INDEC, Censo Nacional de Poblacion, Hogares y Viviendas 2022, procesado con Redatam 7"
067562106,10,Boulogne Sur Mer,1063,0.57,1770848,contiene,"OpenStreetMap, relaciones administrativas de localidad (no es fuente oficial)","INDEC, Censo Nacional de Poblacion, Hogares y Viviendas 2022, procesado con Redatam 7"
067562107,10,Boulogne Sur Mer,631,0.0,1770848,contiene,"OpenStreetMap, relaciones administrativas de localidad (no es fuente oficial)","INDEC, Censo Nacional de Poblacion, Hogares y Viviendas 2022, procesado con Redatam 7"
067562108,10,Boulogne Sur Mer,1196,0.25,1770848,contiene,"OpenStreetMap, relaciones administrativas de localidad (no es fuente oficial)","INDEC, Censo Nacional de Poblacion, Hogares y Viviendas 2022, procesado con Redatam 7"
067562109,10,Boulogne Sur Mer,999,0.0,1770848,contiene,"OpenStreetMap, relaciones administrativas de localidad (no es fuente oficial)","INDEC, Censo Nacional de Poblacion, Hogares y Viviendas 2022, procesado con Redatam 7"
067562110,11,Boulogne Sur Mer,248,1.05,1770848,contiene,"OpenStreetMap, relaciones administrativas de localidad (no es fuente oficial)","INDEC, Censo Nacional de Poblacion, Hogares y Viviendas 2022, procesado con Redatam 7"
067562111,11,Boulogne Sur Mer,906,0.89,1770848,contiene,"OpenStreetMap, relaciones administrativas de localidad (no es fuente oficial)","INDEC, Censo Nacional de Poblacion, Hogares y Viviendas 2022, procesado con Redatam 7"
067562112,11,Boulogne Sur Mer,529,1.63,1770848,contiene,"OpenStreetMap, relaciones administrativas de localidad (no es fuente oficial)","INDEC, Censo Nacional de Poblacion, Hogares y Viviendas 2022, procesado con Redatam 7"
067562113,11,Boulogne Sur Mer,544,2.16,1770848,contiene,"OpenStreetMap, relaciones administrativas de localidad (no es fuente oficial)","INDEC, Censo Nacional de Poblacion, Hogares y Viviendas 2022, procesado con Redatam 7"
067562201,20,Boulogne Sur Mer,1404,8.71,1770848,contiene,"OpenStreetMap, relaciones administrativas de localidad (no es fuente oficial)","INDEC, Censo Nacional de Poblacion, Hogares y Viviendas 2022, procesado con Redatam 7"
067562202,20,Boulogne Sur Mer,1556,0.7,1770848,contiene,"OpenStreetMap, relaciones administrativas de localidad (no es fuente oficial)","INDEC, Censo Nacional de Poblacion, Hogares y Viviendas 2022, procesado con Redatam 7"
067562203,20,Boulogne Sur Mer,1064,2.29,1770848,contiene,"OpenStreetMap, relaciones administrativas de localidad (no es fuente oficial)","INDEC, Censo Nacional de Poblacion, Hogares y Viviendas 2022, procesado con Redatam 7"
067562204,20,Boulogne Sur Mer,1247,1.4,1770848,contiene,"OpenStreetMap, relaciones administrativas de localidad (no es fuente oficial)","INDEC, Censo Nacional de Poblacion, Hogares y Viviendas 2022, procesado con Redatam 7"
067562205,20,Boulogne Sur Mer,1172,13.69,1770848,contiene,"OpenStreetMap, relaciones administrativas de localidad (no es fuente oficial)","INDEC, Censo Nacional de Poblacion, Hogares y Viviendas 2022, procesado con Redatam 7"
067562206,20,Boulogne Sur Mer,1112,6.77,1770848,contiene,"OpenStreetMap, relaciones administrativas de localidad (no es fuente oficial)","INDEC, Censo Nacional de Poblacion, Hogares y Viviendas 2022, procesado con Redatam 7"
067562301,30,Boulogne Sur Mer,753,5.51,1770848,contiene,"OpenStreetMap, relaciones administrativas de localidad (no es fuente oficial)","INDEC, Censo Nacional de Poblacion, Hogares y Viviendas 2022, procesado con Redatam 7"
067562302,30,Boulogne Sur Mer,792,10.33,1770848,contiene,"OpenStreetMap, relaciones administrativas de localidad (no es fuente oficial)","INDEC, Censo Nacional de Poblacion, Hogares y Viviendas 2022, procesado con Redatam 7"
067562303,30,Villa Adelina,806,3.87,1770850,contiene,"OpenStreetMap, relaciones administrativas de localidad (no es fuente oficial)","INDEC, Censo Nacional de Poblacion, Hogares y Viviendas 2022, procesado con Redatam 7"
067562304,30,Boulogne Sur Mer,808,5.94,1770848,contiene,"OpenStreetMap, relaciones administrativas de localidad (no es fuente oficial)","INDEC, Censo Nacional de Poblacion, Hogares y Viviendas 2022, procesado con Redatam 7"
067562305,30,Boulogne Sur Mer,1323,2.35,1770848,contiene,"OpenStreetMap, relaciones administrativas de localidad (no es fuente oficial)","INDEC, Censo Nacional de Poblacion, Hogares y Viviendas 2022, procesado con Redatam 7"
067562306,30,Boulogne Sur Mer,1074,6.92,1770848,contiene,"OpenStreetMap, relaciones administrativas de localidad (no es fuente oficial)","INDEC, Censo Nacional de Poblacion, Hogares y Viviendas 2022, procesado con Redatam 7"
067562307,30,Boulogne Sur Mer,715,1.14,1770848,contiene,"OpenStreetMap, relaciones administrativas de localidad (no es fuente oficial)","INDEC, Censo Nacional de Poblacion, Hogares y Viviendas 2022, procesado con Redatam 7"
067562308,30,Villa Adelina,1226,2.61,1770850,contiene,"OpenStreetMap, relaciones administrativas de localidad (no es fuente oficial)","INDEC, Censo Nacional de Poblacion, Hogares y Viviendas 2022, procesado con Redatam 7"
067562309,30,Boulogne Sur Mer,813,9.56,1770848,contiene,"OpenStreetMap, relaciones administrativas de localidad (no es fuente oficial)","INDEC, Censo Nacional de Poblacion, Hogares y Viviendas 2022, procesado con Redatam 7"
067562310,31,Boulogne Sur Mer,1211,7.59,1770848,contiene,"OpenStreetMap, relaciones administrativas de localidad (no es fuente oficial)","INDEC, Censo Nacional de Poblacion, Hogares y Viviendas 2022, procesado con Redatam 7"
067562311,31,Boulogne Sur Mer,1418,11.66,1770848,contiene,"OpenStreetMap, relaciones administrativas de localidad (no es fuente oficial)","INDEC, Censo Nacional de Poblacion, Hogares y Viviendas 2022, procesado con Redatam 7"
067562312,31,Villa Adelina,704,8.26,1770850,contiene,"OpenStreetMap, relaciones administrativas de localidad (no es fuente oficial)","INDEC, Censo Nacional de Poblacion, Hogares y Viviendas 2022, procesado con Redatam 7"
067562313,31,Boulogne Sur Mer,574,2.34,1770848,contiene,"OpenStreetMap, relaciones administrativas de localidad (no es fuente oficial)","INDEC, Censo Nacional de Poblacion, Hogares y Viviendas 2022, procesado con Redatam 7"
067562314,31,Boulogne Sur Mer,613,8.29,1770848,contiene,"OpenStreetMap, relaciones administrativas de localidad (no es fuente oficial)","INDEC, Censo Nacional de Poblacion, Hogares y Viviendas 2022, procesado con Redatam 7"
067562401,40,Villa Adelina,1084,7.26,1770850,contiene,"OpenStreetMap, relaciones administrativas de localidad (no es fuente oficial)","INDEC, Censo Nacional de Poblacion, Hogares y Viviendas 2022, procesado con Redatam 7"
067562402,40,Villa Adelina,499,1.52,1770850,contiene,"OpenStreetMap, relaciones administrativas de localidad (no es fuente oficial)","INDEC, Censo Nacional de Poblacion, Hogares y Viviendas 2022, procesado con Redatam 7"
067562403,40,Villa Adelina,653,3.28,1770850,contiene,"OpenStreetMap, relaciones administrativas de localidad (no es fuente oficial)","INDEC, Censo Nacional de Poblacion, Hogares y Viviendas 2022, procesado con Redatam 7"
067562404,40,Villa Adelina,856,3.09,1770850,contiene,"OpenStreetMap, relaciones administrativas de localidad (no es fuente oficial)","INDEC, Censo Nacional de Poblacion, Hogares y Viviendas 2022, procesado con Redatam 7"
067562405,40,Villa Adelina,779,12.03,1770850,contiene,"OpenStreetMap, relaciones administrativas de localidad (no es fuente oficial)","INDEC, Censo Nacional de Poblacion, Hogares y Viviendas 2022, procesado con Redatam 7"
067562406,40,Villa Adelina,1117,6.61,1770850,contiene,"OpenStreetMap, relaciones administrativas de localidad (no es fuente oficial)","INDEC, Censo Nacional de Poblacion, Hogares y Viviendas 2022, procesado con Redatam 7"
067562407,40,Villa Adelina,533,2.44,1770850,contiene,"OpenStreetMap, relaciones administrativas de localidad (no es fuente oficial)","INDEC, Censo Nacional de Poblacion, Hogares y Viviendas 2022, procesado con Redatam 7"
067562408,40,Villa Adelina,583,1.82,1770850,contiene,"OpenStreetMap, relaciones administrativas de localidad (no es fuente oficial)","INDEC, Censo Nacional de Poblacion, Hogares y Viviendas 2022, procesado con Redatam 7"
067562409,40,Villa Adelina,584,2.2,1770850,contiene,"OpenStreetMap, relaciones administrativas de localidad (no es fuente oficial)","INDEC, Censo Nacional de Poblacion, Hogares y Viviendas 2022, procesado con Redatam 7"
067562410,41,Villa Adelina,698,0.79,1770850,contiene,"OpenStreetMap, relaciones administrativas de localidad (no es fuente oficial)","INDEC, Censo Nacional de Poblacion, Hogares y Viviendas 2022, procesado con Redatam 7"
067562411,41,Villa Adelina,635,3.65,1770850,contiene,"OpenStreetMap, relaciones administrativas de localidad (no es fuente oficial)","INDEC, Censo Nacional de Poblacion, Hogares y Viviendas 2022, procesado con Redatam 7"
067562412,41,Villa Adelina,654,1.14,1770850,contiene,"OpenStreetMap, relaciones administrativas de localidad (no es fuente oficial)","INDEC, Censo Nacional de Poblacion, Hogares y Viviendas 2022, procesado con Redatam 7"
067562413,41,Villa Adelina,839,1.19,1770850,contiene,"OpenStreetMap, relaciones administrativas de localidad (no es fuente oficial)","INDEC, Censo Nacional de Poblacion, Hogares y Viviendas 2022, procesado con Redatam 7"
067562414,41,Villa Adelina,514,1.56,1770850,contiene,"OpenStreetMap, relaciones administrativas de localidad (no es fuente oficial)","INDEC, Censo Nacional de Poblacion, Hogares y Viviendas 2022, procesado con Redatam 7"
067562415,41,Villa Adelina,413,4.22,1770850,contiene,"OpenStreetMap, relaciones administrativas de localidad (no es fuente oficial)","INDEC, Censo Nacional de Poblacion, Hogares y Viviendas 2022, procesado con Redatam 7"
067562501,50,Boulogne Sur Mer,1054,9.79,1770848,contiene,"OpenStreetMap, relaciones administrativas de localidad (no es fuente oficial)","INDEC, Censo Nacional de Poblacion, Hogares y Viviendas 2022, procesado con Redatam 7"
067562502,50,Boulogne Sur Mer,1363,12.69,1770848,contiene,"OpenStreetMap, relaciones administrativas de localidad (no es fuente oficial)","INDEC, Censo Nacional de Poblacion, Hogares y Viviendas 2022, procesado con Redatam 7"
067562503,50,Boulogne Sur Mer,1243,9.62,1770848,contiene,"OpenStreetMap, relaciones administrativas de localidad (no es fuente oficial)","INDEC, Censo Nacional de Poblacion, Hogares y Viviendas 2022, procesado con Redatam 7"
067562504,50,Boulogne Sur Mer,1123,11.36,1770848,contiene,"OpenStreetMap, relaciones administrativas de localidad (no es fuente oficial)","INDEC, Censo Nacional de Poblacion, Hogares y Viviendas 2022, procesado con Redatam 7"
067562505,50,Boulogne Sur Mer,608,7.28,1770848,contiene,"OpenStreetMap, relaciones administrativas de localidad (no es fuente oficial)","INDEC, Censo Nacional de Poblacion, Hogares y Viviendas 2022, procesado con Redatam 7"
067562506,50,Boulogne Sur Mer,601,7.87,1770848,contiene,"OpenStreetMap, relaciones administrativas de localidad (no es fuente oficial)","INDEC, Censo Nacional de Poblacion, Hogares y Viviendas 2022, procesado con Redatam 7"
067562507,50,Boulogne Sur Mer,811,12.55,1770848,contiene,"OpenStreetMap, relaciones administrativas de localidad (no es fuente oficial)","INDEC, Censo Nacional de Poblacion, Hogares y Viviendas 2022, procesado con Redatam 7"
067562508,50,Boulogne Sur Mer,616,5.24,1770848,contiene,"OpenStreetMap, relaciones administrativas de localidad (no es fuente oficial)","INDEC, Censo Nacional de Poblacion, Hogares y Viviendas 2022, procesado con Redatam 7"
067562509,50,Boulogne Sur Mer,512,5.31,1770848,contiene,"OpenStreetMap, relaciones administrativas de localidad (no es fuente oficial)","INDEC, Censo Nacional de Poblacion, Hogares y Viviendas 2022, procesado con Redatam 7"
067562510,51,Boulogne Sur Mer,509,3.16,1770848,contiene,"OpenStreetMap, relaciones administrativas de localidad (no es fuente oficial)","INDEC, Censo Nacional de Poblacion, Hogares y Viviendas 2022, procesado con Redatam 7"
067562601,60,Boulogne Sur Mer,1158,0.46,1770848,contiene,"OpenStreetMap, relaciones administrativas de localidad (no es fuente oficial)","INDEC, Censo Nacional de Poblacion, Hogares y Viviendas 2022, procesado con Redatam 7"
067562602,60,Boulogne Sur Mer,728,5.64,1770848,contiene,"OpenStreetMap, relaciones administrativas de localidad (no es fuente oficial)","INDEC, Censo Nacional de Poblacion, Hogares y Viviendas 2022, procesado con Redatam 7"
067562603,60,Boulogne Sur Mer,636,1.21,1770848,contiene,"OpenStreetMap, relaciones administrativas de localidad (no es fuente oficial)","INDEC, Censo Nacional de Poblacion, Hogares y Viviendas 2022, procesado con Redatam 7"
067562604,60,Boulogne Sur Mer,838,1.66,1770848,contiene,"OpenStreetMap, relaciones administrativas de localidad (no es fuente oficial)","INDEC, Censo Nacional de Poblacion, Hogares y Viviendas 2022, procesado con Redatam 7"
067562605,60,Boulogne Sur Mer,815,7.64,1770848,contiene,"OpenStreetMap, relaciones administrativas de localidad (no es fuente oficial)","INDEC, Censo Nacional de Poblacion, Hogares y Viviendas 2022, procesado con Redatam 7"
067562606,60,Boulogne Sur Mer,1266,3.63,1770848,contiene,"OpenStreetMap, relaciones administrativas de localidad (no es fuente oficial)","INDEC, Censo Nacional de Poblacion, Hogares y Viviendas 2022, procesado con Redatam 7"
067562607,60,Boulogne Sur Mer,1187,1.13,1770848,contiene,"OpenStreetMap, relaciones administrativas de localidad (no es fuente oficial)","INDEC, Censo Nacional de Poblacion, Hogares y Viviendas 2022, procesado con Redatam 7"
067562608,60,Boulogne Sur Mer,1224,1.75,1770848,contiene,"OpenStreetMap, relaciones administrativas de localidad (no es fuente oficial)","INDEC, Censo Nacional de Poblacion, Hogares y Viviendas 2022, procesado con Redatam 7"
067562609,60,Boulogne Sur Mer,779,6.62,1770848,contiene,"OpenStreetMap, relaciones administrativas de localidad (no es fuente oficial)","INDEC, Censo Nacional de Poblacion, Hogares y Viviendas 2022, procesado con Redatam 7"
067562610,61,Boulogne Sur Mer,637,3.95,1770848,contiene,"OpenStreetMap, relaciones administrativas de localidad (no es fuente oficial)","INDEC, Censo Nacional de Poblacion, Hogares y Viviendas 2022, procesado con Redatam 7"
067562611,61,Boulogne Sur Mer,1402,3.95,1770848,contiene,"OpenStreetMap, relaciones administrativas de localidad (no es fuente oficial)","INDEC, Censo Nacional de Poblacion, Hogares y Viviendas 2022, procesado con Redatam 7"
067562701,70,Boulogne Sur Mer,1717,8.95,1770848,contiene,"OpenStreetMap, relaciones administrativas de localidad (no es fuente oficial)","INDEC, Censo Nacional de Poblacion, Hogares y Viviendas 2022, procesado con Redatam 7"
067562702,70,Boulogne Sur Mer,1689,7.58,1770848,contiene,"OpenStreetMap, relaciones administrativas de localidad (no es fuente oficial)","INDEC, Censo Nacional de Poblacion, Hogares y Viviendas 2022, procesado con Redatam 7"
067562703,70,Boulogne Sur Mer,1549,9.11,1770848,contiene,"OpenStreetMap, relaciones administrativas de localidad (no es fuente oficial)","INDEC, Censo Nacional de Poblacion, Hogares y Viviendas 2022, procesado con Redatam 7"
067562704,70,Boulogne Sur Mer,1465,10.55,1770848,contiene,"OpenStreetMap, relaciones administrativas de localidad (no es fuente oficial)","INDEC, Censo Nacional de Poblacion, Hogares y Viviendas 2022, procesado con Redatam 7"
067562705,70,Boulogne Sur Mer,1469,9.05,1770848,contiene,"OpenStreetMap, relaciones administrativas de localidad (no es fuente oficial)","INDEC, Censo Nacional de Poblacion, Hogares y Viviendas 2022, procesado con Redatam 7"
067562706,70,Boulogne Sur Mer,695,5.06,1770848,contiene,"OpenStreetMap, relaciones administrativas de localidad (no es fuente oficial)","INDEC, Censo Nacional de Poblacion, Hogares y Viviendas 2022, procesado con Redatam 7"
067562707,70,Boulogne Sur Mer,443,5.49,1770848,contiene,"OpenStreetMap, relaciones administrativas de localidad (no es fuente oficial)","INDEC, Censo Nacional de Poblacion, Hogares y Viviendas 2022, procesado con Redatam 7"
067562708,70,Boulogne Sur Mer,654,1.72,1770848,contiene,"OpenStreetMap, relaciones administrativas de localidad (no es fuente oficial)","INDEC, Censo Nacional de Poblacion, Hogares y Viviendas 2022, procesado con Redatam 7"
067562709,70,Boulogne Sur Mer,777,6.72,1770848,contiene,"OpenStreetMap, relaciones administrativas de localidad (no es fuente oficial)","INDEC, Censo Nacional de Poblacion, Hogares y Viviendas 2022, procesado con Redatam 7"
067562710,71,Boulogne Sur Mer,864,6.12,1770848,contiene,"OpenStreetMap, relaciones administrativas de localidad (no es fuente oficial)","INDEC, Censo Nacional de Poblacion, Hogares y Viviendas 2022, procesado con Redatam 7"
067562711,71,Boulogne Sur Mer,459,1.14,1770848,contiene,"OpenStreetMap, relaciones administrativas de localidad (no es fuente oficial)","INDEC, Censo Nacional de Poblacion, Hogares y Viviendas 2022, procesado con Redatam 7"
067562712,71,Boulogne Sur Mer,1398,4.14,1770848,contiene,"OpenStreetMap, relaciones administrativas de localidad (no es fuente oficial)","INDEC, Censo Nacional de Poblacion, Hogares y Viviendas 2022, procesado con Redatam 7"
067562713,71,Boulogne Sur Mer,952,11.44,1770848,contiene,"OpenStreetMap, relaciones administrativas de localidad (no es fuente oficial)","INDEC, Censo Nacional de Poblacion, Hogares y Viviendas 2022, procesado con Redatam 7"
067562714,71,Boulogne Sur Mer,794,1.39,1770848,contiene,"OpenStreetMap, relaciones administrativas de localidad (no es fuente oficial)","INDEC, Censo Nacional de Poblacion, Hogares y Viviendas 2022, procesado con Redatam 7"
067562801,80,Beccar,742,5.51,1770851,contiene,"OpenStreetMap, relaciones administrativas de localidad (no es fuente oficial)","INDEC, Censo Nacional de Poblacion, Hogares y Viviendas 2022, procesado con Redatam 7"
067562802,80,Beccar,596,0.42,1770851,contiene,"OpenStreetMap, relaciones administrativas de localidad (no es fuente oficial)","INDEC, Censo Nacional de Poblacion, Hogares y Viviendas 2022, procesado con Redatam 7"
067562803,80,Beccar,707,1.44,1770851,contiene,"OpenStreetMap, relaciones administrativas de localidad (no es fuente oficial)","INDEC, Censo Nacional de Poblacion, Hogares y Viviendas 2022, procesado con Redatam 7"
067562804,80,Beccar,665,2.52,1770851,contiene,"OpenStreetMap, relaciones administrativas de localidad (no es fuente oficial)","INDEC, Censo Nacional de Poblacion, Hogares y Viviendas 2022, procesado con Redatam 7"
067562805,80,Beccar,993,3.93,1770851,contiene,"OpenStreetMap, relaciones administrativas de localidad (no es fuente oficial)","INDEC, Censo Nacional de Poblacion, Hogares y Viviendas 2022, procesado con Redatam 7"
067562806,80,Beccar,594,0.82,1770851,contiene,"OpenStreetMap, relaciones administrativas de localidad (no es fuente oficial)","INDEC, Censo Nacional de Poblacion, Hogares y Viviendas 2022, procesado con Redatam 7"
067562807,80,Beccar,469,1.81,1770851,contiene,"OpenStreetMap, relaciones administrativas de localidad (no es fuente oficial)","INDEC, Censo Nacional de Poblacion, Hogares y Viviendas 2022, procesado con Redatam 7"
067562808,80,Beccar,1087,2.42,1770851,contiene,"OpenStreetMap, relaciones administrativas de localidad (no es fuente oficial)","INDEC, Censo Nacional de Poblacion, Hogares y Viviendas 2022, procesado con Redatam 7"
067562809,80,Beccar,621,1.32,1770851,contiene,"OpenStreetMap, relaciones administrativas de localidad (no es fuente oficial)","INDEC, Censo Nacional de Poblacion, Hogares y Viviendas 2022, procesado con Redatam 7"
067562810,81,Beccar,543,8.4,1770851,contiene,"OpenStreetMap, relaciones administrativas de localidad (no es fuente oficial)","INDEC, Censo Nacional de Poblacion, Hogares y Viviendas 2022, procesado con Redatam 7"
067562901,90,Martinez,922,0.83,1770849,contiene,"OpenStreetMap, relaciones administrativas de localidad (no es fuente oficial)","INDEC, Censo Nacional de Poblacion, Hogares y Viviendas 2022, procesado con Redatam 7"
067562902,90,Martinez,912,0.0,1770849,contiene,"OpenStreetMap, relaciones administrativas de localidad (no es fuente oficial)","INDEC, Censo Nacional de Poblacion, Hogares y Viviendas 2022, procesado con Redatam 7"
067562903,90,Martinez,742,1.03,1770849,contiene,"OpenStreetMap, relaciones administrativas de localidad (no es fuente oficial)","INDEC, Censo Nacional de Poblacion, Hogares y Viviendas 2022, procesado con Redatam 7"
067562904,90,Martinez,1055,1.59,1770849,contiene,"OpenStreetMap, relaciones administrativas de localidad (no es fuente oficial)","INDEC, Censo Nacional de Poblacion, Hogares y Viviendas 2022, procesado con Redatam 7"
067562905,90,Martinez,903,0.62,1770849,contiene,"OpenStreetMap, relaciones administrativas de localidad (no es fuente oficial)","INDEC, Censo Nacional de Poblacion, Hogares y Viviendas 2022, procesado con Redatam 7"
067562906,90,Martinez,861,0.61,1770849,contiene,"OpenStreetMap, relaciones administrativas de localidad (no es fuente oficial)","INDEC, Censo Nacional de Poblacion, Hogares y Viviendas 2022, procesado con Redatam 7"
067562907,90,Martinez,652,0.4,1770849,contiene,"OpenStreetMap, relaciones administrativas de localidad (no es fuente oficial)","INDEC, Censo Nacional de Poblacion, Hogares y Viviendas 2022, procesado con Redatam 7"
067562908,90,Martinez,823,0.95,1770849,contiene,"OpenStreetMap, relaciones administrativas de localidad (no es fuente oficial)","INDEC, Censo Nacional de Poblacion, Hogares y Viviendas 2022, procesado con Redatam 7"
067563001,00,San Isidro,623,0.85,1877221,contiene,"OpenStreetMap, relaciones administrativas de localidad (no es fuente oficial)","INDEC, Censo Nacional de Poblacion, Hogares y Viviendas 2022, procesado con Redatam 7"
067563002,00,San Isidro,619,0.64,1877221,contiene,"OpenStreetMap, relaciones administrativas de localidad (no es fuente oficial)","INDEC, Censo Nacional de Poblacion, Hogares y Viviendas 2022, procesado con Redatam 7"
067563003,00,San Isidro,305,0.0,1877221,contiene,"OpenStreetMap, relaciones administrativas de localidad (no es fuente oficial)","INDEC, Censo Nacional de Poblacion, Hogares y Viviendas 2022, procesado con Redatam 7"
067563004,00,San Isidro,508,0.69,1877221,contiene,"OpenStreetMap, relaciones administrativas de localidad (no es fuente oficial)","INDEC, Censo Nacional de Poblacion, Hogares y Viviendas 2022, procesado con Redatam 7"
067563005,00,San Isidro,494,0.38,1877221,contiene,"OpenStreetMap, relaciones administrativas de localidad (no es fuente oficial)","INDEC, Censo Nacional de Poblacion, Hogares y Viviendas 2022, procesado con Redatam 7"
067563006,00,San Isidro,450,0.88,1877221,contiene,"OpenStreetMap, relaciones administrativas de localidad (no es fuente oficial)","INDEC, Censo Nacional de Poblacion, Hogares y Viviendas 2022, procesado con Redatam 7"
067563007,00,San Isidro,346,1.09,1877221,contiene,"OpenStreetMap, relaciones administrativas de localidad (no es fuente oficial)","INDEC, Censo Nacional de Poblacion, Hogares y Viviendas 2022, procesado con Redatam 7"
067563008,00,San Isidro,544,2.06,1877221,contiene,"OpenStreetMap, relaciones administrativas de localidad (no es fuente oficial)","INDEC, Censo Nacional de Poblacion, Hogares y Viviendas 2022, procesado con Redatam 7"
067563009,00,San Isidro,759,0.38,1877221,contiene,"OpenStreetMap, relaciones administrativas de localidad (no es fuente oficial)","INDEC, Censo Nacional de Poblacion, Hogares y Viviendas 2022, procesado con Redatam 7"
067563101,10,Beccar,643,2.17,1770851,contiene,"OpenStreetMap, relaciones administrativas de localidad (no es fuente oficial)","INDEC, Censo Nacional de Poblacion, Hogares y Viviendas 2022, procesado con Redatam 7"
067563102,10,Beccar,667,2.18,1770851,contiene,"OpenStreetMap, relaciones administrativas de localidad (no es fuente oficial)","INDEC, Censo Nacional de Poblacion, Hogares y Viviendas 2022, procesado con Redatam 7"
067563103,10,Beccar,1603,3.31,1770851,contiene,"OpenStreetMap, relaciones administrativas de localidad (no es fuente oficial)","INDEC, Censo Nacional de Poblacion, Hogares y Viviendas 2022, procesado con Redatam 7"
067563104,10,Beccar,622,0.36,1770851,contiene,"OpenStreetMap, relaciones administrativas de localidad (no es fuente oficial)","INDEC, Censo Nacional de Poblacion, Hogares y Viviendas 2022, procesado con Redatam 7"
067563105,10,Beccar,657,2.72,1770851,contiene,"OpenStreetMap, relaciones administrativas de localidad (no es fuente oficial)","INDEC, Censo Nacional de Poblacion, Hogares y Viviendas 2022, procesado con Redatam 7"
067563106,10,Beccar,972,1.49,1770851,contiene,"OpenStreetMap, relaciones administrativas de localidad (no es fuente oficial)","INDEC, Censo Nacional de Poblacion, Hogares y Viviendas 2022, procesado con Redatam 7"
067563107,10,Beccar,1078,3.58,1770851,contiene,"OpenStreetMap, relaciones administrativas de localidad (no es fuente oficial)","INDEC, Censo Nacional de Poblacion, Hogares y Viviendas 2022, procesado con Redatam 7"
067563108,10,Beccar,1095,6.19,1770851,contiene,"OpenStreetMap, relaciones administrativas de localidad (no es fuente oficial)","INDEC, Censo Nacional de Poblacion, Hogares y Viviendas 2022, procesado con Redatam 7"
067563109,10,Beccar,1070,5.86,1770851,contiene,"OpenStreetMap, relaciones administrativas de localidad (no es fuente oficial)","INDEC, Censo Nacional de Poblacion, Hogares y Viviendas 2022, procesado con Redatam 7"
067563201,20,Beccar,1024,3.23,1770851,contiene,"OpenStreetMap, relaciones administrativas de localidad (no es fuente oficial)","INDEC, Censo Nacional de Poblacion, Hogares y Viviendas 2022, procesado con Redatam 7"
067563202,20,Beccar,623,13.11,1770851,contiene,"OpenStreetMap, relaciones administrativas de localidad (no es fuente oficial)","INDEC, Censo Nacional de Poblacion, Hogares y Viviendas 2022, procesado con Redatam 7"
067563203,20,Beccar,1047,10.79,1770851,contiene,"OpenStreetMap, relaciones administrativas de localidad (no es fuente oficial)","INDEC, Censo Nacional de Poblacion, Hogares y Viviendas 2022, procesado con Redatam 7"
067563204,20,Beccar,936,26.57,1770851,contiene,"OpenStreetMap, relaciones administrativas de localidad (no es fuente oficial)","INDEC, Censo Nacional de Poblacion, Hogares y Viviendas 2022, procesado con Redatam 7"
067563205,20,Beccar,567,15.38,1770851,contiene,"OpenStreetMap, relaciones administrativas de localidad (no es fuente oficial)","INDEC, Censo Nacional de Poblacion, Hogares y Viviendas 2022, procesado con Redatam 7"
067563206,20,Beccar,1176,13.57,1770851,contiene,"OpenStreetMap, relaciones administrativas de localidad (no es fuente oficial)","INDEC, Censo Nacional de Poblacion, Hogares y Viviendas 2022, procesado con Redatam 7"
067563207,20,Beccar,1135,12.72,1770851,contiene,"OpenStreetMap, relaciones administrativas de localidad (no es fuente oficial)","INDEC, Censo Nacional de Poblacion, Hogares y Viviendas 2022, procesado con Redatam 7"
067563208,20,Beccar,1097,10.77,1770851,contiene,"OpenStreetMap, relaciones administrativas de localidad (no es fuente oficial)","INDEC, Censo Nacional de Poblacion, Hogares y Viviendas 2022, procesado con Redatam 7"
067563209,20,Beccar,1271,12.87,1770851,contiene,"OpenStreetMap, relaciones administrativas de localidad (no es fuente oficial)","INDEC, Censo Nacional de Poblacion, Hogares y Viviendas 2022, procesado con Redatam 7"
067563210,21,Beccar,1237,6.37,1770851,contiene,"OpenStreetMap, relaciones administrativas de localidad (no es fuente oficial)","INDEC, Censo Nacional de Poblacion, Hogares y Viviendas 2022, procesado con Redatam 7"
067563211,21,Beccar,897,17.19,1770851,contiene,"OpenStreetMap, relaciones administrativas de localidad (no es fuente oficial)","INDEC, Censo Nacional de Poblacion, Hogares y Viviendas 2022, procesado con Redatam 7"
067563301,30,San Isidro,553,0.35,1877221,contiene,"OpenStreetMap, relaciones administrativas de localidad (no es fuente oficial)","INDEC, Censo Nacional de Poblacion, Hogares y Viviendas 2022, procesado con Redatam 7"
067563302,30,San Isidro,653,0.0,1877221,contiene,"OpenStreetMap, relaciones administrativas de localidad (no es fuente oficial)","INDEC, Censo Nacional de Poblacion, Hogares y Viviendas 2022, procesado con Redatam 7"
067563303,30,San Isidro,1012,1.07,1877221,contiene,"OpenStreetMap, relaciones administrativas de localidad (no es fuente oficial)","INDEC, Censo Nacional de Poblacion, Hogares y Viviendas 2022, procesado con Redatam 7"
067563304,30,San Isidro,790,0.39,1877221,contiene,"OpenStreetMap, relaciones administrativas de localidad (no es fuente oficial)","INDEC, Censo Nacional de Poblacion, Hogares y Viviendas 2022, procesado con Redatam 7"
067563305,30,San Isidro,1095,0.26,1877221,contiene,"OpenStreetMap, relaciones administrativas de localidad (no es fuente oficial)","INDEC, Censo Nacional de Poblacion, Hogares y Viviendas 2022, procesado con Redatam 7"
067563306,30,San Isidro,950,0.31,1877221,contiene,"OpenStreetMap, relaciones administrativas de localidad (no es fuente oficial)","INDEC, Censo Nacional de Poblacion, Hogares y Viviendas 2022, procesado con Redatam 7"
067563307,30,San Isidro,555,1.57,1877221,contiene,"OpenStreetMap, relaciones administrativas de localidad (no es fuente oficial)","INDEC, Censo Nacional de Poblacion, Hogares y Viviendas 2022, procesado con Redatam 7"
067563308,30,San Isidro,854,0.62,1877221,contiene,"OpenStreetMap, relaciones administrativas de localidad (no es fuente oficial)","INDEC, Censo Nacional de Poblacion, Hogares y Viviendas 2022, procesado con Redatam 7"
067563401,40,Boulogne Sur Mer,1104,5.57,1770848,contiene,"OpenStreetMap, relaciones administrativas de localidad (no es fuente oficial)","INDEC, Censo Nacional de Poblacion, Hogares y Viviendas 2022, procesado con Redatam 7"
067563402,40,Boulogne Sur Mer,919,10.14,1770848,contiene,"OpenStreetMap, relaciones administrativas de localidad (no es fuente oficial)","INDEC, Censo Nacional de Poblacion, Hogares y Viviendas 2022, procesado con Redatam 7"
067563403,40,Boulogne Sur Mer,910,3.38,1770848,contiene,"OpenStreetMap, relaciones administrativas de localidad (no es fuente oficial)","INDEC, Censo Nacional de Poblacion, Hogares y Viviendas 2022, procesado con Redatam 7"
067563404,40,Boulogne Sur Mer,959,5.81,1770848,contiene,"OpenStreetMap, relaciones administrativas de localidad (no es fuente oficial)","INDEC, Censo Nacional de Poblacion, Hogares y Viviendas 2022, procesado con Redatam 7"
067563405,40,Boulogne Sur Mer,1128,1.91,1770848,contiene,"OpenStreetMap, relaciones administrativas de localidad (no es fuente oficial)","INDEC, Censo Nacional de Poblacion, Hogares y Viviendas 2022, procesado con Redatam 7"
067563406,40,Boulogne Sur Mer,623,0.42,1770848,contiene,"OpenStreetMap, relaciones administrativas de localidad (no es fuente oficial)","INDEC, Censo Nacional de Poblacion, Hogares y Viviendas 2022, procesado con Redatam 7"
067563407,40,Boulogne Sur Mer,674,5.51,1770848,contiene,"OpenStreetMap, relaciones administrativas de localidad (no es fuente oficial)","INDEC, Censo Nacional de Poblacion, Hogares y Viviendas 2022, procesado con Redatam 7"
067563501,50,Villa Adelina,1393,3.75,1770850,contiene,"OpenStreetMap, relaciones administrativas de localidad (no es fuente oficial)","INDEC, Censo Nacional de Poblacion, Hogares y Viviendas 2022, procesado con Redatam 7"
067563502,50,Villa Adelina,847,1.26,1770850,contiene,"OpenStreetMap, relaciones administrativas de localidad (no es fuente oficial)","INDEC, Censo Nacional de Poblacion, Hogares y Viviendas 2022, procesado con Redatam 7"
067563503,50,Villa Adelina,765,2.48,1770850,contiene,"OpenStreetMap, relaciones administrativas de localidad (no es fuente oficial)","INDEC, Censo Nacional de Poblacion, Hogares y Viviendas 2022, procesado con Redatam 7"
067563504,50,Villa Adelina,843,4.98,1770850,contiene,"OpenStreetMap, relaciones administrativas de localidad (no es fuente oficial)","INDEC, Censo Nacional de Poblacion, Hogares y Viviendas 2022, procesado con Redatam 7"
067563505,50,Boulogne Sur Mer,1078,3.25,1770848,contiene,"OpenStreetMap, relaciones administrativas de localidad (no es fuente oficial)","INDEC, Censo Nacional de Poblacion, Hogares y Viviendas 2022, procesado con Redatam 7"
067563506,50,Villa Adelina,1075,2.59,1770850,contiene,"OpenStreetMap, relaciones administrativas de localidad (no es fuente oficial)","INDEC, Censo Nacional de Poblacion, Hogares y Viviendas 2022, procesado con Redatam 7"
067563507,50,Villa Adelina,779,4.71,1770850,contiene,"OpenStreetMap, relaciones administrativas de localidad (no es fuente oficial)","INDEC, Censo Nacional de Poblacion, Hogares y Viviendas 2022, procesado con Redatam 7"
067563508,50,Villa Adelina,1166,0.93,1770850,contiene,"OpenStreetMap, relaciones administrativas de localidad (no es fuente oficial)","INDEC, Censo Nacional de Poblacion, Hogares y Viviendas 2022, procesado con Redatam 7"
067563509,50,Villa Adelina,648,2.35,1770850,contiene,"OpenStreetMap, relaciones administrativas de localidad (no es fuente oficial)","INDEC, Censo Nacional de Poblacion, Hogares y Viviendas 2022, procesado con Redatam 7"
067563510,51,Villa Adelina,524,3.29,1770850,contiene,"OpenStreetMap, relaciones administrativas de localidad (no es fuente oficial)","INDEC, Censo Nacional de Poblacion, Hogares y Viviendas 2022, procesado con Redatam 7"
